Action,Supplier Part No. / Reference,"BP Material / 
Service Master No.","Part Number 
Extension",Product Type,UOM,BP Short Description,BP Long Description,Supplier Description,Manufacturer Name,Manufacturer Part Number,Alternate Manufacturer Name,"Estimated Purchase 
Quantity
",2021 rates,2020 rates,Delta Price, Delta Price %,FILE SENT TO ELMIRA 2021 rates,APR 2021 PB,2021 Chris,,PN 80%,Desc 80%,MnF PN ,Price Unit,Range Price - Min,Range Price - Max,SLA_Leadtime,Incoterms Key,Incoterms Location,Incoterms Location Country,UNSPSC Code,Delivery Tolerance - Under %,Delivery Tolerance - Over %,Price Valid From,Price Valid to,Scale Pricing Quantity ,Minimum  Order Quantity,Maximum Order Quantity ,Lot Size,Internal Part Number,Export Control Status,Export Control No.,Plant Code,NCM Code,Material Origin,Material Usage,Internal ID,UNSPSC Code Description,Sub-Category,Category,1325
,,,,,,,,,,,,,,,,,,,,,,,,,,,,FCA,,,,,,,,,,,,,,,,,,,,,,,
Change,8,,,Service,EA,"TRAINER,PER DIEM","EXPENSE,PER DIEM:TRAINER","LABOR,FIELD SERVICE:TRAINER,PER DIEM",,,,,314,325,-11,-3.50%,314,325,,,,,,1,,,,FCA,,,71000000,,,20200401,20220131,1,,,,,,,,,,,44100195539,#REF!,#REF!,#REF!,1
Change,9,,,Service,EA,"EXPENSE,TRAVELING:MOB/DEMOB","EXPENSE,TRAVELING:MOBILIZATION/DEMOBILIZATION,TRAINER,WITHIN EUROPE BY AIR","EXPENSE,TRAINING:TRAINER MOBILIZATION/DEMOBILIZATION,WITHIN EUROPE BY AIR",,,,,2796,2655,141,5.04%,2796,2655,,,,,,1,,,,FCA,,,86000000,,,20200401,20220131,1,,,,,,,,,,,4.41E+11,#REF!,#REF!,#REF!,1
Change,10,,,Service,EA,"EXPENSE,TRAVELING:MOB/DEMOB","EXPENSE,TRAVELING:MOBILIZATION/DEMOBILIZATION,TRAINER,OUTSIDE EUROPE BY AIR","EXPENSE,TRAVELING:MOBILIZATION/DEMOBILIZATION,TRAINER,OUTSIDE EUROPE BY AIR",,,,,8635,8635,0,0.00%,8635,8635,,,,,,1,,,,FCA,,,90000000,,,20190531,20210131,1,,,,,,,,,,,4.41E+11,#REF!,#REF!,#REF!,1
Change,26,,,Service,DAY,"EXPENSE:ACCOMMODATION,MEALS,LOCAL TRANSP","EXPENSE:ACCOMMODATION,MEALS,LOCAL TRANSPORT,F/ ONSHORE WORK","EXPENSE:ACCOMMODATION,MEALS,LOCAL TRANSPORT,F/ ONSHORE WORK",,,,,325,325,0,0.00%,325,325,,,,,,1,,,,FCA,,,80000000,,,20210201,20220131,1,,,,,,,,,,,4.41E+11,#REF!,#REF!,#REF!,1
Change,POA1,,,Service,EA,P:3RD PARTY CHARGES,"SERVICE,THIRD PARTY:CHARGE",3RD PARTY CHARGES,,,,,0,0,0,0.00%,0,0,,,,,,1,,,,FCA,,,73152103,,,20190531,20220131,1,,,,,,,,,,,4.41E+11,#REF!,#REF!,#REF!,1
Change,POA2,,,Service,EA,P:EXPENSES,EXPENSE,EXPENSES,,,,,0,0,0,0.00%,0,0,,,,,,1,,,,FCA,,,73152103,,,20190531,20220131,1,,,,,,,,,,,4.41E+11,#REF!,#REF!,#REF!,1
Inactive,49,,,Service,EA,R:INSIGHT ENABLEMENT FEE,EXPENSE:INSIGHT ENABLEMENT FEE,INSIGHT ENABLEMENT FEE,,,,,0,0,0,0.00%,0,0,,,,,,1,1,75000,,FCA,,,23150000,,,20190531,20210131,1,,,,,,,,,,,4.41E+11,#REF!,#REF!,#REF!,1
Change,67,,,Service,MON,"REMOTE MONITORING & DIAGNOSIS, PER UNIT","SERVICE,OIL GAS WELL MONITORING:REMOTE MONITORING AND DIAGNOSIS,PER UNIT","REMOTE MONITORING & DIAGNOSIS, PER UNIT",,,,,3277,3277,0,0.00%,3277,3277,,,,,,1,,,,FCA,,,81000000,,,20210201,20220131,1,,,,,,,,,,,4.41E+11,#REF!,#REF!,#REF!,1
Inactive,68,,,Service,MON,ADDITIONAL UNIT ENABLEMENT FEE,EXPENSE:ADDITIONAL UNIT ENABLEMENT FEE,ADDITIONAL UNIT ENABLEMENT FEE,,,,,0,0,0,0.00%,20257,20257,,,,,,1,,,,FCA,,,81000000,,,20190531,20210131,1,,,,,,,,,,,4.41E+11,#REF!,#REF!,#REF!,1
Change,69,,,Service,MON,PROJECT BTC FLEET MANAGER FEE,"LABOR,ENGINEERING:PROJECT BTC FLEET MANAGER",PROJECT BTC FLEET MANAGER FEE 100PCT,,,,,43098,43098,0,0.00%,43098,43098,,,,,,1,,,,FCA,,,81000000,,,20210201,20220131,1,,,,,,,,,,,4.41E+11,#REF!,#REF!,#REF!,1
Change,70,,,Service,MON,EXPAT SITE TECHNICIAN FEE,"LABOR,FIELD SERVICE:SITE TECHNICIAN,EXPATRIATE",EXPAT SITE TECHNICIAN FEE 100PCT,,,,,44199,44199,0,0.00%,44199,44199,,,,,,1,,,,FCA,,,81000000,,,20210201,20220131,1,,,,,,,,,,,4.41E+11,#REF!,#REF!,#REF!,1
Change,71,,,Service,MON,AZE LOCAL TECHNICIAN FEE,"LABOR,FIELD SERVICE:TECHNICIAN,AZERBAIJAN,LOCAL",AZE LOCAL TECHNICIAN FEE 100PCT,,,,,39337,39337,0,0.00%,39337,39337,,,,,,1,,,,FCA,,,81000000,,,20210201,20220131,1,,,,,,,,,,,4.41E+11,#REF!,#REF!,#REF!,1
Change,72,,,Service,MON,GEO LOCAL TECHNICIAN FEE,"LABOR,FIELD SERVICE:TECHNICIAN,GEORGIA,LOCAL",GEO LOCAL TECHNICIAN FEE 100PCT,,,,,39337,39337,0,0.00%,39337,39337,,,,,,1,,,,FCA,,,81000000,,,20210201,20220131,1,,,,,,,,,,,4.41E+11,#REF!,#REF!,#REF!,1
Change,73,,,Service,MON,LOCAL TRAINEE TECHNICAIN FEE,"LABOR,FIELD SERVICE:TRAINEE TECHNICIAN,GEORGIA,LOCAL",LOCAL TRAINEE TECHNICAIN FEE 100PCT,,,,,14092,14092,0,0.00%,14092,14092,,,,,,1,,,,FCA,,,81000000,,,20210201,20220131,1,,,,,,,,,,,4.41E+11,#REF!,#REF!,#REF!,1
Change,74,,,Service,MON,LOCAL FIELD OFFICE COORDINATOR,"LABOR,FIELD SERVICE:LOCAL FIELD OFFICE COORDINATOR",LOCAL FIELD OFFICE COORDINATOR 100PCT,,,,,6231,6231,0,0.00%,6231,6231,,,,,,1,,,,FCA,,,81000000,,,20210201,20220131,1,,,,,,,,,,,4.41E+11,#REF!,#REF!,#REF!,1
Change,83,,,Service,MON,EXPAT OFFSHORE SITE TECHNICIAN FEE,"LABOR FIELD SERVICE:SITE TECHNICIAN,EXPAT,OFFSHORE","LABOR,EXPAT OFFSHORE SITE TECHNICIAN FEE 100PCT",,,,,44199,44199,0,0.00%,44199,44199,,,,,,1,,,,FCA,,,81000000,,,20210201,20220131,1,,,,,,,,,,,4.41E+12,#REF!,#REF!,#REF!,1
Change,84,,,Service,MON,PROJECT FLEETMANAGER OFFSHORE BASE MNG,"LABOR,ENGINEERING:PROJECT FLEET MANAGER,OFFSHORE,BASE MANAGEMENT FEE,PER UNIT","PROJECT FLEETMANAGER OFFSHORE BASE MANAGEMENT FEE, PER UNIT",,,,,5322,5322,0,0.00%,5322,5322,,,,,,1,,,,FCA,,,81000000,,,20210201,20220131,1,,,,,,,,,,,4.41E+12,#REF!,#REF!,#REF!,1
Change,1046488-3T481,36500890718,,Material,EA,"HOSE,ASSY:1-1/2IN ID","HOSE,ASSEMBLY: 1-1/2IN ID","HOSE:ASSEMBLY,1-1/2IN ID",SOLAR TURBINES,1046488-3T481,,,865.7,876.59,-10.89,-1%,876.59,876.59,865.7,,#N/A,#N/A,,1,,,60,FCA,BELGIUM,,40142000,,,20190601,20220131,1,,,,,,,,,,,4.41E+12,#REF!,#REF!,#REF!,1
Change,1054082-100,11042272,,Material,EA,"STOP:DOOR,3 X 3 X 10IN,SS","STOP:DOOR,3 X 3 X 10IN,SS,7.62 X 7.62 X 25.4MM",STOP:DOOR,SOLAR TURBINES,1054082-100,,,17.14,16.77,0.37,2%,16.77,16.77,17.14,,#N/A,#N/A,,1,,,42,FCA,BELGIUM,,15121516,,,20200401,20220131,1,,,,,,,,,,,4.41E+12,#REF!,#REF!,#REF!,1
Change,1052168-23,10184117,,Material,EA,"TRANSMITTER,PRES:GA,0 TO 800 PSI","TRANSMITTER,PRESSURE: GAUGE,0 TO 800 PSI","TRANSMITTER,PRESSURE:GAGE,0-800PSI RANGE",SOLAR TURBINES,1052168-23,,,1504.66,1546.45,-41.79,-3%,1546.45,1546.45,1504.66,,#N/A,#N/A,,1,,,78,FCA,BELGIUM,,41112410,,,20190601,20220131,1,,,,,,,,,,,4.41E+12,#REF!,#REF!,#REF!,1
Change,1114470-10,36500890492,,Material,EA,"SWTCH,PRESSURE/VACUUM:0 TO 1300 PSI RANG","SWITCH,PRESSURE/VACUUM: 0 TO 1300 PSI RANGE,DPDT,2 POLE","SWITCH,PRESSURE:0-1300PSI RANGE,DPDT",SOLAR TURBINES,1114470-10,,,607.39,624.26,-16.87,-3%,624.26,624.26,607.39,,#N/A,#N/A,,1,,,96,FCA,BELGIUM,,39121506,,,20200401,20220131,1,,,,,,,,,,,4.41E+12,#REF!,#REF!,#REF!,1
Change,85,,,Service,MON,FLEET MANAGER OFFSHORE BASE MNG AIOC,"PROJECT FLEET MANAGER OFFSHORE BASE MANAGEMENT FEE,FOUR UNITS,AIOC","PROJECT FLEET MANAGER OFFSHORE BASE MANAGEMENT FEE,FOUR UNITS,AIOC",,0,,,21288,21288,0,0.00%,21288,21288,,,,,,1,,,,FCA,,,81000000,,,20210201,20220131,1,,,,,,,,,,,4.41E+12,#REF!,#REF!,#REF!,1
Change,86,,,Service,MON,FLEET MANAGER OFFSHORE BASE MNG SD2,"PROJECT FLEET MANAGER OFFSHORE BASE MANAGEMENT FEE,FOUR UNITS,SD2","PROJECT FLEET MANAGER OFFSHORE BASE MANAGEMENT FEE,FOUR UNITS,SD2",,0,,,21288,21288,0,0.00%,21288,21288,,,,,,1,,,,FCA,,,81000000,,,20210201,20220131,1,,,,,,,,,,,4.41E+12,#REF!,#REF!,#REF!,1
Change,1008524,36024173,,Material,EA,"SWTCH,TEMP:70 TO 85 DEG F RANGE,120/240A","SWITCH,TEMPERATURE: 70 TO 85 DEG F RANGE,120/240ACV","SWITCH,TEMPERATURE:70 TO 85DEG F",SOLAR TURBINES,1008524,,,66.1,66.93,-0.83,-1%,66.93,66.93,66.1,,#N/A,#N/A,,1,,,56,FCA,,,39121549,,,20190601,20220131,1,,,,,,,,,,,4.41E+12,#REF!,#REF!,#REF!,1
Change,1010125,10144617,,Material,EA,"SWTCH,KEY:3 POSITION","SWITCH,KEY: 3 POSITION",SWITCH:3 POSITION,SOLAR TURBINES,1010125,,,182.35,184.65,-2.3,-1%,184.65,184.65,182.35,,#N/A,#N/A,,1,,,56,FCA,,,39121500,,,20200401,20220131,1,,,,,,,,,,,4.41E+12,#REF!,#REF!,#REF!,1
Change,1010416,36029138,,Material,EA,"SWTCH:SELCTR,PRINTED W/ HAND/OFF/AUTO,W/","SWITCH: SELECTOR,PRINTED W/ HAND/OFF/AUTO,W/ HOUSING","SWITCH,SELECTOR:HOUSING",CATERPILLAR,1010416,,,273.01,276.45,-3.44,-1%,276.45,276.45,273.01,,#N/A,#N/A,,1,,,77,FCA,,,39121500,,,20190601,20220131,1,,,,,,,,,,,4.41E+12,#REF!,#REF!,#REF!,1
Change,1011114-1,36023941,,Material,EA,ADPTR:ACTR,ADAPTER: ACTUATOR,ADAPTER:,SOLAR TURBINES,1011114-1,,,856.5,867.28,-10.78,-1%,867.28,867.28,856.5,,#N/A,#N/A,,1,,,77,FCA,,,20111600,,,20190601,20220131,1,,,,,,,,,,,4.41E+12,#REF!,#REF!,#REF!,1
Change,1011842-100,10051295,,Material,EA,"RELAY,PROTECTION:3 POLE,3PST","RELAY,PROTECTION: 3 POLE,3PST","RELAY,PROTECTION:MOTOR,F/ TEMPERATURE CO",SOLAR TURBINES,1011842-100,,,424.46,429.79,-5.33,-1%,429.79,429.79,424.46,,#N/A,#N/A,,1,,,70,FCA,,,39121520,,,20190601,20220131,1,,,,,,,,,,,4.41E+12,#REF!,#REF!,#REF!,1
Change,1013121-12,36024609,,Material,EA,"TRANSMITTER,DIFF PRES:COPLANAR,4-20MA OU","TRANSMITTER,DIFFERENTIAL PRESSURE: COPLANAR,4-20MA OUTPUT,-300 TO 300 PSI,FLANGE,10.5-42.4DCV,ALUMINUM,316L STAINLESS STEEL,CABLE ENTRY DETAIL: 1/2IN-14 NPT,COMMUNICATION PROTOCOL: HART,DRAIN MATERIAL: STAINLESS STEEL,FLANGE MATERIAL: STAINLESS STEEL,SUPPLIED WITH: GLASS FILLED TEFLON O-RING,SENSOR FILL FLUID: SILICONE,VENT MATERIAL: STAINLESS STEEL","TRANSMITTER,DIFF PRES:COPLANAR,-300 TO 3",EMERSON,3051CD4A22A1AL4K6Q4Q8,,,1713.59,1761.19,-47.6,-3%,1761.19,1761.19,1713.59,,#N/A,#N/A,,1,,,70,FCA,,,41112410,,,20190601,20220131,1,,,,,,,,,,,4.41E+12,#REF!,#REF!,#REF!,1
Change,1014672-4,36023852,,Material,EA,"PROBE:PROX,VIBRATION,11MM DIA,2M LEAD,SE","PROBE: PROXIMITY,VIBRATION,11MM DIA,2M LEAD,SERIES: 7200","PROBE,PROXIMITY:TYPE 7200,11MM TIP DIA",SOLAR TURBINES,1014672-4,,,667.25,675.64,-8.39,-1%,675.64,675.64,667.25,,#N/A,#N/A,,1,,,70,FCA,,,41111900,,,20190601,20220131,1,,,,,,,,,,,4.41E+12,#REF!,#REF!,#REF!,1
Change,1015213,36024335,,Material,EA,"SWTCH,KEY:2 POSITION","SWITCH,KEY: 2 POSITION",SWITCH:KEY,SOLAR TURBINES,1015213,,,77.47,75.83,1.64,2%,75.83,75.83,77.47,,#N/A,#N/A,,1,,,42,FCA,,,39121500,,,20200401,20220131,1,,,,,,,,,,,4.41E+12,#REF!,#REF!,#REF!,1
Change,1016237,36029147,,Material,EA,"BOLT:3/8IN,UNC,1/2IN,5 PACK","BOLT: 3/8IN,UNC,1/2IN,5 PACK","BOLT:3/8IN DIA,UNC,1/2IN LG,5 PACK",SOLAR TURBINES,1016237,,,15.75,16.19,-0.44,-3%,16.19,16.19,15.75,,#N/A,#N/A,,1,,,56,FCA,,,31161600,,,20200401,20220131,1,,,,,,,,,,,4.41E+12,#REF!,#REF!,#REF!,1
Change,1018003-1,11025469,,Material,EA,"GLASS,SIGHT","GLASS,SIGHT","GAUGE,LVL:SIGHT,FLOW",SOLAR TURBINES,1018003-1,,,312.32,316.25,-3.93,-1%,316.25,316.25,312.32,,#N/A,#N/A,,1,,,63,FCA,,,41112500,,,20190601,20220131,1,,,,,,,,,,,4.41E+12,#REF!,#REF!,#REF!,1
Change,1018270-100,36023892,,Material,EA,REGLTR:TEMP,REGULATOR: TEMPERATURE,REGULATOR:TEMPERATURE,SOLAR TURBINES,1018270-100,,,3904.53,4012.99,-108.46,-3%,4012.99,4012.99,3904.53,,#N/A,#N/A,,1,,,91,FCA,,,39121009,,,20190601,20220131,1,,,,,,,,,,,4.41E+12,#REF!,#REF!,#REF!,1
Change,1020458-3,10131081,,Material,EA,"BOARD,PC:ISOTHERMAL","BOARD,PRINTED CIRCUIT: ISOTHERMAL","BOARD,PRINTED CIRCUIT:ISOTHERMAL,F/ TEMP",SOLAR TURBINES,1020458-3,,,462.25,468.07,-5.82,-1%,468.07,468.07,462.25,,#N/A,#N/A,,1,,,98,FCA,,,32101502,,,20190601,20220131,1,,,,,,,,,,,4.41E+12,#REF!,#REF!,#REF!,1
Change,1022716-1,11042946,,Material,EA,"PROTECTOR,ELEC:SURGE","PROTECTOR,ELECTRICAL: SURGE",FILTER:EMI,SOLAR TURBINES,1022716-1,,,347.62,285.82,61.8,18%,285.82,285.82,347.62,,#N/A,#N/A,,1,,,56,FCA,,,40161500,,,20200401,20220131,1,,,,,,,,,,,4.41E+12,#REF!,#REF!,#REF!,1
Change,1023031-8,11028041,,Material,EA,"PROBE,PROX:AXIAL,3300XL","PROBE,PROXIMITY:AXIAL,3300XL","PROBE,PROXIMITY:AXIAL,3300",SOLAR TURBINES,1023031-8,,,408.32,413.46,-5.14,-1%,413.46,413.46,408.32,,#N/A,#N/A,,1,,,63,FCA,,,41111900,,,20190601,20220131,1,,,,,,,,,,,4.41E+12,#REF!,#REF!,#REF!,1
Change,1023147-1,36023962,,Material,EA,SENSOR:VIBRATION,SENSOR: VIBRATION,SENSOR:VIBRATION,SOLAR TURBINES,1023147-1,,,862.77,873.63,-10.86,-1%,873.63,873.63,862.77,,#N/A,#N/A,,1,,,63,FCA,,,41111900,,,20190601,20220131,1,,,,,,,,,,,4.41E+12,#REF!,#REF!,#REF!,1
Change,1025156-2,36024346,,Material,EA,BASE:RAIL MOUNT ADAPTER,BASE: RAIL MOUNT ADAPTER,BASE:,SOLAR TURBINES,1025156-2,,,22.99,21.47,1.52,7%,21.47,21.47,22.99,,#N/A,#N/A,,1,,,70,FCA,,,23153100,,,20200401,20220131,1,,,,,,,,,,,4.41E+12,#REF!,#REF!,#REF!,1
Change,1025324-1,11027441,,Material,EA,"FLTR,ELMNT:CYLDCL,GAS FUEL","FILTER,ELEMENT: CYLINDRICAL,GAS FUEL","ELEMENT,FILTER:",SOLAR TURBINES,1025324-1,,,63.26,51.77,11.49,18%,51.77,51.77,63.26,,#N/A,#N/A,,1,,,56,FCA,,,40161500,,,20190601,20220131,1,,,,,,,,,,,4.41E+12,#REF!,#REF!,#REF!,1
Change,1025324-2,11027442,,Material,EA,"FLTR,ELMNT:3IN OD","FILTER,ELEMENT: 3IN OD","ELEMENT,FILTER:",SOLAR TURBINES,1025324-2,,,68.28,69.14,-0.86,-1%,69.14,69.14,68.28,,15,#N/A,15,1,,,63,FCA,,,40161500,,,20190601,20220131,1,,,,,,,,,,,4.41E+12,#REF!,#REF!,#REF!,1
Change,1027105-10,11028042,,Material,EA,"VLV,BALL:3/4IN,NPT,HND","VALVE,BALL: 3/4IN,NPT,HAND","VALVE,BALL:3/4IN,HAND OPERATED",SOLAR TURBINES,1027105-10,,,86.28,87.37,-1.09,-1%,87.37,87.37,86.28,,#N/A,#N/A,,1,,,56,FCA,,,40141607,,,20190601,20220131,1,,,,,,,,,,,4.41E+12,#REF!,#REF!,#REF!,1
Change,1027105-18,11028044,,Material,EA,"CPLG,HOSE:QUICK DISCONNECT","COUPLING,HOSE: QUICK DISCONNECT",COUPLING:QUICK DISCONNECT,SOLAR TURBINES,1027105-18,,,492.31,498.51,-6.2,-1%,498.51,498.51,492.31,,#N/A,#N/A,,1,,,56,FCA,,,20121410,,,20190601,20220131,1,,,,,,,,,,,4.41E+12,#REF!,#REF!,#REF!,1
Change,1027105-19,11025250,,Material,EA,"CPLG,HOSE:1/2IN,QUICK DISCONNECT","COUPLING,HOSE: 1/2IN,QUICK DISCONNECT","COUPLER:QUICK DISCONNECT,1/2IN,FEMALE",SOLAR TURBINES,1027105-19,,,198.15,203.66,-5.51,-3%,203.66,203.66,198.15,,#N/A,#N/A,,1,,,77,FCA,,,32101517,,,20190601,20220131,1,,,,,,,,,,,4.41E+12,#REF!,#REF!,#REF!,1
Change,1027105-20,11025251,,Material,EA,"CPLG,HOSE:1/2IN,QUICK DISCONNECT","COUPLING,HOSE: 1/2IN,QUICK DISCONNECT","COUPLER:QUICK DISCONNECT,1/2IN,MALE",SOLAR TURBINES,1027105-20,,,169.54,174.25,-4.71,-3%,174.25,174.25,169.54,,#N/A,#N/A,,1,,,56,FCA,,,32101517,,,20190601,20220131,1,,,,,,,,,,,4.41E+12,#REF!,#REF!,#REF!,1
Change,1027105-21,11025252,,Material,EA,"CASTER:SWVL,6IN DIA,STL","CASTER: SWIVEL,6IN DIA,STEEL","CASTER:SWVL,6IN,STL",SOLAR TURBINES,1027105-21,,,114.23,115.67,-1.44,-1%,115.67,115.67,114.23,,#N/A,#N/A,,1,,,56,FCA,,,31162701,,,20190601,20220131,1,,,,,,,,,,,4.41E+12,#REF!,#REF!,#REF!,1
Change,1027105-22,11025253,,Material,EA,"CASTER:RGD,6IN DIA","CASTER: RIGID,6IN DIA","CASTER:RGD,6IN",SOLAR TURBINES,1027105-22,,,74.24,75.17,-0.93,-1%,75.17,75.17,74.24,,#N/A,#N/A,,1,,,56,FCA,,,31162701,,,20190601,20220131,1,,,,,,,,,,,4.41E+12,#REF!,#REF!,#REF!,1
Change,1027105-23,11028045,,Material,EA,"HOSE,ASSY:CHEM,1/2IN ID,SOLAR TURBINES","HOSE,ASSEMBLY: CHEMICAL,1/2IN ID,SOLAR TURBINES","HOSE:1/2IN DIA,ASSY",CATERPILLAR,1027105-23,,,148.46,150.33,-1.87,-1%,150.33,150.33,148.46,,#N/A,#N/A,,1,,,63,FCA,,,40142000,,,20190601,20220131,1,,,,,,,,,,,4.41E+12,#REF!,#REF!,#REF!,1
Change,1027105-25,11028046,,Material,EA,"HOSE,ASSY:CHEM,3/4IN ID,15FT LG,100PSI W","HOSE,ASSEMBLY: CHEMICAL,3/4IN ID,15FT LG,100PSI WP,SOLAR TURBINES","HOSE:3/4IN,100PSI,ASSY",CATERPILLAR,1027105-25,,,201.29,203.82,-2.53,-1%,203.82,203.82,201.29,,#N/A,#N/A,,1,,,77,FCA,,,40142000,,,20190601,20220131,1,,,,,,,,,,,4.41E+12,#REF!,#REF!,#REF!,1
Change,1027105-31,11046733,,Material,EA,"VLV,BALL:2IN,HND","VALVE,BALL: 2IN,HAND","VALVE,BALL:2IN,HAND OPERATED",SOLAR TURBINES,1027105-31,,,246.9,253.76,-6.86,-3%,253.76,253.76,246.9,,#N/A,#N/A,,1,,,56,FCA,,,40141607,,,20190601,20220131,1,,,,,,,,,,,4.41E+12,#REF!,#REF!,#REF!,1
Change,1027105-4,11028048,,Material,EA,"GAUGE,PRES:DUAL SCALE,0 TO 160PSIG,SOLAR","GAUGE,PRESSURE: DUAL SCALE,0 TO 160PSIG,SOLAR TURBINES","GAUGE,PRESSURE:0-160PSI/0-14BAR",CATERPILLAR,1027105-4,,,104.46,105.77,-1.31,-1%,105.77,105.77,104.46,,#N/A,#N/A,,1,,,56,FCA,,,23151820,,,20190601,20220131,1,,,,,,,,,,,4.41E+12,#REF!,#REF!,#REF!,1
Change,1027105-40,11042216,,Material,EA,"KIT:LOOSE SHIP,WAND WASH,ENGINE CLEANING","KIT: LOOSE SHIP,WAND WASH,ENGINE CLEANING SYSTEM","KIT:WAND WASH,ENGINE CLEANING SYSTEM,LS",SOLAR TURBINES,1027105-40,,,712.9,721.87,-8.97,-1%,721.87,721.87,712.9,,#N/A,#N/A,,1,,,77,FCA,,,23150000,,,20190601,20220131,1,,,,,,,,,,,4.41E+12,#REF!,#REF!,#REF!,1
Change,1027105-9,11025433,,Material,EA,"VLV,BALL:1/2IN,1000PSI WOG,NPT,STAINLESS","VALVE,BALL: 1/2IN,1000PSI WOG,NPT,STAINLESS STEEL GR CF8M BODY,HAND OPERATED","VALVE,BALL:1/2IN,NPT",SOLAR TURBINES,1027105-9,,,59.22,59.97,-0.75,-1%,59.97,59.97,59.22,,#N/A,#N/A,,1,,,84,FCA,,,40141607,,,20190601,20220131,1,,,,,,,,,,,4.41E+12,#REF!,#REF!,#REF!,1
Change,1027338-1,11043441,,Material,EA,"KIT:REP,PILOT SOLENOID VALVE","KIT: REPAIR,PILOT SOLENOID VALVE","KIT:REBUILT,PILOT SOL VLV",SOLAR TURBINES,1027338-1,,,255.67,258.89,-3.22,-1%,258.89,258.89,255.67,,#N/A,#N/A,,1,,,70,FCA,,,23150000,,,20190601,20220131,1,,,,,,,,,,,4.41E+12,#REF!,#REF!,#REF!,1
Change,1027484-101,10051305,,Material,EA,"VLV,SOLENOID:DIR,2WY,PRESSURE RATING: 50","VALVE,SOLENOID: DIRECTIONAL,2-WAY,PRESSURE RATING: 500 PSI","VALVE,SOLENOID:DIRECTIONAL",SOLAR TURBINES,1027484-101,,,1359.76,1397.53,-37.77,-3%,1397.53,1397.53,1359.76,,#N/A,#N/A,,1,,,70,FCA,,,40141605,,,20200401,20220131,1,,,,,,,,,,,4.41E+12,#REF!,#REF!,#REF!,1
Change,1027753,10164855,,Material,EA,"UNION,TUBE:STRGT,3/8IN,MALE FLARE","UNION,TUBE: STRAIGHT,3/8IN,MALE FLARE","UNION,TUBE:STRAIGHT,3/8IN MALE",SOLAR TURBINES,1027753,,,21.04,20.6,0.44,2%,20.6,20.6,21.04,,#N/A,#N/A,,1,,,63,FCA,,,40142600,,,20190601,20220131,1,,,,,,,,,,,4.41E+12,#REF!,#REF!,#REF!,1
Change,1029772-2,36024611,,Material,EA,"VLV,SOLENOID:CNTRL,2-POSITION,2WY,PILOT","VALVE,SOLENOID: CONTROL,2-POSITION,2-WAY,PILOT","VALVE,SOLENOID:2 POSITION,2-WAY",SOLAR TURBINES,1029772-2,,,1893.69,1853.62,40.07,2%,1853.62,1853.62,1893.69,,#N/A,#N/A,,1,,,91,FCA,,,40141605,,,20200401,20220131,1,,,,,,,,,,,4.41E+12,#REF!,#REF!,#REF!,1
Change,1030794-12,11042217,,Material,EA,"VALVE,CHK:3/8IN,2PSIG","VALVE,CHECK: 3/8IN,2PSIG","VALVE,CHECK:3/8IN,2PSIG",SOLAR TURBINES,1030794-12,,,430.76,421.64,9.12,2%,421.64,421.64,430.76,,#N/A,#N/A,,1,,,84,FCA,,,40141600,,,20200401,20220131,1,,,,,,,,,,,4.41E+12,#REF!,#REF!,#REF!,1
Change,1034549-20,36024543,,Material,EA,"MODULE:DISPLCMNT,PLC,VIBRATION,FIELD PRO","MODULE: DISPLACEMENT,PLC,VIBRATION,FIELD PROXIMITOR INPUT","MODULE,PLC:INPUT,FIELD PROXIMITOR INPUT",SOLAR TURBINES,1034549-20,,,1296.48,1312.8,-16.32,-1%,1312.8,1312.8,1296.48,,46,#N/A,46,1,,,63,FCA,,,32151705,,,20190601,20220131,1,,,,,,,,,,,4.41E+12,#REF!,#REF!,#REF!,1
Change,1034549-21,36024544,,Material,EA,"MODULE:SEISMIC MONITOR,VIBRATION,PLC,INP","MODULE: SEISMIC MONITOR,VIBRATION,PLC,INPUT","MODULE,PLC:SEISMIC INPUT MONITOR",SOLAR TURBINES,1034549-21,,,1296.48,1312.8,-16.32,-1%,1312.8,1312.8,1296.48,,#N/A,#N/A,,1,,,63,FCA,,,32151705,,,20190601,20220131,1,,,,,,,,,,,4.41E+12,#REF!,#REF!,#REF!,1
Change,1034549-42,36024573,,Material,EA,ISOLTR:GALVANIC,ISOLATOR: GALVANIC,ISOLATOR:GALVANIC,BENTLY NEVADA,1034549-42,,,651.96,660.17,-8.21,-1%,660.17,660.17,651.96,,#N/A,#N/A,,1,,,63,FCA,,,32100000,,,20190601,20220131,1,,,,,,,,,,,4.41E+12,#REF!,#REF!,#REF!,1
Change,1034549-80,11045136,,Material,EA,"MODULE:INPUT/OUTPUT,EXT","MODULE: INPUT/OUTPUT,EXTERNAL","TRANSDUCER:ACCELERATION SENSOR,PROXIMITR",BENTLY NEVADA,170180-01-05,,,478.37,491.66,-13.29,-3%,491.66,491.66,478.37,,2,#N/A,2,1,,,63,FCA,,,41112100,,,20190601,20220131,1,,,,,,,,,,,4.41E+12,#REF!,#REF!,#REF!,1
Change,1034549-81,36024545,,Material,EA,"MODULE:PLC,VELOCITY CONTROL,INPUT/OUTPUT","MODULE: PLC,VELOCITY CONTROL,INPUT/OUTPUT","MODULE,PLC:VELOCITY CONTROL",BENTLY NEVADA,170180-02-05,,,478.37,491.66,-13.29,-3%,491.66,491.66,478.37,,#N/A,#N/A,,1,,,63,FCA,,,32151705,,,20190601,20220131,1,,,,,,,,,,,4.41E+12,#REF!,#REF!,#REF!,1
Change,1036679-1,36023964,,Material,EA,"SWTCH,PRESSURE/VACUUM:DIFF,EX-PRF ENCLOS","SWITCH,PRESSURE/VACUUM: DIFFERENTIAL,EXPLOSION PROOF ENCLOSURE,DELTA P",SWITCH:EXPLOSION PROOF,SOLAR TURBINES,1036679-1,,,542.56,549.39,-6.83,-1%,549.39,549.39,542.56,,#N/A,#N/A,,1,,,56,FCA,,,39121500,,,20190601,20220131,1,,,,,,,,,,,4.41E+12,#REF!,#REF!,#REF!,1
Change,1037351-100,36024337,,Material,EA,SHIELD:FARADAY,SHIELD: FARADAY,ADAPTER:SHIELDED,SOLAR TURBINES,1037351-100,,,58.52,59.26,-0.74,-1%,59.26,59.26,58.52,,#N/A,#N/A,,1,,,42,FCA,,,20111600,,,20190601,20220131,1,,,,,,,,,,,4.41E+12,#REF!,#REF!,#REF!,1
Change,1037996-51,36024603,,Material,EA,"PUMP,CENTFGL","PUMP,CENTRIFUGAL",PUMP:,SOLAR TURBINES,1037996-51,,,17872.16,18368.61,-496.45,-3%,18368.61,18368.61,17872.16,,#N/A,#N/A,,1,,,98,FCA,,,40151500,,,20190601,20220131,1,,,,,,,,,,,4.41E+12,#REF!,#REF!,#REF!,1
Change,1039135-3,36024374,,Material,EA,REACTOR:LINE,REACTOR: LINE,REACTOR:LINE,SOLAR TURBINES,1039135-3,,,833.61,2182.59,-1348.98,-162%,2182.59,2182.59,833.61,,#N/A,#N/A,,1,,,63,FCA,,,39120000,,,20200401,20220131,1,,,,,,,,,,,4.41E+12,#REF!,#REF!,#REF!,1
Change,1039135-4,36024295,,Material,EA,REACTOR:LINE,REACTOR: LINE,REACTOR:LINE,SOLAR TURBINES,1039135-4,,,393.29,623.6,-230.31,-59%,623.6,623.6,393.29,,#N/A,#N/A,,1,,,63,FCA,,,39120000,,,20200401,20220131,1,,,,,,,,,,,4.41E+12,#REF!,#REF!,#REF!,1
Change,1041333-1,36024624,,Material,EA,"FLTR,ELMNT:AIR/FUEL GAS","FILTER,ELEMENT: AIR/FUEL GAS","ELEMENT,FILTER:FUEL GAS",SOLAR TURBINES,1041333-1,,,55.01,55.7,-0.69,-1%,55.7,55.7,55.01,,#N/A,#N/A,,1,,,63,FCA,,,40161500,,,20190601,20220131,1,,,,,,,,,,,4.41E+12,#REF!,#REF!,#REF!,1
Change,1042658,11043788,,Material,EA,"CLAMP:T-BOLT/V BAND,6-5/8IN DIA,3 SEGMEN","CLAMP: T-BOLT/V BAND,6-5/8IN DIA,3 SEGMENT","CLAMP:V BAND,6.625IN DIA",SOLAR TURBINES,1042658,,,116.08,122.37,-6.29,-5%,122.37,122.37,116.08,,#N/A,#N/A,,1,,,63,FCA,,,31162900,,,20190601,20220131,1,,,,,,,,,,,4.41E+12,#REF!,#REF!,#REF!,1
Change,1046415-2,36024354,,Material,EA,CHASSIS:7 SLOT,CHASSIS: 7 SLOT,CHASSIS:7 SLOT,SOLAR TURBINES,1046415-2,,,603.1,516.72,86.38,14%,516.72,516.72,603.1013917,,#N/A,#N/A,,1,,,56,FCA,,,25180000,,,20200401,20220131,1,,,,,,,,,,,4.41E+12,#REF!,#REF!,#REF!,1
Change,1046415-28,36024340,,Material,EA,"CABLE,DATA/COMM:CONTROLNET,Y-TAP","CABLE,DATA/COMMUNICATION: CONTROLNET,Y-TAP",ADAPTER:,SOLAR TURBINES,1046415-28,,,132.98,126.68,6.3,5%,126.68,126.68,132.98,,#N/A,#N/A,,1,,,42,FCA,,,20111600,,,20200401,20220131,1,,,,,,,,,,,4.41E+12,#REF!,#REF!,#REF!,1
Change,1046415-43,36024315,,Material,EA,"BATTRY,DRY CELL:LITHIUM,3.6V","BATTERY,DRY CELL: LITHIUM,3.6V",BATTERY:,SOLAR TURBINES,1046415-43,,,123.26,112.77,10.49,9%,112.77,112.77,123.26,,#N/A,#N/A,,1,,,49,FCA,,,26111700,,,20200401,20220131,1,,,,,,,,,,,4.41E+12,#REF!,#REF!,#REF!,1
Change,1046415-57,10138553,,Material,EA,"POWER SUPPLY:CONTROL LOGIX,24VDC OUTPUT","POWER SUPPLY: CONTROL LOGIX,24VDC OUTPUT,F/ MODEL FA75A LPBC GAS TURBINE   DRIVER","POWER SUPPLY:CONTROL LOGIX,24VDC OUTPUT,",SOLAR TURBINES,104641557,,,1127.48,1133.46,-5.98,-1%,1133.46,1133.46,1127.475149,,#N/A,#N/A,,1,,,56,FCA,,,39121004,,,20200401,20220131,1,,,,,,,,,,,4.41E+12,#REF!,#REF!,#REF!,1
Change,1046415-60,10064965,,Material,EA,"BATTRY,DRY CELL:LITHIUM,3V","BATTERY,DRY CELL: LITHIUM,3V",BATTERY:F/ LOGIX PROCESSOR,SOLAR TURBINES,1046415-60,,,101.37,92.6,8.77,9%,92.6,92.6,101.37,,#N/A,#N/A,,1,,,49,FCA,,,26111700,,,20200401,20220131,1,,,,,,,,,,,4.41E+12,#REF!,#REF!,#REF!,1
Change,1046415-7,11028050,,Material,EA,POWER SUPPLY:24VDC,POWER SUPPLY: 24VDC,POWER SUPPLY:24VDC,SOLAR TURBINES,10464157,,,924.43,925.1,-0.67,0%,925.1,925.1,924.43,,#N/A,#N/A,,1,,,70,FCA,,,39121004,,,20200401,20220131,1,,,,,,,,,,,4.41E+12,#REF!,#REF!,#REF!,1
Change,1049631-301,36024279,,Material,EA,"HOIST:CHN,3TON,BEAM TROLLEY MOUNTED","HOIST: CHAIN,3TON,BEAM TROLLEY MOUNTED","HOIST:CHN,3TON",SOLAR TURBINES,1049631-301,,,8886.49,9133.34,-246.85,-3%,9133.34,9133.34,8886.49,,#N/A,#N/A,,1,,,0,FCA,,,24101602,,,20190601,20220131,1,,,,,,,,,,,4.41E+12,#REF!,#REF!,#REF!,1
Change,1049946-1,36024621,,Material,EA,"PUMP,RTRY:GEAR,OPERATION: HYDRAULIC","PUMP,ROTARY: GEAR,OPERATION: HYDRAULIC",PUMP:HYDRAULICALLY ACTUATED,SOLAR TURBINES,1049946-1,,,1119.55,1133.64,-14.09,-1%,1133.64,1133.64,1119.55,,#N/A,#N/A,,1,,,91,FCA,,,40151500,,,20190601,20220131,1,,,,,,,,,,,4.41E+12,#REF!,#REF!,#REF!,1
Change,1050143-100,36024622,,Material,EA,"KIT,SEAL:AUXILIARY PUMP","KIT,SEAL: AUXILIARY PUMP","KIT,SEAL:AUXILIARY PUMP",SOLAR TURBINES,1050143-100,,,1749,1528.81,220.19,13%,1528.81,1528.81,1749,,#N/A,#N/A,,1,,,119,FCA,,,31181600,,,20190601,20220131,1,,,,,,,,,,,4.41E+12,#REF!,#REF!,#REF!,1
Change,1051931-2,11046038,,Material,EA,"MODULE:FLEXIBLE ANALOG INPUT/OUTPUT,24VD","MODULE: FLEXIBLE ANALOG INPUT/OUTPUT,24VDC,OUTPUT,ANALOG,4 CHANNEL,SGL ENDED,NON-ISOLATED","MODULE:24VDC,OUTPUT,ANALOG,4 CHANNEL,SGL",ALLEN BRADLEY,1794-OE4,,,884.14,875.1,9.04,1%,875.1,875.1,884.1351889,,#N/A,#N/A,,1,,,56,FCA,,,32151802,,,20200401,20220131,1,,,,,,,,,,,4.41E+12,#REF!,#REF!,#REF!,1
Change,1051931-69,36023956,,Material,EA,"BOARD,TERM:TEMP MODULE,120VDC,SPRING CLA","BOARD,TERMINAL: TEMP MODULE,120VDC,SPRING CLAMP,BASE,FLEX","BOARD,TERMINAL:TEMP MODULE,120VDC,SPRING",ALLEN BRADLEY,1051931-69,,,201.11,185.02,16.09,8%,185.02,185.02,201.11,,#N/A,#N/A,,1,,,42,FCA,,,39121103,,,20190601,20220131,1,,,,,,,,,,,4.41E+12,#REF!,#REF!,#REF!,1
Change,1052120-3,36024102,,Material,EA,"TRANSMITTER,DIFF PRES:COPLANAR,4-20MA OU","TRANSMITTER,DIFFERENTIAL PRESSURE: COPLANAR,4-20MA OUTPUT,-1000 TO 1000IN WC,FLANGE,10.5-42.4DCV,ALUMINUM,HASTELLOY C276,LCD,CABLE ENTRY DETAIL: 1/2IN-14 NPT,COMMUNICATION PROTOCOL: HART,DRAIN MATERIAL: HASTELLOY C-276,FLANGE MATERIAL: STAINLESS STEEL,PRESSURE RATING: 0 TO 300IN WC CALIBRATED,SENSOR FILL FLUID: SILICONE,SUPPLIED WITH: GLASS FILLED TEFLON O-RING,VENT MATERIAL: HASTELLOY C-276","TRANSMITTER,DIFF PRES:COPLANAR,-1000 TO",EMERSON,3051CD3A73A1AKDL4M5Q4Q8,,,2105.97,2278.39,-172.42,-8%,2278.39,2278.39,2105.97,,#N/A,#N/A,,1,,,63,FCA,,,41112410,,,20200401,20220131,1,,,,,,,,,,,4.41E+12,#REF!,#REF!,#REF!,1
Change,1052168-4,11027049,,Material,EA,"TRANSMITTER,PRES:0 TO 4000 PSI","TRANSMITTER,PRESSURE: 0 TO 4000 PSI","TRANSMITTER,PRES:0-4000 PSI,F/ 0-1500 PS",SOLAR TURBINES,1052168-4,,,1473.17,1514.09,-40.92,-3%,1514.09,1514.09,1473.17,,#N/A,#N/A,,1,,,63,FCA,,,41112410,,,20190601,20220131,1,,,,,,,,,,,4.41E+12,#REF!,#REF!,#REF!,1
Change,1052344-7,36024343,,Material,EA,RELAY:6A,RELAY: 6A,RELAY:6A,SOLAR TURBINES,1052344-7,,,14.26,14.65,-0.39,-3%,14.65,14.65,14.26,,#N/A,#N/A,,1,,,70,FCA,,,39121500,,,20190601,20220131,1,,,,,,,,,,,4.41E+12,#REF!,#REF!,#REF!,1
Change,1052873-103,36024612,,Material,EA,"KIT:TIMER RELAY,FLASH GAS COMPRESSOR SKI","KIT: TIMER RELAY,FLASH GAS COMPRESSOR SKID,TIME DELAY DROP RELAY","KIT:TIMER RELAY,FLASH GAS COMPRESSOR SKI",SOLAR TURBINES,1052873-103,,,170.07,167.22,2.85,2%,167.22,167.22,170.07,,#N/A,#N/A,,1,,,91,FCA,,,23150000,,,20200401,20220131,1,,,,,,,,,,,4.41E+12,#REF!,#REF!,#REF!,1
Change,1053038-18,36024303,,Material,EA,"ISOLTR:VOLTAGE REPEATER,INTRINSICALLY SA","ISOLATOR: VOLTAGE REPEATER,INTRINSICALLY SAFE",ISOLATOR:,SOLAR TURBINES,1053038-18,,,420.58,455.01,-34.43,-8%,455.01,455.01,420.58,,#N/A,#N/A,,1,,,63,FCA,,,32100000,,,20190601,20220131,1,,,,,,,,,,,4.41E+12,#REF!,#REF!,#REF!,1
Change,1053038-19,10008238,,Material,EA,ISOLTR:POWER FEED MODULE,ISOLATOR: POWER FEED MODULE,"BARRIER,ZENER:ISOLATOR POWER FEED MODULE",SOLAR TURBINES,1053038-19,,,131.85,142.64,-10.79,-8%,142.64,142.64,131.85,,#N/A,#N/A,,1,,,84,FCA,,,32151802,,,20190601,20220131,1,,,,,,,,,,,4.41E+12,#REF!,#REF!,#REF!,1
Change,1053038-28,36024304,,Material,EA,"BARRIER,ZENER:ISOLATOR, RELAY OUTPUT","BARRIER ZENER: ISOLATOR, RELAY OUTPUT",ISOLATOR:OUTPUT RELAY,SOLAR TURBINES,1053038-28,,,299.77,324.32,-24.55,-8%,324.32,324.32,299.77,,#N/A,#N/A,,1,,,70,FCA,,,32100000,,,20190601,20220131,1,,,,,,,,,,,4.41E+12,#REF!,#REF!,#REF!,1
Change,1053834-10,36024595,,Material,EA,MONITOR:BACKUP OVERSPEED CONTROL,MONITOR: BACKUP OVERSPEED CONTROL,"BOARD,PRINTED CIRCUIT:OVERSPEED BACK-UP",SOLAR TURBINES,1053834-10,,,1569.64,1698.15,-128.51,-8%,1698.15,1698.15,1569.64,,#N/A,#N/A,,1,,,91,FCA,,,32101502,,,20190601,20220131,1,,,,,,,,,,,4.41E+12,#REF!,#REF!,#REF!,1
Change,1053834-12,36023959,,Material,EA,"SFTWR:BIOS,TITAN,TYPE 130S","SOFTWARE: BIOS,TITAN,TYPE 130S",SOFTWARE:BIOS,SOLAR TURBINES,1053834-12,,,1569.64,1698.15,-128.51,-8%,1698.15,1698.15,1569.64,,#N/A,2,190242-3,1,,,63,FCA,,,43230000,,,20190601,20220131,1,,,,,,,,,,,4.41E+12,#REF!,#REF!,#REF!,1
Change,1053835-6,36061446,,Material,EA,"MONITOR:OVRSP,4 TO 20MA,DIGITAL BACKUP","MONITOR: OVERSPEED,4 TO 20MA,DIGITAL BACKUP","MONITOR:OVERSPEED,4 TO 20MA",SOLAR TURBINES,1053835-6,,,1500.36,1623.2,-122.84,-8%,1623.2,1623.2,1500.36,,#N/A,#N/A,,1,,,49,FCA,,,41110000,,,20190601,20220131,1,,,,,,,,,,,4.41E+12,#REF!,#REF!,#REF!,1
Change,1053923-123,11045517,,Material,EA,"SWTCH,PRESSURE/VACUUM:3.45 TO 5.2 BARG R","SWITCH,PRESSURE/VACUUM: 3.45 TO 5.2 BARG RANGE","SWITCH,PRESSURE:",SOLAR TURBINES,1053923-123,,,491.32,497.5,-6.18,-1%,497.5,497.5,491.32,,#N/A,#N/A,,1,,,77,FCA,,,39121506,,,20190601,20220131,1,,,,,,,,,,,4.41E+12,#REF!,#REF!,#REF!,1
Change,1053929-16,11042257,,Material,EA,"SWTCH,PRESSURE/VACUUM:DIFF,125V,DPDT,2 P","SWITCH,PRESSURE/VACUUM: DIFFERENTIAL,125V,DPDT,2 POLE,SET POINT: 500 PSI","SWITCH,PRES:DIFF,125V,500PSI,DPDT",SOLAR TURBINES,1053929-16,,,566.35,582.08,-15.73,-3%,582.08,582.08,566.35,,#N/A,#N/A,,1,,,84,FCA,,,39121506,,,20200401,20220131,1,,,,,,,,,,,4.41E+12,#REF!,#REF!,#REF!,1
Change,1053929-6,11025224,,Material,EA,"SWTCH,PRESSURE/VACUUM:DIFF,0 TO 500 PSI","SWITCH,PRESSURE/VACUUM: DIFFERENTIAL,0 TO 500 PSI RANGE,125V,DPDT,2 POLE","SWITCH,PRES:DIFF",SOLAR TURBINES,1053929-6,,,547.41,554.3,-6.89,-1%,554.3,554.3,547.41,,#N/A,#N/A,,1,,,84,FCA,,,39121506,,,20190601,20220131,1,,,,,,,,,,,4.41E+12,#REF!,#REF!,#REF!,1
Change,1053931-7,36024005,,Material,EA,"SWTCH,TEMP:ADJSTBL,220 TO 300 DEG F RANG","SWITCH,TEMPERATURE: ADJUSTABLE,220 TO 300 DEG F RANGE,250V,AMPERAGE: 5A","SWITCH,TEMPERATURE:ADJUSTABLE,250V 5A,22",SOLAR TURBINES,113214-20,,,1162.66,1194.95,-32.29,-3%,1194.95,1194.95,1162.66,,#N/A,#N/A,,1,,,70,FCA,,,39121549,,,20190601,20220131,1,,,,,,,,,,,4.41E+12,#REF!,#REF!,#REF!,1
Change,1054120-401,11031792,,Material,EA,STATION:CNTRL,STATION: CONTROL,"STATION:CNTRL,F/ GT FIRE SYSTEM",SOLAR TURBINES,1054120-401,,,3609.91,3710.18,-100.27,-3%,3710.18,3710.18,3609.91,,#N/A,#N/A,,1,,,63,FCA,,,31162800,,,20190601,20220131,1,,,,,,,,,,,4.41E+12,#REF!,#REF!,#REF!,1
Change,1054734-100,36024223,,Material,EA,LOCK:DOOR,LOCK: DOOR,LOCK:DOOR,SOLAR TURBINES,1054734-100,,,107.1,104.82,2.28,2%,104.82,104.82,107.1,,#N/A,#N/A,,1,,,49,FCA,,,46171501,,,20190601,20220131,1,,,,,,,,,,,4.41E+12,#REF!,#REF!,#REF!,1
Change,1055334,36024360,,Material,EA,STATION:TWIN CONTROL,STATION: TWIN CONTROL,STATION:TWIN CONTROL,SOLAR TURBINES,1055334,,,1177,1209.7,-32.7,-3%,1209.7,1209.7,1177,,#N/A,#N/A,,1,,,63,FCA,,,31162800,,,20200401,20220131,1,,,,,,,,,,,4.41E+12,#REF!,#REF!,#REF!,1
Change,1056113-50,36023868,,Material,EA,"FLTR,BAG:PREFILTER,RECT,AIR","FILTER,BAG: PREFILTER,RECTANGULAR,AIR","ELEMENT,FILTER:PREFILTER",SOLAR TURBINES,1056113-50,,,645.06,653.18,-8.12,-1%,653.18,653.18,645.06,,#N/A,30,1109371-2,1,,,91,FCA,,,40161500,,,20190601,20220131,1,,,,,,,,,,,4.41E+12,#REF!,#REF!,#REF!,1
Change,1056256,36024339,,Material,EA,"SWTCH:3WY,SS,GRADE: 316","SWITCH: 3-WAY,STAINLESS STEEL,GRADE: 316",SWITCH:,SOLAR TURBINES,1056256,,,914.03,925.54,-11.51,-1%,925.54,925.54,914.03,,#N/A,#N/A,,1,,,63,FCA,,,39121500,,,20190601,20220131,1,,,,,,,,,,,4.41E+12,#REF!,#REF!,#REF!,1
Change,1056369-30,10008122,,Material,EA,"KIT:SRVC,FILTER ELEMENT","KIT: SERVICE,FILTER ELEMENT",KIT:ELEMENT,SOLAR TURBINES,1056369-30,,,3354.59,3396.81,-42.22,-1%,3396.81,3396.81,3354.59,,#N/A,#N/A,,1,,,77,FCA,,,23150000,,,20190601,20220131,1,,,,,,,,,,,4.41E+12,#REF!,#REF!,#REF!,1
Change,1057213-3,10051555,,Material,EA,"SWTCH,LEVEL:PRES,VIBRATION,FLAMEPROOF EN","SWITCH,LEVEL: PRESSURE,VIBRATION,FLAMEPROOF ENCLOSURE,CERTIFICATION REFERENCE: ATEX","SWITCH,LEVEL:ATEX,FLAMEPROOF ENCLOSURE E",SOLAR TURBINES,1057213-3,,,1600.31,1620.45,-20.14,-1%,1620.45,1620.45,1600.31,,#N/A,#N/A,,1,,,56,FCA,,,39121531,,,20190601,20220131,1,,,,,,,,,,,4.41E+12,#REF!,#REF!,#REF!,1
Change,1059700-7,36024570,,Material,EA,"VALVE,CHK:3IN","VALVE,CHECK: 3IN","VALVE,CHECK:",SOLAR TURBINES,1059700-7,,,754.24,775.19,-20.95,-3%,775.19,775.19,754.24,,#N/A,#N/A,,1,,,98,FCA,,,40141600,,,20190601,20220131,1,,,,,,,,,,,4.41E+12,#REF!,#REF!,#REF!,1
Change,1059700-8,11046737,,Material,EA,"VLV,CHK:4IN","VALVE,CHECK: 4IN","VALVE,CHECK:4IN",SOLAR TURBINES,1059700-8,,,949.55,961.5,-11.95,-1%,961.5,961.5,949.55,,#N/A,#N/A,,1,,,98,FCA,,,40141600,,,20190601,20220131,1,,,,,,,,,,,4.41E+12,#REF!,#REF!,#REF!,1
Change,1060045-22,36024177,,Material,EA,"CPLG,SHFT:FLEX,CUSHION","COUPLING,SHAFT: FLEXIBLE,CUSHION","COUPLING,SHAFT:FLEXIBLE",SOLAR TURBINES,1060045-22,,,683.02,691.61,-8.59,-1%,691.61,691.61,683.02,,#N/A,#N/A,,1,,,70,FCA,,,31163000,,,20190601,20220131,1,,,,,,,,,,,4.41E+12,#REF!,#REF!,#REF!,1
Change,1060045-6,36024299,,Material,EA,"CPLG,SHFT:CUSHION,FLEX","COUPLING,SHAFT: CUSHION,FLEXIBLE",COUPLING:,SOLAR TURBINES,1060045-6,,,683.02,691.61,-8.59,-1%,691.61,691.61,683.02,,#N/A,#N/A,,1,,,84,FCA,,,20121410,,,20190601,20220131,1,,,,,,,,,,,4.41E+12,#REF!,#REF!,#REF!,1
Change,1060817-20,36023950,,Material,EA,"KIT:SRVC,FLTR","KIT: SERVICE,FILTER","ELEMENT,FILTER:3IN",SOLAR TURBINES,1060817-20,,,206.49,209.08,-2.59,-1%,209.08,209.08,206.49,,#N/A,#N/A,,1,,,56,FCA,,,40161500,,,20190601,20220131,1,,,,,,,,,,,4.41E+12,#REF!,#REF!,#REF!,1
Change,1060817-300,36023888,,Material,EA,"FLTR:GAS FUEL,CS HSG,SIZE: 3IN","FILTER: GAS FUEL,CARBON STEEL HSG,SIZE: 3IN","FILTER,FUEL:GAS,3IN",SOLAR TURBINES,1060817-300,,,2578.07,2610.53,-32.46,-1%,2610.53,2610.53,2578.07,,#N/A,#N/A,,1,,,91,FCA,,,40161513,,,20200401,20220131,1,,,,,,,,,,,4.41E+12,#REF!,#REF!,#REF!,1
Change,1062154-1,36024296,,Material,EA,"PUMP,RTRY:GEAR,HYD,TYPE REFERENCE: TYPE","PUMP,ROTARY: GEAR,HYDRAULIC,TYPE REFERENCE: TYPE V2HCS-1R",PUMP:TYPE V2HCS-1R,SOLAR TURBINES,1062154-1,,,2303.78,2332.78,-29,-1%,2332.78,2332.78,2303.78,,#N/A,#N/A,,1,,,56,FCA,,,40151500,,,20190601,20220131,1,,,,,,,,,,,4.41E+12,#REF!,#REF!,#REF!,1
Delete,1062257-2,36023917,,Material,EA,"VLV,SOLENOID:3/8IN,QUICK EXHAUST","VALVE,SOLENOID: 3/8IN,QUICK EXHAUST",VALVE:QUICK EXHAUST,SOLAR TURBINES,1062257-2,,,#N/A,221.96,#N/A,#N/A,221.96,221.96,#N/A,,#N/A,#N/A,,1,,,70,FCA,,,40141600,,,20190601,20210131,1,,,,,,,,,,,4.41E+12,#REF!,#REF!,#REF!,1
Change,1062883-200,36023912,,Material,EA,"VLV,BALL:ASSY,SS BODY","VALVE,BALL: ASSEMBLY,STAINLESS STEEL BODY",VALVE:SS BODY,SOLAR TURBINES,1062883-200,,,6446.47,6625.53,-179.06,-3%,6625.53,6625.53,6446.47,,#N/A,#N/A,,1,,,126,FCA,,,40141600,,,20190601,20220131,1,,,,,,,,,,,4.41E+12,#REF!,#REF!,#REF!,1
Change,1063384-3,11046738,,Material,EA,"PUMP,RTRY:HYD,SCR,733 GPM CAPACITY,LUBE","PUMP,ROTARY: HYDRAULIC,SCREW,733 GPM CAPACITY,LUBE OIL","PUMP:733GPM CAPACITY,LUBE OIL SERVICE",SOLAR TURBINES,1063384-3,,,32751.11,33660.86,-909.75,-3%,33660.86,33660.86,32751.11,,#N/A,#N/A,,1,,,112,FCA,,,40151500,,,20190601,20220131,1,,,,,,,,,,,4.41E+12,#REF!,#REF!,#REF!,1
Change,1064405-1,11042247,,Material,EA,"REGLTR,PRES:DIFF,POPPET,3/4IN","REGULATOR,PRESSURE: DIFFERENTIAL,POPPET,3/4IN","REGULATOR,PRES:DIFF,3/4IN",SOLAR TURBINES,1064405-1,,,1725.64,1747.37,-21.73,-1%,1747.37,1747.37,1725.64,,#N/A,#N/A,,1,,,84,FCA,,,41112404,,,20190601,20220131,1,,,,,,,,,,,4.41E+12,#REF!,#REF!,#REF!,1
Change,1064469-1,36023859,,Material,EA,"MOTOR,PNEU:AIR","MOTOR,PNEUMATIC: AIR",MOTOR:,SOLAR TURBINES,1064469-1,,,2484.97,2516.26,-31.29,-1%,2516.26,2516.26,2484.97,,#N/A,#N/A,,1,,,112,FCA,,,26101300,,,20190601,20220131,1,,,,,,,,,,,4.41E+12,#REF!,#REF!,#REF!,1
Change,1064721-6,36023919,,Material,EA,"VALVE,BALL:12IN","VALVE,BALL: 12IN","VALVE,BALL:12IN",SOLAR TURBINES,1064721-6,,,285.5,289.09,-3.59,-1%,289.09,289.09,285.5,,#N/A,#N/A,,1,,,105,FCA,,,40141607,,,20190601,20220131,1,,,,,,,,,,,4.41E+12,#REF!,#REF!,#REF!,1
Change,1064721-7,36023920,,Material,EA,"VALVE,BALL:6IN","VALVE,BALL: 6IN","VALVE,BALL:6IN",SOLAR TURBINES,1064721-7,,,68.09,68.95,-0.86,-1%,68.95,68.95,68.09,,#N/A,#N/A,,1,,,91,FCA,,,40141607,,,20190601,20220131,1,,,,,,,,,,,4.41E+12,#REF!,#REF!,#REF!,1
Change,1064728-2,36023923,,Material,EA,"KIT:TRANSFER,VLV","KIT: TRANSFER,VALVE","KIT:TRANSFER,VALVE",SOLAR TURBINES,1064728-2,,,1406.39,1445.45,-39.06,-3%,1445.45,1445.45,1406.39,,#N/A,#N/A,,1,,,98,FCA,,,23150000,,,20190601,20220131,1,,,,,,,,,,,4.41E+12,#REF!,#REF!,#REF!,1
Change,1064728-3,36023949,,Material,EA,"KIT:SRVC,FILTER ELEMENT","KIT: SERVICE,FILTER ELEMENT","ELEMENT,FILTER:",SOLAR TURBINES,1064728-3,,,748.63,758.06,-9.43,-1%,758.06,758.06,748.63,,#N/A,#N/A,,1,,,63,FCA,,,40161500,,,20190601,20220131,1,,,,,,,,,,,4.41E+12,#REF!,#REF!,#REF!,1
Change,1064829-1,36023983,,Material,EA,"TRANSMITTER,LQ LVL:CAPACITANCE","TRANSMITTER,LIQUID LEVEL: CAPACITANCE","TRANSMITTER,LQ LVL:",SOLAR TURBINES,1064829-1,,,2716.59,2750.79,-34.2,-1%,2750.79,2750.79,2716.59,,#N/A,#N/A,,1,,,84,FCA,,,41111938,,,20200401,20220131,1,,,,,,,,,,,4.41E+12,#REF!,#REF!,#REF!,1
Change,1064926-100,11046739,,Material,EA,"KIT:REPLACEMENT,GAS DETECTOR","KIT: REPLACEMENT,GAS DETECTOR","KIT:REPLACEMENT,GAS DETECTOR",SOLAR TURBINES,1064926-100,,,4474.13,4530.45,-56.32,-1%,4530.45,4530.45,4474.13,,#N/A,#N/A,,1,,,70,FCA,,,23150000,,,20200401,20220131,1,,,,,,,,,,,4.41E+12,#REF!,#REF!,#REF!,1
Change,1066076-200,10174971,,Material,EA,"THERMOCOUPLE:PROBE,TYPE SY-T5,K","THERMOCOUPLE: PROBE,TYPE SY-T5,K","THERMOCOUPLE:PROBE,TYPE SY-T5,K",SOLAR TURBINES,1066076200,,,875.34,899.4,-24.06,-3%,899.4,899.4,875.3379722,,#N/A,#N/A,,1,,,70,FCA,,,41112206,,,20190601,20220131,1,,,,,,,,,,,4.41E+12,#REF!,#REF!,#REF!,1
Change,1067284-1,36024372,,Material,EA,"SWTCH,LIMIT:PROX","SWITCH,LIMIT: PROXIMITY","SWITCH,PROXIMITY:TYPE 1067284-1",SOLAR TURBINES,1067284-1,,,224.16,226.99,-2.83,-1%,226.99,226.99,224.16,,#N/A,#N/A,,1,,,56,FCA,,,39121550,,,20190601,20220131,1,,,,,,,,,,,4.41E+12,#REF!,#REF!,#REF!,1
Change,1068334,11045700,,Material,EA,"KEYBOARD:87,USB TRAVEL,ULT","KEYBOARD: 87,USB TRAVEL,ULT","KEYBOARD:87,USB TRAVEL,ULT",SOLAR TURBINES,1068334,,,404.46,409.54,-5.08,-1%,409.54,409.54,404.46,,#N/A,#N/A,,1,,,49,FCA,,,43211700,,,20190601,20220131,1,,,,,,,,,,,4.41E+12,#REF!,#REF!,#REF!,1
Change,1070601-1,36024513,,Material,EA,"TRANSMITTER,PRES:DYNAMIC","TRANSMITTER,PRESSURE: DYNAMIC","MODULE:SIGNAL CONDITIONER,10 TO 100HZ",SOLAR TURBINES,1070601-1,,,1827.18,1850.19,-23.01,-1%,1850.19,1850.19,1827.18,,#N/A,#N/A,,1,,,63,FCA,,,32151802,,,20190601,20220131,1,,,,,,,,,,,4.41E+12,#REF!,#REF!,#REF!,1
Change,1070601-2,36024514,,Material,EA,"TRANSMITTER,PRES:DYNAMIC,BAM 2","TRANSMITTER,PRESSURE: DYNAMIC,BAM 2","MODULE:SIGNAL CONDITIONER,100 TO 1KHZ",SOLAR TURBINES,1070601-2,,,2378.93,1850.19,528.74,22%,1850.19,1850.19,2378.93,,#N/A,#N/A,,1,,,63,FCA,,,32151802,,,20190601,20220131,1,,,,,,,,,,,4.41E+12,#REF!,#REF!,#REF!,1
Change,1071327-1,36024515,,Material,EA,TRANSDUCER:PRES,TRANSDUCER: PRESSURE,SENSOR:DYNAMIC PRESSURE,SOLAR TURBINES,1071327-1,,,3739.95,3843.84,-103.89,-3%,3843.84,3843.84,3739.95,,#N/A,#N/A,,1,,,91,FCA,,,41111900,,,20190601,20220131,1,,,,,,,,,,,4.41E+12,#REF!,#REF!,#REF!,1
Change,1071653-600,36023996,,Material,EA,"MONITOR:BACKUP,12909HZ,BUOS REPLACEMENT","MONITOR: BACKUP,12909HZ,BUOS REPLACEMENT","MONITOR:BACKUP,12909HZ",SOLAR TURBINES,1071653-600,,,1804.15,1798.1,6.05,0%,1798.1,1798.1,1804.15,,#N/A,#N/A,,1,,,98,FCA,,,41110000,,,20200401,20220131,1,,,,,,,,,,,4.41E+12,#REF!,#REF!,#REF!,1
Change,1078159-1,10174305,,Material,EA,"GSKT:23.35IN ID,30.48IN OD,NON ROUND,VIT","GASKET: 23.35IN ID,30.48IN OD,NON ROUND,VITON",GASKET:,SOLAR TURBINES,1078159-1,,,333.37,342.63,-9.26,-3%,342.63,342.63,333.37,,#N/A,#N/A,,1,,,84,FCA,,,31181500,,,20190601,20220131,1,,,,,,,,,,,4.41E+12,#REF!,#REF!,#REF!,1
Change,1078325-2,36024115,,Material,EA,"DETECTOR:GAS,INFRARED,HYDROCARBON,0 TO 1","DETECTOR: GAS,INFRARED,HYDROCARBON,0 TO 100PCT LFL,24DCV,IP66,DET-TRONICS,AMPERAGE: 4 TO 20MA,MATERIAL: STAINLESS STEEL,TEMPERATURERATING: -40 TO 75 DEG C","DETECTOR:GAS,DETTRONICS,HYDROCARBON,0 TO",SOLAR TURBINES,1056106,,,2328.03,2392.7,-64.67,-3%,2392.7,2392.7,2328.03,,#N/A,#N/A,,1,,,56,FCA,,,41111900,,,20190601,20220131,1,,,,,,,,,,,4.41E+12,#REF!,#REF!,#REF!,1
Change,1078325-4,10066301,,Material,EA,"DETECTOR:GAS,INFRARED,AMPERAGE: 4-20MA","DETECTOR: GAS,INFRARED,AMPERAGE: 4-20MA","SENSOR, GAS, FOR SOLAR TURBINES ON PS-",SOLAR TURBINES,1078325-4,,,2841.73,2920.67,-78.94,-3%,2920.67,2920.67,2841.73,,#N/A,#N/A,,1,,,56,FCA,,,41111900,,,20190601,20220131,1,,,,,,,,,,,4.41E+12,#REF!,#REF!,#REF!,1
Change,1083334-100,11042224,,Material,EA,VLV:COMBUSTOR DRAIN,VALVE: COMBUSTOR DRAIN,VALVE:COMBUSTOR DRAIN,SOLAR TURBINES,1083334-100,,,1137.49,1230.62,-93.13,-8%,1230.62,1230.62,1137.49,,#N/A,#N/A,,1,,,112,FCA,,,40141600,,,20200401,20220131,1,,,,,,,,,,,4.41E+12,#REF!,#REF!,#REF!,1
Change,1084530,36024362,,Material,EA,"SWTCH,PUSHBTN:RED,NO-NC","SWITCH,PUSHBUTTON: RED,NO-NC","SWITCH,PUSHBUTTON:",SOLAR TURBINES,1084530,,,397.12,408.15,-11.03,-3%,408.15,408.15,397.12,,#N/A,#N/A,,1,,,70,FCA,,,39121550,,,20200401,20220131,1,,,,,,,,,,,4.41E+12,#REF!,#REF!,#REF!,1
Change,1087368,36024172,,Material,EA,"BREAKER,CIRCUIT:2 POLE,480V,10A,25A,DIN","BREAKER,CIRCUIT: 2 POLE,480V,10A,25A,DIN RAIL MOUNT,ACTION: DPST,CONTROL","BREAKER,CIRCUIT:CONTROL,480V,2P,10A,25AI",SOLAR TURBINES,1087368,,,94.88,97.51,-2.63,-3%,97.51,97.51,94.88,,#N/A,#N/A,,1,,,49,FCA,,,39121601,,,20200401,20220131,1,,,,,,,,,,,4.41E+12,#REF!,#REF!,#REF!,1
Change,1087491-1,36024187,,Material,EA,"FLTR:HIGH PRESSURE,AIR","FILTER: HIGH PRESSURE,AIR","FILTER,AIR:",SOLAR TURBINES,1087491-1,,,356.72,361.2,-4.48,-1%,361.2,361.2,356.72,,#N/A,#N/A,,1,,,49,FCA,,,40161505,,,20190601,20220131,1,,,,,,,,,,,4.41E+12,#REF!,#REF!,#REF!,1
Change,1089616-101,36023945,,Material,EA,"KIT:UPGRADE,TORCH GAS SUPPLY","KIT: UPGRADE,TORCH GAS SUPPLY","VALVE,SOLENOID:",SOLAR TURBINES,1089616-101,,,793.7,799.03,-5.33,-1%,799.03,799.03,793.7,,#N/A,#N/A,,1,,,133,FCA,,,40141605,,,20190601,20220131,1,,,,,,,,,,,4.41E+12,#REF!,#REF!,#REF!,1
Change,1090886-1601,11028002,,Material,EA,"KIT:MAINTENANCE,MECHANICAL DRIVE MARS 10","KIT: MAINTENANCE,MECHANICAL DRIVE MARS 100,FILTER ELEMENT,CONSISTS OF FILTER ELEMENT,LUBE OIL","KIT:FLTR ELMNT,LUBE OIL",SOLAR TURBINES,1090886-1601,,,733.19,502.37,230.82,31%,502.37,502.37,733.19,,#N/A,#N/A,,1,,,70,FCA,,,23150000,,,20190601,20220131,1,,,,,,,,,,,4.41E+12,#REF!,#REF!,#REF!,1
Change,1091032-1,11047943,,Material,EA,"FLTR,ELMNT:CYLDCL,OIL,PLEATED","FILTER,ELEMENT: CYLINDRICAL,OIL,PLEATED","ELEMENT,FLTR:LUBE OIL",SOLAR TURBINES,1091032-1,,,164.97,167.04,-2.07,-1%,167.04,167.04,164.97,,#N/A,#N/A,,1,,,105,FCA,,,40161500,,,20190601,20220131,1,,,,,,,,,,,4.41E+12,#REF!,#REF!,#REF!,1
Change,1091784-1100,36024541,,Material,EA,"TRANSMITTER,LQ LVL:CAPACITANCE","TRANSMITTER,LIQUID LEVEL: CAPACITANCE",TRANSMITTER:LEVEL,SOLAR TURBINES,1091784-1100,,,3294.62,3386.14,-91.52,-3%,3386.14,3386.14,3294.62,,#N/A,#N/A,,1,,,56,FCA,,,41110000,,,20200401,20220131,1,,,,,,,,,,,4.41E+12,#REF!,#REF!,#REF!,1
Change,1092039-100,36029135,,Material,EA,SHROUD:FLEXIBLE ABSORBING DUCT,SHROUD: FLEXIBLE ABSORBING DUCT,SHROUD:FLEXIBLE ABSORBING DUCT,SOLAR TURBINES,1092039-100,,,5338.32,5486.61,-148.29,-3%,5486.61,5486.61,5338.32,,#N/A,#N/A,,1,,,98,FCA,,,23150000,,,20190601,20220131,1,,,,,,,,,,,4.41E+12,#REF!,#REF!,#REF!,1
Change,1094098-59,36024143,,Material,EA,"GAUGE,PRES:120MM DIAL,0 TO 2500 PAG,1/2I","GAUGE,PRESSURE: 120MM DIAL,0 TO 2500 PAG,1/2IN NPT,LIQUID FILLED,BACK MOUNT,PLASTIC/STEEL CASE","GAUGE,PRESSURE:0-2500PAG,120MM DIAL,1/2I",ASHCROFT,1094098-59,,,280.81,284.35,-3.54,-1%,284.35,284.35,280.81,,#N/A,#N/A,,1,,,56,FCA,,,23151820,,,20200401,20220131,1,,,,,,,,,,,4.41E+12,#REF!,#REF!,#REF!,1
Change,1094098-7,36024189,,Material,EA,"GAUGE,PRES:103.7MM DIAL,0 TO 1000 PAG,1/","GAUGE,PRESSURE: 103.7MM DIAL,0 TO 1000 PAG,1/2IN NPT,BACK MOUNT,PLASTIC CASE","GAUGE,PRESSURE:0 TO 1000PAG,103.7MM DIAL",ASHCROFT,1094098-7,,,235.04,241.57,-6.53,-3%,241.57,241.57,235.04,,#N/A,#N/A,,1,,,63,FCA,,,23151820,,,20200401,20220131,1,,,,,,,,,,,4.41E+12,#REF!,#REF!,#REF!,1
Change,1094098-8,36024188,,Material,EA,"GAUGE,PRES:103.52MM DIAL,0 TO 1600 PAG,1","GAUGE,PRESSURE: 103.52MM DIAL,0 TO 1600 PAG,1/2IN NPT,BACK MOUNT,PLASTIC CASE","GAUGE,PRESSURE:0-1600PAG,103.52MM DIAL,1",ASHCROFT,1094098-8,,,235.04,241.57,-6.53,-3%,241.57,241.57,235.04,,#N/A,#N/A,,1,,,63,FCA,,,23151820,,,20200401,20220131,1,,,,,,,,,,,4.41E+12,#REF!,#REF!,#REF!,1
Change,1094101-6,36023994,,Material,EA,"GAUGE,PRES:SINGLE SCALE,0 TO 6 BARG","GAUGE,PRESSURE: SINGLE SCALE,0 TO 6 BARG","GAUGE,PRESSURE:0-6BARG",SOLAR TURBINES,1094101-6,,,228.02,234.36,-6.34,-3%,234.36,234.36,228.02,,#N/A,#N/A,,1,,,63,FCA,,,23151820,,,20200401,20220131,1,,,,,,,,,,,4.41E+12,#REF!,#REF!,#REF!,1
Change,1095764,36024174,,Material,EA,"HOSE,HYD:LIQUID FUEL,1-1/2IN ID","HOSE,HYDRAULIC: LIQUID FUEL,1-1/2IN ID","HOSE,HYD:LIQUID FUEL,1-1/2IN ID",SOLAR TURBINES,1095764,,,785.21,827.72,-42.51,-5%,827.72,827.72,785.21,,#N/A,#N/A,,1,,,42,FCA,,,40142020,,,20190601,20220131,1,,,,,,,,,,,4.41E+12,#REF!,#REF!,#REF!,1
Change,1102787,36029152,,Material,EA,"TAPE:DROP WARP,GSKT,3IN WD,1/4IN THK,100","TAPE: DROP WARP,GASKET,3IN WD,1/4IN THK,100FT LG,COATED TETRAGLAS","TAPE:GASKET,DROP WARP,COATED TETRAGLAS,1",SOLAR TURBINES,1102787,,,266.09,260.46,5.63,2%,260.46,260.46,266.09,,#N/A,#N/A,,1,,,63,FCA,,,31201500,,,20200401,20220131,1,,,,,,,,,,,4.41E+12,#REF!,#REF!,#REF!,1
Change,110352,36024225,,Material,EA,CONDUIT:RGD,CONDUIT: RIGID,CONDUIT:RIGID,SOLAR TURBINES,110352,,,3.64,3.56,0.08,2%,3.56,3.56,3.64,,#N/A,#N/A,,1,,,42,FCA,,,39131706,,,20200401,20220131,1,,,,,,,,,,,4.41E+12,#REF!,#REF!,#REF!,1
Change,1103570,36029151,,Material,EA,GSKT:EXHAUST,GASKET: EXHAUST,GASKET:EXHAUST,SOLAR TURBINES,80-30952-700,,,217.88,213.21,4.67,2%,213.21,213.21,217.8827038,,#N/A,#N/A,,1,,,63,FCA,,,31181500,,,20200401,20220131,1,,,,,,,,,,,4.41E+12,#REF!,#REF!,#REF!,1
Change,1105570-200,36029166,,Material,EA,"DUCT:VENTILATION,42 X 42 X 8MM","DUCT: VENTILATION,42 X 42 X 8MM","DUCT:VENTILATION,42 X 42 X 8MM",SOLAR TURBINES,1105570-200,,,1048.42,1061.61,-13.19,-1%,1061.61,1061.61,1048.42,,#N/A,#N/A,,1,,,56,FCA,,,40141900,,,20200401,20220131,1,,,,,,,,,,,4.41E+12,#REF!,#REF!,#REF!,1
Change,1106630-50,36024216,,Material,EA,"FLTR,ELMNT:DISPOS,AIR","FILTER,ELEMENT: DISPOSABLE,AIR","ELEMENT,FILTER:DISPOSABLE",SOLAR TURBINES,1106630-50,,,6.75,4.59,2.16,32%,4.59,4.59,6.75,,#N/A,#N/A,,1,,,63,FCA,,,40161500,,,20190601,20220131,1,,,,,,,,,,,4.41E+12,#REF!,#REF!,#REF!,1
Change,1106962-1,36024600,,Material,EA,VLV:PRESSURE REGULATING,VALVE: PRESSURE REGULATING,"REGULATOR,PRESSURE:",SOLAR TURBINES,970287C1,,,395.46,400.43,-4.97,-1%,400.43,400.43,395.46,,#N/A,#N/A,,1,,,70,FCA,,,41112404,,,20190601,20220131,1,,,,,,,,,,,4.41E+12,#REF!,#REF!,#REF!,1
Change,1108625-100,36023881,,Material,EA,"REGLTR,V:TURBINE","REGULATOR,VOLTAGE: TURBINE","REGULATOR,VOLTAGE:TURBINE",SOLAR TURBINES,991042C1,,,782.64,787.05,-4.41,-1%,787.05,787.05,782.64,,#N/A,#N/A,,1,,,133,FCA,,,39121009,,,20200401,20220131,1,,,,,,,,,,,4.41E+12,#REF!,#REF!,#REF!,1
Change,1109607,11044419,,Material,EA,"HOSE,ASSY","HOSE,ASSEMBLY",HOSE:,SOLAR TURBINES,918506C1,,,943.22,994.27,-51.05,-5%,994.27,994.27,943.22,,#N/A,#N/A,,1,,,49,FCA,,,40142000,,,20190601,20220131,1,,,,,,,,,,,4.41E+12,#REF!,#REF!,#REF!,1
Change,1110835-100,11059776,,Material,EA,"KIT:INSTALLATION,REPLACEMENT,RTD","KIT: INSTALLATION,REPLACEMENT,RTD","KIT,INSTL,REPLACEMENT RTD",SOLAR TURBINES,1110835-100,,,533.27,1101.49,-568.22,-107%,1101.49,1101.49,533.27,,#N/A,#N/A,,1,,,133,FCA,,,23150000,,,20200401,20220131,1,,,,,,,,,,,4.41E+12,#REF!,#REF!,#REF!,1
Change,1111420-1,36024380,,Material,EA,"DIODE:SILICON CONTROLLED RECTIFIER,1800V","DIODE: SILICON CONTROLLED RECTIFIER,1800V,450A",THYRISTOR:PRE-CHARGE,SOLAR TURBINES,1111420-1,,,412.54,424,-11.46,-3%,424,424,412.54,,#N/A,#N/A,,1,,,42,FCA,,,32111700,,,20190601,20220131,1,,,,,,,,,,,4.41E+12,#REF!,#REF!,#REF!,1
Change,1112342-11201,11079018,,Material,EA,"DRIVE,MOTOR:VARIABLE FREQUENCY,200 HP,40","DRIVE,MOTOR: VARIABLE FREQUENCY,200 HP,400ACV INPUT,OPEN,POWERFLEX 753,AMPERAGE: 302A OUTPUT,FREQUENCY: 50HZ,OPTION 2,PHASE: 3PH","DRIVE,AC MOTOR:VARIABLE FREQUENCY,200HP,400V 50HZ OUTPUT",SOLAR TURBINES,1112342-11201,,,30665.41,31051.45,-386.04,-1%,31051.45,31051.45,30665.41,,179,#N/A,179,1,,,,FCA,,,26101100,,,20200401,20220131,1,,,,,,,,,,,4.41E+12,#REF!,#REF!,#REF!,1
Change,1112342-1201,11079009,,Material,EA,"DRIVE,MOTOR:VARIABLE FREQUENCY,50 HP,380","DRIVE,MOTOR: VARIABLE FREQUENCY,50 HP,380-480ACV INPUT,380ACV OUTPUT,OPEN,POWERFLEX 753,AMPERAGE: 72A OUTPUT,FREQUENCY: 50HZ,OPTION2,PHASE: 3PH","DRIVE,AC MOTOR:VARIABLE FREQUENCY,50HP,380 TO 480VAC INP",SOLAR TURBINES,1112342-1201,,,8263.56,8367.59,-104.03,-1%,8367.59,8367.59,8263.56,,1,#N/A,1,1,,,,FCA,,,26101100,,,20200401,20220131,1,,,,,,,,,,,4.41E+12,#REF!,#REF!,#REF!,1
Change,1114470-28,11170918,,Material,EA,"SWTCH,PRESSURE/VACUUM:DPDT,2 POLE,DIFFER","SWITCH,PRESSURE/VACUUM: DPDT,2 POLE,DIFFERENTIAL PRESSURE: 1300 PSI","SWITCH,PRESSURE:1300PSI,DPDT",SOLAR TURBINES,1114470-28,,,581.57,588.89,-7.32,-1%,588.89,588.89,581.57,,#N/A,#N/A,,1,,,96,FCA,,,39121506,,,20190601,20220131,1,,,,,,,,,,,4.41E+12,#REF!,#REF!,#REF!,1
Change,1116654-3,36024347,,Material,EA,"DETECTOR,FLAME:SMOKE,IONIZATION","DETECTOR,FLAME: SMOKE,IONIZATION","DETECTOR,FLAME:SMOKE",SOLAR TURBINES,1116654-3,,,76.28,147.45,-71.17,-93%,147.45,147.45,76.28,,#N/A,#N/A,,1,,,70,FCA,,,46191504,,,20190601,20220131,1,,,,,,,,,,,4.41E+12,#REF!,#REF!,#REF!,1
Change,112029-1,11047451,,Material,EA,"DETECTOR:GAS,FUEL TEMPERATURE","DETECTOR: GAS,FUEL TEMPERATURE","SENSOR:FUEL,TEMP",SOLAR TURBINES,112029-1,,,735.16,744.4,-9.24,-1%,744.4,744.4,735.16,,#N/A,#N/A,,1,,,49,FCA,,,41111900,,,20190601,20220131,1,,,,,,,,,,,4.41E+12,#REF!,#REF!,#REF!,1
Change,116091-23,11028057,,Material,EA,"GAUGE,LEVEL:FLT","GAUGE,LEVEL: FLOAT","GAUGE,LEVEL:FLOAT",SOLAR TURBINES,116091-23,,,149.1,150.98,-1.88,-1%,150.98,150.98,149.1,,#N/A,#N/A,,1,,,77,FCA,,,41112500,,,20190601,20220131,1,,,,,,,,,,,4.41E+12,#REF!,#REF!,#REF!,1
Change,117933-21,36024023,,Material,EA,"COOLER:AIR/OIL,380VAC,50HZ","COOLER: AIR/OIL,380VAC,50HZ",COOLER:AIR/OIL,SOLAR TURBINES,117933-21,,,19694.36,18401.29,1293.07,7%,18401.29,18401.29,19694.36,,72,#N/A,72,1,,,84,FCA,,,40101700,,,20200401,20220131,1,,,,,,,,,,,4.41E+12,#REF!,#REF!,#REF!,1
Change,117942-6,11045519,,Material,EA,ADPTR:ASSY,ADAPTER:ASSY,ADAPTER:ASSY,SOLAR TURBINES,117942-6,,,31.96,29.86,2.1,7%,29.86,29.86,31.96,,#N/A,#N/A,,1,,,77,FCA,,,20111600,,,20200401,20220131,1,,,,,,,,,,,4.41E+12,#REF!,#REF!,#REF!,1
Change,117942-7,36024110,,Material,EA,O-RNG:VITON,O-RING: VITON,O-RING:RBR,SOLAR TURBINES,117942-7,,,8.36,8.43,-0.07,-1%,8.43,8.43,8.36,,#N/A,#N/A,,1,,,56,FCA,,,31181506,,,20200401,20220131,1,,,,,,,,,,,4.41E+12,#REF!,#REF!,#REF!,1
Change,120022-12,36024281,,Material,EA,BOLT:12/SET,BOLT: 12/SET,BOLT SET:12/SET,SOLAR TURBINES,120022-12,,,30.24,38.85,-8.61,-28%,38.85,38.85,30.24,,#N/A,#N/A,,1,,,56,FCA,,,31161600,,,20200401,20220131,1,,,,,,,,,,,4.41E+12,#REF!,#REF!,#REF!,1
Change,120029-5,11045437,,Material,EA,"VLV,CHK:1/2IN,PRESSURE RATING: 3000 PSIG","VALVE,CHECK: 1/2IN,PRESSURE RATING: 3000 PSIG","VALVE,CHECK:",SOLAR TURBINES,120029-5,,,470.5,476.42,-5.92,-1%,476.42,476.42,470.5,,#N/A,#N/A,,1,,,84,FCA,,,40141600,,,20190601,20220131,1,,,,,,,,,,,4.41E+12,#REF!,#REF!,#REF!,1
Change,120033-12,10190569,,Material,PK,"BOLT,MACHINE:DOUBLE HEXAGONAL HD,5/8IN D","BOLT,MACHINE: DOUBLE HEXAGONAL HD,5/8IN DIA,11 UNC,1-1/2IN LG","BOLT,MACHINE:12 PT HD,5/8IN DIA,11 TPI,1",SOLAR TURBINES,120033-12,,,102.08,104.93,-2.85,-3%,104.93,104.93,102.08,,1,#N/A,1,1,,,56,FCA,,,31161600,,,20200401,20220131,1,,,,,,,,,,,4.41E+12,#REF!,#REF!,#REF!,1
Change,120033-13,36024316,,Material,EA,"BOLT,MACHINE:DOUBLE HEXAGONAL HD,3/4IN D","BOLT,MACHINE: DOUBLE HEXAGONAL HD,3/4IN DIA,10 UNC,4-1/2IN LG,ALLOY STEEL,GR B7",BOLT:,SOLAR TURBINES,120033-13,,,42.41,43.59,-1.18,-3%,43.59,43.59,42.41,,#N/A,#N/A,,1,,,56,FCA,,,31161600,,,20190601,20220131,1,,,,,,,,,,,4.41E+12,#REF!,#REF!,#REF!,1
Change,120045-14,36024553,,Material,EA,"VALVE,RLF:PRES,1/2IN,430-650PSIG,NPT","VALVE,RELIEF: PRESSURE,1/2IN,430-650PSIG,NPT","VALVE,RELIEF:PRESSURE,1/2IN,430-650PSIG,",SOLAR TURBINES,120045-14,,,1074.86,1088.39,-13.53,-1%,1088.39,1088.39,1074.86,,#N/A,#N/A,,1,,,84,FCA,,,40141606,,,20190601,20220131,1,,,,,,,,,,,4.41E+12,#REF!,#REF!,#REF!,1
Change,120156-6,36024070,,Material,EA,"SEAL,LABYRINTH:140.15IN SHAFT DIA","SEAL,LABYRINTH: 140.15IN SHAFT DIA","SEAL,LABYRINTH:",SOLAR TURBINES,120156-6,,,234.72,237.67,-2.95,-1%,237.67,237.67,234.72,,#N/A,#N/A,,1,,,91,FCA,,,31181600,,,20190601,20220131,1,,,,,,,,,,,4.41E+12,#REF!,#REF!,#REF!,1
Change,120156-7,36024066,,Material,EA,"SEAL,LABYRINTH","SEAL,LABYRINTH","SEAL,LABYRINTH:",SOLAR TURBINES,120156-7,,,159.39,161.4,-2.01,-1%,161.4,161.4,159.39,,#N/A,#N/A,,1,,,91,FCA,,,31181600,,,20190601,20220131,1,,,,,,,,,,,4.41E+12,#REF!,#REF!,#REF!,1
Change,120156-8,36024067,,Material,EA,"SEAL,LABYRINTH","SEAL,LABYRINTH","SEAL,LABYRINTH:",SOLAR TURBINES,120156-8,,,754.35,763.85,-9.5,-1%,763.85,763.85,754.35,,#N/A,#N/A,,1,,,91,FCA,,,31181600,,,20190601,20220131,1,,,,,,,,,,,4.41E+12,#REF!,#REF!,#REF!,1
Change,120184-800,36024133,,Material,EA,"VLV,RLF:3/4IN,PRES","VALVE,RELIEF: 3/4IN,PRESSURE","VALVE,RELIEF:PRESSURE",SOLAR TURBINES,120184-800,,,877.64,721.62,156.02,18%,721.62,721.62,877.64,,#N/A,#N/A,,1,,,112,FCA,,,40141606,,,20200401,20220131,1,,,,,,,,,,,4.41E+12,#REF!,#REF!,#REF!,1
Change,120193-1,36024134,,Material,EA,"VLV:BFR,0.025IN,HYD,CONFIGURATION : 2/3-","VALVE: BUFFER,0.025IN,HYDRAULIC,CONFIGURATION : 2/3-WAY,PRESSURE RATING: 500 PSIG","VALVE:BUFFER,2 POSITION 3-WAY",SOLAR TURBINES,120193-1,,,559.81,575.36,-15.55,-3%,575.36,575.36,559.81,,#N/A,#N/A,,1,,,77,FCA,,,40141600,,,20200401,20220131,1,,,,,,,,,,,4.41E+12,#REF!,#REF!,#REF!,1
Change,120335-1,10051401,,Material,EA,"VLV,CHK:3/4IN","VALVE,CHECK: 3/4IN","VALVE,CHECK:F/ GT DRIVER",SOLAR TURBINES,120335-1,,,970.16,996.83,-26.67,-3%,996.83,996.83,970.1590457,,#N/A,#N/A,,1,,,98,FCA,,,40141600,,,20200401,20220131,1,,,,,,,,,,,4.41E+12,#REF!,#REF!,#REF!,1
Change,120337-12,11048295,,Material,EA,THERMOSTAT:TEMP CNTRL,"THERMOSTAT:TEMP CNTRL,VALVE KIT",THERMOSTAT:TEMP CNTRL,SOLAR TURBINES,120337-12,,,3429.94,3525.21,-95.27,-3%,3525.21,3525.21,3429.94,,#N/A,#N/A,,1,,,63,FCA,,,41112209,,,20190601,20220131,1,,,,,,,,,,,4.41E+12,#REF!,#REF!,#REF!,1
Change,120369-4,36024219,,Material,EA,"ARRESTER,FLAME:","ARRESTER,FLAME:","ARRESTER,FLAME:",SOLAR TURBINES,120369-4,,,1907.61,1568.48,339.13,18%,1568.48,1568.48,1907.61,,#N/A,#N/A,,1,,,56,FCA,,,23153100,,,20190601,20220131,1,,,,,,,,,,,4.41E+12,#REF!,#REF!,#REF!,1
Change,120418-8,36024178,,Material,EA,"VALVE,CHK","VALVE,CHECK","VALVE,CHECK:",SOLAR TURBINES,120418-8,,,887.2,898.37,-11.17,-1%,898.37,898.37,887.2,,#N/A,#N/A,,1,,,84,FCA,,,40141600,,,20190601,20220131,1,,,,,,,,,,,4.41E+12,#REF!,#REF!,#REF!,1
Change,120587-2,36024137,,Material,EA,"VALVE,CHK","VALVE,CHECK","VALVE,CHECK:",SOLAR TURBINES,120587-2,,,721.07,741.1,-20.03,-3%,741.1,741.1,721.07,,#N/A,#N/A,,1,,,70,FCA,,,40141600,,,20190601,20220131,1,,,,,,,,,,,4.41E+12,#REF!,#REF!,#REF!,1
Change,120649-17,36029148,,Material,EA,"SENSOR:VELOCITY,W/ 20FT CABLE","SENSOR: VELOCITY,W/ 20FT CABLE",SENSOR:VIBRATION,CEC VIBRATION PRODUCTS,120649-17,,,1593.69,1637.96,-44.27,-3%,1637.96,1637.96,1593.69,,#N/A,#N/A,,1,,,63,FCA,,,41111900,,,20190601,20220131,1,,,,,,,,,,,4.41E+12,#REF!,#REF!,#REF!,1
Change,120649-18,11044257,,Material,EA,"SENSOR:VELOCITY,W/ 6FT LG CABLE","SENSOR: VELOCITY,W/ 6FT LG CABLE",SENSOR:VELOCITY,SOLAR TURBINES,120649-18,,,1554.37,1573.93,-19.56,-1%,1573.93,1573.93,1554.37,,#N/A,#N/A,,1,,,63,FCA,,,41111900,,,20190601,20220131,1,,,,,,,,,,,4.41E+12,#REF!,#REF!,#REF!,1
Change,120737-1,11047399,,Material,EA,FLTR:LIQUID FUEL,FILTER: LIQUID FUEL,"FILTER,FUEL:DIESEL,HSG",SOLAR TURBINES,120737-1,,,521.31,527.86,-6.55,-1%,527.86,527.86,521.31,,#N/A,#N/A,,1,,,77,FCA,,,40161500,,,20190601,20220131,1,,,,,,,,,,,4.41E+12,#REF!,#REF!,#REF!,1
Change,120765-1,11044433,,Material,EA,"KIT:SRVC,HOUSING ASSEMBLY,O-RNG,PLEATED","KIT: SERVICE,HOUSING ASSEMBLY,O-RING,PLEATED LIQUID FILTER ELEMENT,DIESEL","ELEMENT,FLTR:DIESEL,F/ HSG ASSY 120737-",SOLAR TURBINES,120765-1,,,39.65,40.15,-0.5,-1%,40.15,40.15,39.65,,#N/A,#N/A,,1,,,63,FCA,,,40161500,,,20190601,20220131,1,,,,,,,,,,,4.41E+12,#REF!,#REF!,#REF!,1
Change,120848-4,11025249,,Material,EA,"STRAINER:TYPE Y,PIPE,3/4IN,40 MESH,NPT,3","STRAINER: TYPE Y,PIPING,3/4IN,40 MESH,NPT,316L STAINLESS STEEL,CLASS 1500,GR CF8M","STRAINER,PIPE:Y,3/4IN,40 MESH,316L SS,NP",SOLAR TURBINES,120848-4,,,349.25,353.65,-4.4,-1%,353.65,353.65,349.25,,#N/A,#N/A,,1,,,91,FCA,,,40142500,,,20200401,20220131,1,,,,,,,,,,,4.41E+12,#REF!,#REF!,#REF!,1
Change,124907-17,11042206,,Material,EA,"GROMMET:SEAL,0.965 OD X 0.994IN,FKM","GROMMET: SEAL,0.965 OD X 0.994IN,FKM",GROMMET:SEALING,SOLAR TURBINES,124907-17,,,19.8,21.41,-1.61,-8%,21.41,21.41,19.8,,#N/A,#N/A,,1,,,70,FCA,,,31162401,,,20200401,20220131,1,,,,,,,,,,,4.41E+12,#REF!,#REF!,#REF!,1
Change,124907-29,36024540,,Material,EA,"GROMMET:1.112IN OD,0.994IN LG,7","GROMMET: 1.112IN OD,0.994IN LG,7",GROMMET:7 HOLE,SOLAR TURBINES,124907-29,,,22.8,29.29,-6.49,-28%,29.29,29.29,22.8,,#N/A,#N/A,,1,,,91,FCA,,,31162401,,,20200401,20220131,1,,,,,,,,,,,4.41E+12,#REF!,#REF!,#REF!,1
Change,128315-20,36023970,,Material,EA,"VLV,SOLENOID:4WY","VALVE,SOLENOID: 4-WAY","VALVE,SOLENOID:",SOLAR TURBINES,128315-20,,,1772.2,1794.51,-22.31,-1%,1794.51,1794.51,1772.2,,#N/A,#N/A,,1,,,84,FCA,,,40141605,,,20200401,20220131,1,,,,,,,,,,,4.41E+12,#REF!,#REF!,#REF!,1
Change,128317-2,36023857,,Material,EA,"MOTOR,HYD:VARIABLE DISPLACEMENT","MOTOR,HYDRAULIC: VARIABLE DISPLACEMENT","MOTOR,HYD:VARIABLE DISPLACEMENT",SOLAR TURBINES,128317-2,,,29505.33,29876.78,-371.45,-1%,29876.78,29876.78,29505.33,,#N/A,#N/A,,1,,,105,FCA,,,26101300,,,20200401,20220131,1,,,,,,,,,,,4.41E+12,#REF!,#REF!,#REF!,1
Change,128318-4,36023858,,Material,EA,"PUMP:AXIAL PISTON,VARIABLE DISPLACEMENT","PUMP: AXIAL PISTON,VARIABLE DISPLACEMENT,OPERATION: HYDRAULIC","PUMP:AXIAL PISTON,HYDRAULICALLY OPERATED",SOLAR TURBINES,128318-4,,,26976.69,26405.74,570.95,2%,26405.74,26405.74,26976.69,,#N/A,#N/A,,1,,,168,FCA,,,40151500,,,20190601,20220131,1,,,,,,,,,,,4.41E+12,#REF!,#REF!,#REF!,1
Change,128812-601,36023846,,Material,EA,VALVE:FUEL SERVICE,VALVE: FUEL SERVICE,VALVE:,SOLAR TURBINES,128812-601,,,16177.5,16381.17,-203.67,-1%,16381.17,16381.17,16177.5,,#N/A,#N/A,,1,,,273,FCA,,,40141600,,,20200401,20220131,1,,,,,,,,,,,4.41E+12,#REF!,#REF!,#REF!,1
Change,130519-100,11027332,,Material,EA,"VLV,CHK","VALVE,CHECK","VALVE,CHECK:",SOLAR TURBINES,130519-100,,,820.55,830.87,-10.32,-1%,830.87,830.87,820.55,,#N/A,#N/A,,1,,,77,FCA,,,40141600,,,20190601,20220131,1,,,,,,,,,,,4.41E+12,#REF!,#REF!,#REF!,1
Change,131855-200-900,36024291,,Material,EA,ADPTR:CLUTCH,ADAPTER: CLUTCH,ADAPTER:CLUTCH,SOLAR TURBINES,131855-200-900,,,7849.99,8068.04,-218.05,-3%,8068.04,8068.04,7849.99,,#N/A,#N/A,,1,,,119,FCA,,,20111600,,,20190601,20220131,1,,,,,,,,,,,4.41E+12,#REF!,#REF!,#REF!,1
Change,136244-100,36500890378,,Material,EA,PLUG,PLUG,PLUG:ASSEMBLY,SOLAR TURBINES,136244-100,,,194.15,249.43,-55.28,-28%,249.43,249.43,194.15,,#N/A,#N/A,,1,,,54,FCA,,,20121301,,,20200401,20220131,1,,,,,,,,,,,4.41E+12,#REF!,#REF!,#REF!,1
Change,136281-700,11044414,,Material,EA,"INJECTOR:DUAL,CONVENTIONAL","INJECTOR: DUAL,CONVENTIONAL",INJECTOR:DUAL/FUEL,SOLAR TURBINES,136281-700,,,9628.74,9896.21,-267.47,-3%,9896.21,9896.21,9628.74,,#N/A,#N/A,,1,,,126,FCA,,,41110000,,,20200401,20220131,1,,,,,,,,,,,4.41E+12,#REF!,#REF!,#REF!,1
Change,136281-800,36023927,,Material,EA,"LINE:INJECTOR,200MM LG,ASSY","LINE: INJECTOR,200MM LG,ASSY","LINE:INJECTOR,200MM LG",SOLAR TURBINES,136281-800,,,10844.14,11145.36,-301.22,-3%,11145.36,11145.36,10844.14,,#N/A,#N/A,,1,,,133,FCA,,,20141003,,,20200401,20220131,1,,,,,,,,,,,4.41E+12,#REF!,#REF!,#REF!,1
Change,136298-100,36029144,,Material,EA,TUBE:AIR,TUBE: AIR,TUBE:,SOLAR TURBINES,136298-100,,,22.07,21.6,0.47,2%,21.6,21.6,22.07,,#N/A,#N/A,,1,,,49,FCA,,,31231300,,,20200401,20220131,1,,,,,,,,,,,4.41E+12,#REF!,#REF!,#REF!,1
Change,136578-1,11044439,,Material,EA,INJECTOR:TORCH,INJECTOR: TORCH,INJECTOR:IGNITOR,SOLAR TURBINES,136578-1,,,73.87,151.83,-77.96,-106%,151.83,151.83,73.87,,#N/A,#N/A,,1,,,126,FCA,,,41110000,,,20200401,20220131,1,,,,,,,,,,,4.41E+12,#REF!,#REF!,#REF!,1
Change,136622-1,36029162,,Material,EA,GEAR:,GEAR:,GEAR:,SOLAR TURBINES,136622-1,,,2752.61,2694.35,58.26,2%,2694.35,2694.35,2752.61,,#N/A,#N/A,,1,,,112,FCA,,,31171700,,,20200401,20220131,1,,,,,,,,,,,4.41E+12,#REF!,#REF!,#REF!,1
Change,136633-5,36023910,,Material,EA,"O-RNG:448,BUNA-N","O-RING: 448,BUNA-N",O-RING:RBR,SOLAR TURBINES,136633-5,,,51.62,52.26,-0.64,-1%,52.26,52.26,51.62,,#N/A,#N/A,,1,,,56,FCA,,,31181506,,,20190601,20220131,1,,,,,,,,,,,4.41E+12,#REF!,#REF!,#REF!,1
Change,136633-600,36023913,,Material,EA,"CPLG,SHFT:DRIVEN,6IN BORE","COUPLING,SHAFT: DRIVEN,6IN BORE","COUPLING,SHAFT:6IN BORE",SOLAR TURBINES,136633-600,,,20802.02,21379.86,-577.84,-3%,21379.86,21379.86,20802.02,,#N/A,#N/A,,1,,,147,FCA,,,31163000,,,20190601,20220131,1,,,,,,,,,,,4.41E+12,#REF!,#REF!,#REF!,1
Change,136634-101,36023850,,Material,EA,"CPLG,SHFT:DRIVE","COUPLING,SHAFT: DRIVE","COUPLING,SHAFT:",SOLAR TURBINES,136634-101,,,16309.99,16515.31,-205.32,-1%,16515.31,16515.31,16309.99,,#N/A,#N/A,,1,,,147,FCA,,,31163000,,,20200401,20220131,1,,,,,,,,,,,4.41E+12,#REF!,#REF!,#REF!,1
Change,136635-2,36029198,,Material,EA,BOLT:SHEAR COUPLING,BOLT: SHEAR COUPLING,BOLT:SHEAR COUPLING,SOLAR TURBINES,136635-2,,,69.17,64.62,4.55,7%,64.62,64.62,69.17,,#N/A,#N/A,,1,,,77,FCA,,,31161600,,,20200401,20220131,1,,,,,,,,,,,4.41E+12,#REF!,#REF!,#REF!,1
Change,136663-100,11048177,,Material,EA,TUBE:MAIN,TUBE: MAIN,TUBE:GAS LINE,SOLAR TURBINES,136663-100,,,89.87,87.96,1.91,2%,87.96,87.96,89.87,,#N/A,#N/A,,1,,,49,FCA,,,31231300,,,20190601,20220131,1,,,,,,,,,,,4.41E+12,#REF!,#REF!,#REF!,1
Change,136664-101,36029174,,Material,EA,"TUBE:8MM OD,SERVICE: LIQUID FUEL","TUBE: 8MM OD,SERVICE: LIQUID FUEL",TUBE:GAS TURBINE,SOLAR TURBINES,136664-101,,,11.07,11.15,-0.08,-1%,11.15,11.15,11.07,,#N/A,#N/A,,1,,,42,FCA,,,31231300,,,20200401,20220131,1,,,,,,,,,,,4.41E+12,#REF!,#REF!,#REF!,1
Change,136665-101,36029175,,Material,EA,"TUBE:9MM OD,SERVICE: LIQUID FUEL","TUBE: 9MM OD,SERVICE: LIQUID FUEL",TUBE:GAS TURBINE,SOLAR TURBINES,136665-101,,,11.07,11.15,-0.08,-1%,11.15,11.15,11.07,,#N/A,#N/A,,1,,,42,FCA,,,31231300,,,20200401,20220131,1,,,,,,,,,,,4.41E+12,#REF!,#REF!,#REF!,1
Change,136666-101,36029176,,Material,EA,TUBE:LIQUID FUEL,TUBE: LIQUID FUEL,TUBE:GAS TURBINE,SOLAR TURBINES,136666-101,,,16.34,16.47,-0.13,-1%,16.47,16.47,16.34,,#N/A,#N/A,,1,,,42,FCA,,,31231300,,,20200401,20220131,1,,,,,,,,,,,4.41E+12,#REF!,#REF!,#REF!,1
Change,136667-101,36029177,,Material,EA,TUBE:LIQUID FUEL,TUBE: LIQUID FUEL,TUBE:GAS TURBINE,SOLAR TURBINES,136667-101,,,24.11,24.78,-0.67,-3%,24.78,24.78,24.11,,#N/A,#N/A,,1,,,49,FCA,,,31231300,,,20200401,20220131,1,,,,,,,,,,,4.41E+12,#REF!,#REF!,#REF!,1
Change,136668-101,36029178,,Material,EA,TUBE:LIQUID FUEL,TUBE: LIQUID FUEL,TUBE:GAS TURBINE,SOLAR TURBINES,136668-101,,,16.34,16.47,-0.13,-1%,16.47,16.47,16.34,,#N/A,#N/A,,1,,,42,FCA,,,31231300,,,20200401,20220131,1,,,,,,,,,,,4.41E+12,#REF!,#REF!,#REF!,1
Change,136669-101,36029179,,Material,EA,TUBE:LIQUID FUEL,TUBE: LIQUID FUEL,TUBE:GAS TURBINE,SOLAR TURBINES,136669-101,,,27.63,27.83,-0.2,-1%,27.83,27.83,27.63,,#N/A,#N/A,,1,,,49,FCA,,,31231300,,,20200401,20220131,1,,,,,,,,,,,4.41E+12,#REF!,#REF!,#REF!,1
Change,136670-101,36029180,,Material,EA,TUBE:LIQUID FUEL,TUBE: LIQUID FUEL,TUBE:GAS TURBINE,SOLAR TURBINES,136670-101,,,16.34,16.47,-0.13,-1%,16.47,16.47,16.34,,#N/A,#N/A,,1,,,49,FCA,,,31231300,,,20200401,20220131,1,,,,,,,,,,,4.41E+12,#REF!,#REF!,#REF!,1
Change,136671-101,36029181,,Material,EA,TUBE:LIQUID FUEL,TUBE: LIQUID FUEL,TUBE:,SOLAR TURBINES,136671-101,,,16.34,16.47,-0.13,-1%,16.47,16.47,16.34,,#N/A,#N/A,,1,,,49,FCA,,,31231300,,,20200401,20220131,1,,,,,,,,,,,4.41E+12,#REF!,#REF!,#REF!,1
Change,136672-101,36029182,,Material,EA,TUBE:LIQUID FUEL,TUBE: LIQUID FUEL,TUBE:GAS TURBINE,SOLAR TURBINES,136672-101,,,20.08,20.24,-0.16,-1%,20.24,20.24,20.08,,#N/A,#N/A,,1,,,42,FCA,,,31231300,,,20200401,20220131,1,,,,,,,,,,,4.41E+12,#REF!,#REF!,#REF!,1
Change,136673-101,36029183,,Material,EA,TUBE:LIQUID FUEL,TUBE: LIQUID FUEL,TUBE:GAS TURBINE,SOLAR TURBINES,136673-101,,,23.84,24.02,-0.18,-1%,24.02,24.02,23.84,,#N/A,#N/A,,1,,,42,FCA,,,31231300,,,20200401,20220131,1,,,,,,,,,,,4.41E+12,#REF!,#REF!,#REF!,1
Change,136674-101,36029184,,Material,EA,TUBE:LIQUID FUEL,TUBE: LIQUID FUEL,TUBE:GAS TURBINE,SOLAR TURBINES,136674-101,,,20.08,20.24,-0.16,-1%,20.24,20.24,20.08,,#N/A,#N/A,,1,,,42,FCA,,,31231300,,,20200401,20220131,1,,,,,,,,,,,4.41E+12,#REF!,#REF!,#REF!,1
Change,136675-101,36029185,,Material,EA,TUBE:LIQUID FUEL,TUBE: LIQUID FUEL,TUBE:GAS TURBINE,SOLAR TURBINES,136675-101,,,27.6,27.81,-0.21,-1%,27.81,27.81,27.6,,#N/A,#N/A,,1,,,49,FCA,,,31231300,,,20200401,20220131,1,,,,,,,,,,,4.41E+12,#REF!,#REF!,#REF!,1
Change,138180-100,11045461,,Material,EA,"VLV:GAS CONTROL,2IN,SS BODY,NACE MR0175","VALVE: GAS CONTROL,2IN,STAINLESS STEEL BODY,NACE MR0175","VALVE:GAS CONTROL,NACE MR-01-75,ASSY,W/S",SOLAR TURBINES,138180-100,,,9535.46,9800.33,-264.87,-3%,9800.33,9800.33,9535.46,,#N/A,#N/A,,1,,,238,FCA,,,40141600,,,20200401,20220131,1,,,,,,,,,,,4.41E+12,#REF!,#REF!,#REF!,1
Change,138474-100,36029199,,Material,EA,HSG:ASSY,HOUSING:   ASSY,HOUSING:,SOLAR TURBINES,138474-100,,,3465.65,3653.24,-187.59,-5%,3653.24,3653.24,3465.65,,#N/A,#N/A,,1,,,126,FCA,,,31261500,,,20190601,20220131,1,,,,,,,,,,,4.41E+12,#REF!,#REF!,#REF!,1
Change,138912-100,36024071,,Material,EA,"SEAL,LABYRINTH:5.335IN SHAFT DIA","SEAL,LABYRINTH: 5.335IN SHAFT DIA","SEAL,LABYRINTH:",SOLAR TURBINES,138912-100,,,1074.94,1104.8,-29.86,-3%,1104.8,1104.8,1074.94,,#N/A,#N/A,,1,,,91,FCA,,,31181600,,,20190601,20220131,1,,,,,,,,,,,4.41E+12,#REF!,#REF!,#REF!,1
Change,142155-170,36029197,,Material,EA,"SPACER,SHIM:0.003IN THK","SPACER,SHIM: 0.003IN THK",SHIM:0.003IN THK,SOLAR TURBINES,142155-170,,,15,14.02,0.98,7%,14.02,14.02,15,,#N/A,#N/A,,1,,,56,FCA,,,31162815,,,20200401,20220131,1,,,,,,,,,,,4.41E+12,#REF!,#REF!,#REF!,1
Change,142155-57,11047278,,Material,EA,"SPACER,SHIM:0.06IN THK","SPACER,SHIM: 0.06IN THK",SHIM:0.060IN THK,SOLAR TURBINES,142155-57,,,28.35,29.14,-0.79,-3%,29.14,29.14,28.35,,#N/A,#N/A,,1,,,56,FCA,,,31162815,,,20200401,20220131,1,,,,,,,,,,,4.41E+12,#REF!,#REF!,#REF!,1
Change,142155-58,11045938,,Material,EA,"SPACER,SHIM:0.01IN THK","SPACER,SHIM: 0.01IN THK",SHIM:0.010IN THK,SOLAR TURBINES,142155-58,,,9.42,12.11,-2.69,-29%,12.11,12.11,9.42,,#N/A,#N/A,,1,,,84,FCA,,,31231400,,,20200401,20220131,1,,,,,,,,,,,4.41E+12,#REF!,#REF!,#REF!,1
Change,142155-59,11047269,,Material,EA,"SPACER,SHIM:0.005IN THK","SPACER,SHIM: 0.005IN THK",SHIM:0.005IN THK,SOLAR TURBINES,142155-59,,,12.59,12.94,-0.35,-3%,12.94,12.94,12.59,,#N/A,#N/A,,1,,,56,FCA,,,31231400,,,20200401,20220131,1,,,,,,,,,,,4.41E+12,#REF!,#REF!,#REF!,1
Change,142156-223,36024397,,Material,EA,"SPACER,SHIM:0.005IN THK","SPACER,SHIM: 0.005IN THK",SHIM:0.005IN THK,SOLAR TURBINES,142156-223,,,27.37,22.51,4.86,18%,22.51,22.51,27.37,,#N/A,#N/A,,1,,,49,FCA,,,31162815,,,20200401,20220131,1,,,,,,,,,,,4.41E+12,#REF!,#REF!,#REF!,1
Change,142156-224,36024398,,Material,EA,"SPACER,SHIM:0.01IN THK","SPACER,SHIM: 0.01IN THK",SHIM:0.01IN THK,SOLAR TURBINES,142156-224,,,37.53,30.86,6.67,18%,30.86,30.86,37.53,,#N/A,#N/A,,1,,,56,FCA,,,31162815,,,20200401,20220131,1,,,,,,,,,,,4.41E+12,#REF!,#REF!,#REF!,1
Change,142156-225,36024399,,Material,EA,"SPACER,SHIM:0.06IN THK","SPACER,SHIM: 0.06IN THK",SHIM:0.06IN THK,SOLAR TURBINES,142156-225,,,53.41,52.27,1.14,2%,52.27,52.27,53.41,,#N/A,#N/A,,1,,,49,FCA,,,31162815,,,20200401,20220131,1,,,,,,,,,,,4.41E+12,#REF!,#REF!,#REF!,1
Change,142157-11,11029147,,Material,EA,"SPACER,SHIM:0.005IN THK","SPACER,SHIM: 0.005IN THK",SHIM:0.005IN THK,SOLAR TURBINES,142157-11,,,21.36,21.63,-0.27,-1%,21.63,21.63,21.36,,#N/A,#N/A,,1,,,49,FCA,,,31162815,,,20190601,20220131,1,,,,,,,,,,,4.41E+12,#REF!,#REF!,#REF!,1
Change,142157-12,11029148,,Material,EA,"SPACER,SHIM:0.01IN THK","SPACER,SHIM: 0.01IN THK",SHIM:0.010IN THK,SOLAR TURBINES,142157-12,,,15.23,19.56,-4.33,-28%,19.56,19.56,15.23,,#N/A,#N/A,,1,,,56,FCA,,,31162815,,,20200401,20220131,1,,,,,,,,,,,4.41E+12,#REF!,#REF!,#REF!,1
Change,142157-13,11043870,,Material,EA,"SPACER,SHIM:0.06IN THK,SS","SPACER,SHIM: 0.06IN THK,STAINLESS STEEL","SHIM:0.06IN THK,SS,TURBINE",SOLAR TURBINES,142157-13,,,26.98,27.32,-0.34,-1%,27.32,27.32,26.98,,#N/A,#N/A,,1,,,56,FCA,,,31162815,,,20190601,20220131,1,,,,,,,,,,,4.41E+12,#REF!,#REF!,#REF!,1
Change,142157-56,36024364,,Material,EA,"SPACER,SHIM:TABULATED,0.005IN THK","SPACER,SHIM: TABULATED,0.005IN THK","SHIM:TABULATED,0.005IN THK",SOLAR TURBINES,142157-56,,,20.51,20.77,-0.26,-1%,20.77,20.77,20.51,,#N/A,#N/A,,1,,,49,FCA,,,31162815,,,20190601,20220131,1,,,,,,,,,,,4.41E+12,#REF!,#REF!,#REF!,1
Change,142157-57,36024365,,Material,EA,"SPACER,SHIM:TABULATED,0.01IN THK","SPACER,SHIM: TABULATED,0.01IN THK","SHIM:TABULATED,0.01IN THK",SOLAR TURBINES,142157-57,,,17.16,16.03,1.13,7%,16.03,16.03,17.16,,#N/A,#N/A,,1,,,56,FCA,,,31162815,,,20200401,20220131,1,,,,,,,,,,,4.41E+12,#REF!,#REF!,#REF!,1
Change,142157-58,36024366,,Material,EA,"SPACER,SHIM:TABULATED,0.03IN THK","SPACER,SHIM: TABULATED,0.03IN THK","SHIM:TABULATED,0.03IN THK",SOLAR TURBINES,142157-58,,,18.08,19.56,-1.48,-8%,19.56,19.56,18.08,,#N/A,#N/A,,1,,,56,FCA,,,31162815,,,20200401,20220131,1,,,,,,,,,,,4.41E+12,#REF!,#REF!,#REF!,1
Change,142157-59,36024367,,Material,EA,"SPACER,SHIM:TABULATED,0.06IN THK","SPACER,SHIM: TABULATED,0.06IN THK","SHIM:TABULATED,0.06IN THK",SOLAR TURBINES,142157-59,,,21.83,22.43,-0.6,-3%,22.43,22.43,21.83,,#N/A,#N/A,,1,,,56,FCA,,,31162815,,,20190601,20220131,1,,,,,,,,,,,4.41E+12,#REF!,#REF!,#REF!,1
Change,142157-60,36024387,,Material,EA,"SPACER,SHIM:TABULATED,0.134IN THK","SPACER,SHIM: TABULATED,0.134IN THK","SHIM:TABULATED,0.134IN THK",SOLAR TURBINES,142157-60,,,35.81,36.81,-1,-3%,36.81,36.81,35.81,,#N/A,#N/A,,1,,,49,FCA,,,31162815,,,20190601,20220131,1,,,,,,,,,,,4.41E+12,#REF!,#REF!,#REF!,1
Change,142157-61,36024388,,Material,EA,"SPACER,SHIM:TABULATED,1/4IN THK","SPACER,SHIM: TABULATED,1/4IN THK","SHIM:TABULATED,1/4IN THK",SOLAR TURBINES,142157-61,,,146.3,120.3,26,18%,120.3,120.3,146.3,,#N/A,#N/A,,1,,,77,FCA,,,31162815,,,20200401,20220131,1,,,,,,,,,,,4.41E+12,#REF!,#REF!,#REF!,1
Change,1502703-1,11045113,,Material,EA,"THRMOSTAT:VLV,80 TO 150DEG F,65 TO 70PSI","THERMOSTAT: VALVE,80 TO 150DEG F,65 TO 70PSIG,F/ VALVE",THERMOSTAT:VALVE,SOLAR TURBINES,1502703-1,,,15.58,517.27,-501.69,-3220%,517.27,517.27,15.58,,#N/A,#N/A,,1,,,70,FCA,,,41112209,,,20200401,20220131,1,,,,,,,,,,,4.41E+12,#REF!,#REF!,#REF!,1
Change,154554-10,36024345,,Material,EA,GUARD:FAN,GUARD: FAN,GUARD:FAN,SOLAR TURBINES,154554-10,,,1.45,1.49,-0.04,-3%,1.49,1.49,1.45,,#N/A,#N/A,,1,,,84,FCA,,,23150000,,,20200401,20220131,1,,,,,,,,,,,4.41E+12,#REF!,#REF!,#REF!,1
Change,154554-13,36024355,,Material,EA,GUARD:FAN,GUARD: FAN,GUARD:FAN,SOLAR TURBINES,154554-13,,,1.36,1.4,-0.04,-3%,1.4,1.4,1.36,,#N/A,#N/A,,1,,,98,FCA,,,23150000,,,20200401,20220131,1,,,,,,,,,,,4.41E+12,#REF!,#REF!,#REF!,1
Change,154554-9,11046746,,Material,EA,"FAN:VENTILATION,ELECTRICAL RATING: 24VDC","FAN: VENTILATION,ELECTRICAL RATING: 24VDC,SINGLE","FAN:SINGLE/VENTILATING,24VDC",SOLAR TURBINES,154554-9,,,45.47,44.5,0.97,2%,44.5,44.5,45.47,,#N/A,#N/A,,1,,,63,FCA,,,40101604,,,20200401,20220131,1,,,,,,,,,,,4.41E+12,#REF!,#REF!,#REF!,1
Change,170596-100,36024497,,Material,EA,FILTER:AIR/NATURAL GAS,FILTER: AIR/NATURAL GAS,FILTER:AIR/NATURAL GAS,SOLAR TURBINES,170596-100,,,697.9,706.68,-8.78,-1%,706.68,706.68,697.9,,#N/A,#N/A,,1,,,56,FCA,,,40161500,,,20200401,20220131,1,,,,,,,,,,,4.41E+12,#REF!,#REF!,#REF!,1
Change,171959-200,11044416,,Material,EA,"INJECTOR:FUEL,LINE,PROCESS FLUID: GAS","INJECTOR: FUEL,LINE,PROCESS FLUID: GAS",INJECTOR:,SOLAR TURBINES,171959-200,,,1014.33,1303.13,-288.8,-28%,1303.13,1303.13,1014.33,,#N/A,#N/A,,1,,,105,FCA,,,41110000,,,20200401,20220131,1,,,,,,,,,,,4.41E+12,#REF!,#REF!,#REF!,1
Change,172429-1,11045473,,Material,EA,"GSKT:3-9/32IN,3-9/32IN LG,1/32IN THK,SQ","GASKET: 3-9/32IN,3-9/32IN LG,1/32IN THK,SQUARE,NON-ASBESTOS",GASKET:NON-ASBESTOS,SOLAR TURBINES,172429-1,,,6.23,6.27,-0.04,-1%,6.27,6.27,6.23,,#N/A,#N/A,,1,,,49,FCA,,,31181500,,,20190601,20220131,1,,,,,,,,,,,4.41E+12,#REF!,#REF!,#REF!,1
Change,172505-1,11046054,,Material,EA,"GSKT:1-33/64IN ID,2.025IN OD,1/32IN THK","GASKET: 1-33/64IN ID,2.025IN OD,1/32IN THK,ROUND,W/ DIFFUSER AND BEARING","GASKET:W/ DIFFUSER & BEARING,8/PACK",SOLAR TURBINES,172505-1,,,11.92,11.69,0.23,2%,11.69,11.69,11.92,,#N/A,#N/A,,1,,,63,FCA,,,31181500,,,20190601,20220131,1,,,,,,,,,,,4.41E+12,#REF!,#REF!,#REF!,1
Change,172564-1,11045357,,Material,EA,"GSKT:22.41IN ID,24-21/64IN OD,1/32IN THK","GASKET: 22.41IN ID,24-21/64IN OD,1/32IN THK,ROUND,NON-ASBESTOS",GASKET:NON-ASBESTOS,SOLAR TURBINES,172564-1,,,35.04,35.48,-0.44,-1%,35.48,35.48,35.04,,#N/A,#N/A,,1,,,56,FCA,,,31181500,,,20190601,20220131,1,,,,,,,,,,,4.41E+12,#REF!,#REF!,#REF!,1
Change,172566-1,11046258,,Material,EA,GSKT:MG1-CB ENGINE,GASKET: MG1-CB ENGINE,GASKET:MG1-CB ENGINE,SOLAR TURBINES,172566-1,,,24.79,25.1,-0.31,-1%,25.1,25.1,24.79,,#N/A,#N/A,,1,,,56,FCA,,,31181500,,,20190601,20220131,1,,,,,,,,,,,4.41E+12,#REF!,#REF!,#REF!,1
Change,172780-100,11025600,,Material,EA,"GSKT:PYROMETER BOSS,2IN ID,3-25/64IN OD","GASKET: PYROMETER BOSS,2IN ID,3-25/64IN OD,0.06IN THK,ROUND","GASKET:PYROMTR BOSS,EB-NON ASB,GAS TURBI",SOLAR TURBINES,172780-100,,,10,10.28,-0.28,-3%,10.28,10.28,10,,#N/A,#N/A,,1,,,49,FCA,,,31181500,,,20190601,20220131,1,,,,,,,,,,,4.41E+12,#REF!,#REF!,#REF!,1
Change,173101-1,11025614,,Material,EA,"BOLT,MACHINE:HEX HD,5/16IN DIA,24 UNF,1I","BOLT,MACHINE: HEXAGONAL HD,5/16IN DIA,24 UNF,1IN LG,10/PACK","BOLT,MACH:HX HD",SOLAR TURBINES,173101-1,,,63.8,65.58,-1.78,-3%,65.58,65.58,63.8,,3,153,3,1,,,56,FCA,,,31161600,,,20190601,20220131,1,,,,,,,,,,,4.41E+12,#REF!,#REF!,#REF!,1
Change,173101-2,10008038,,Material,EA,"BOLT,MACHINE:HEX HD,1/2IN DIA,13 UNC,1-3","BOLT,MACHINE: HEXAGONAL HD,1/2IN DIA,13 UNC,1-3/4IN LG,4/PACK","BOLT:HEX HD,1/2IN DIA,13UNC,1-3/4IN LG,F",SOLAR TURBINES,173101-2,,,45.52,46.77,-1.25,-3%,46.77,46.77,45.52,,#N/A,524,374143-100,1,,,70,FCA,,,31161600,,,20190601,20220131,1,,,,,,,,,,,4.41E+12,#REF!,#REF!,#REF!,1
Change,176047-100,36024404,,Material,EA,"KIT:REPLACEMENT,REP,SHEAR BOLT","KIT: REPLACEMENT,REPAIR,SHEAR BOLT","KIT:REPLACEMENT,SHARE BOLT",SOLAR TURBINES,176047-100,,,611.88,588.91,22.97,4%,588.91,588.91,611.88,,#N/A,#N/A,,1,,,84,FCA,,,23150000,,,20200401,20220131,1,,,,,,,,,,,4.41E+12,#REF!,#REF!,#REF!,1
Change,176048-100,36023893,,Material,EA,"KIT:SRVC,SHEAR COUPLING","KIT: SERVICE,SHEAR COUPLING","KIT:SERVICE,SHEAR COUPLING",SOLAR TURBINES,176048-100,,,1385.51,1390.51,-5,0%,1390.51,1390.51,1385.51,,#N/A,#N/A,,1,,,70,FCA,,,23150000,,,20190601,20220131,1,,,,,,,,,,,4.41E+12,#REF!,#REF!,#REF!,1
Change,176873-100,11046747,,Material,EA,"KIT:REP,PUMP","KIT: REPAIR,PUMP","KIT:REPAIR,MAIN LUBE OIL PUMP",SOLAR TURBINES,176873-100,,,881.96,893.07,-11.11,-1%,893.07,893.07,881.96,,#N/A,#N/A,,1,,,56,FCA,,,23150000,,,20190601,20220131,1,,,,,,,,,,,4.41E+12,#REF!,#REF!,#REF!,1
Change,176994-100,36024111,,Material,EA,"KIT:REP,SPARES,SOLENOID VALVE","KIT: REPAIR,SPARES,SOLENOID VALVE","KIT:SPARES,SOLENOID CAP ASSY",SOLAR TURBINES,176994-100,,,414.34,425.85,-11.51,-3%,425.85,425.85,414.34,,#N/A,#N/A,,1,,,77,FCA,,,23150000,,,20200401,20220131,1,,,,,,,,,,,4.41E+12,#REF!,#REF!,#REF!,1
Change,177947-1,36024607,,Material,EA,"GSKT:18-3/32IN ID,25IN OD,RND","GASKET: 18-3/32IN ID,25IN OD,ROUND",GASKET:COMPRESSOR,SOLAR TURBINES,177947-1,,,164.37,168.93,-4.56,-3%,168.93,168.93,164.37,,#N/A,#N/A,,1,,,56,FCA,,,31181500,,,20190601,20220131,1,,,,,,,,,,,4.41E+12,#REF!,#REF!,#REF!,1
Change,179784-1,36024043,,Material,EA,"CPLG,SHAFT HALF:HUB","COUPLING,SHAFT HALF: HUB",HUB:COUPLING,SOLAR TURBINES,179784-1,,,2132.62,2087.48,45.14,2%,2087.48,2087.48,2132.62,,#N/A,#N/A,,1,,,105,FCA,,,23153100,,,20200401,20220131,1,,,,,,,,,,,4.41E+12,#REF!,#REF!,#REF!,1
Change,179785-1,36024040,,Material,EA,"CPLG,SHFT:SPLINE","COUPLING,SHAFT: SPLINE","SLEEVE,CPLG:",SOLAR TURBINES,179785-1,,,4719.05,4778.46,-59.41,-1%,4778.46,4778.46,4719.05,,#N/A,#N/A,,1,,,84,FCA,,,31171509,,,20200401,20220131,1,,,,,,,,,,,4.41E+12,#REF!,#REF!,#REF!,1
Change,179902K106B,36024615,,Material,EA,"KIT:REPLACEMENT,SRVC,COMBUSTOR DRAIN VAL","KIT: REPLACEMENT,SERVICE,COMBUSTOR DRAIN VALVE","KIT:SERVICE,COMBUSTOR DRAIN VALVE",SOLAR TURBINES,179902K106B,,,2967.51,3555.27,-587.76,-20%,3555.27,3555.27,2967.514911,,#N/A,#N/A,,1,,,140,FCA,,,23150000,,,20200401,20220131,1,,,,,,,,,,,4.41E+12,#REF!,#REF!,#REF!,1
Change,179965K100B,11047254,,Material,EA,"KIT:REPLACEMENT,PRESSURE REGULATOR GAS,G","KIT: REPLACEMENT,PRESSURE REGULATOR GAS,GAS","KIT:REPLACEMENT,PRESSURE REGULATOR",SOLAR TURBINES,179965K100B,,,463.55,469.01,-5.46,-1%,469.01,469.01,463.55,,#N/A,#N/A,,1,,,112,FCA,,,23150000,,,20190601,20220131,1,,,,,,,,,,,4.41E+12,#REF!,#REF!,#REF!,1
Change,180150-2,36024180,,Material,EA,"CLAMP:V-BAND,27MM","CLAMP: V-BAND,27MM","CLAMP:V-BAND,27MM",SOLAR TURBINES,180150-2,,,402.77,407.84,-5.07,-1%,407.84,407.84,402.77,,#N/A,#N/A,,1,,,105,FCA,,,31162900,,,20200401,20220131,1,,,,,,,,,,,4.41E+12,#REF!,#REF!,#REF!,1
Change,186063-5,36024140,,Material,EA,LUBRCTR:SELF FILLING,LUBRICATOR: SELF FILLING,LUBRICATOR:SELF FILLING,SOLAR TURBINES,186063-5,,,343.92,348.24,-4.32,-1%,348.24,348.24,343.92,,#N/A,#N/A,,1,,,63,FCA,,,15120000,,,20190601,20220131,1,,,,,,,,,,,4.41E+12,#REF!,#REF!,#REF!,1
Change,186071-6,11044143,,Material,EA,"VLV,GATE:3/4IN,MANUAL,W/ PLUG","VALVE,GATE: 3/4IN,MANUAL,W/ PLUG","VALVE,GATE:",SOLAR TURBINES,186071-6,,,738.7,759.22,-20.52,-3%,759.22,759.22,738.7,,#N/A,#N/A,,1,,,70,FCA,,,40141613,,,20190601,20220131,1,,,,,,,,,,,4.41E+12,#REF!,#REF!,#REF!,1
Change,186120-1,36024008,,Material,EA,"VALVE,MANIFOLD","VALVE,MANIFOLD","VALVE,MANIFOLD:",SOLAR TURBINES,186120-1,,,666.06,547.65,118.41,18%,547.65,547.65,666.06,,#N/A,#N/A,,1,,,70,FCA,,,40141600,,,20190601,20220131,1,,,,,,,,,,,4.41E+12,#REF!,#REF!,#REF!,1
Change,186214-16,11048005,,Material,EA,"SWTCH,LEVEL:FLT,SPST,1 POLE","SWITCH,LEVEL: FLOAT,SPST,1 POLE","SWITCH,LVL:LIQ",SOLAR TURBINES,186214-16,,,729.3,738.47,-9.17,-1%,738.47,738.47,729.3,,#N/A,#N/A,,1,,,63,FCA,,,39121531,,,20200401,20220131,1,,,,,,,,,,,4.41E+12,#REF!,#REF!,#REF!,1
Change,186232-3000,36023985,,Material,EA,"VALVE,BALL","VALVE,BALL","VALVE,BALL:",SOLAR TURBINES,186232-3000,,,2822.43,2900.83,-78.4,-3%,2900.83,2900.83,2822.43,,#N/A,#N/A,,1,,,91,FCA,,,40141607,,,20190601,20220131,1,,,,,,,,,,,4.41E+12,#REF!,#REF!,#REF!,1
Change,186232-400,11047768,,Material,EA,"VLV,BALL:ASSY,PNEUMATIC ACTUATOR,CONFIGU","VALVE,BALL: ASSEMBLY,PNEUMATIC ACTUATOR,CONFIGURATION: 2-WAY","VALVE,BALL:2IN,300 PSI,ACTUATOR, PNEUMAT",SOLAR TURBINES,186232-400,,,2339.31,2404.29,-64.98,-3%,2404.29,2404.29,2339.31,,#N/A,#N/A,,1,,,105,FCA,,,40141607,,,20190601,20220131,1,,,,,,,,,,,4.41E+12,#REF!,#REF!,#REF!,1
Change,186273-1,11025428,,Material,EA,"VLV:PRESSURE REGULATING,POPPET,1/4IN","VALVE: PRESSURE REGULATING,POPPET,1/4IN","REGULATOR,PRES:",SOLAR TURBINES,186273-1,,,542.87,549.71,-6.84,-1%,549.71,549.71,542.87,,#N/A,#N/A,,1,,,63,FCA,,,41112404,,,20190601,20220131,1,,,,,,,,,,,4.41E+12,#REF!,#REF!,#REF!,1
Change,186273-2,11025429,,Material,EA,"REGLTR,PRES:POPPET","REGULATOR,PRESSURE: POPPET","REGULATOR,PRES:",SOLAR TURBINES,186273-2,,,444.34,449.93,-5.59,-1%,449.93,449.93,444.34,,#N/A,#N/A,,1,,,98,FCA,,,41112404,,,20190601,20220131,1,,,,,,,,,,,4.41E+13,#REF!,#REF!,#REF!,1
Change,186273-5,11047506,,Material,EA,"VLV:PRESSURE REGULATING,POPPET","VALVE: PRESSURE REGULATING,POPPET","REGULATOR,PRES:",SOLAR TURBINES,186273-5,,,444.31,449.91,-5.6,-1%,449.91,449.91,444.31,,#N/A,#N/A,,1,,,70,FCA,,,41112404,,,20190601,20220131,1,,,,,,,,,,,4.41E+13,#REF!,#REF!,#REF!,1
Change,186276-1,11027909,,Material,EA,"VALVE,RLF:1/4IN,5000PSIG,LIQ SERVICE","VALVE,RELIEF: 1/4IN,5000PSIG,LIQUID SERVICE","VALVE,RLF:LIQ SERVICE",SOLAR TURBINES,186276-1,,,192.44,194.86,-2.42,-1%,194.86,194.86,192.44,,#N/A,#N/A,,1,,,56,FCA,,,40141606,,,20190601,20220131,1,,,,,,,,,,,4.41E+13,#REF!,#REF!,#REF!,1
Change,186278-2,36024501,,Material,EA,"FLTR:SIMPLEX,LUBE OIL,SEAL","FILTER: SIMPLEX,LUBE OIL,SEAL","FILTER,OIL:SEAL",SOLAR TURBINES,186278-2,,,590.43,597.86,-7.43,-1%,597.86,597.86,590.43,,#N/A,#N/A,,1,,,98,FCA,,,40161504,,,20190601,20220131,1,,,,,,,,,,,4.41E+13,#REF!,#REF!,#REF!,1
Change,186280-200,11042944,,Material,EA,"KIT:SRVC,25 GPM HYDRAULIC FILTER CARTRID","KIT: SERVICE,25 GPM HYDRAULIC FILTER CARTRIDGE,SERVICE: LUBRICATING OIL","ELEMENT,FLTR:LUBE OIL,CRTDG,25 GPM,HYD",SOLAR TURBINES,186280-200,,,161.32,163.35,-2.03,-1%,163.35,163.35,161.32,,#N/A,#N/A,,1,,,77,FCA,,,40161500,,,20190601,20220131,1,,,,,,,,,,,4.41E+13,#REF!,#REF!,#REF!,1
Change,186286-1,11047448,,Material,EA,"VLV,SOLENOID:PRESSURE REGULATOR,TORCH FI","VALVE,SOLENOID: PRESSURE REGULATOR,TORCH FINE ADJUST,24VDCV,2-WAY,PRESSURE RATING: 18 PSIG,SERVICE: GAS FUEL","VALVE,SOLENOID:18 PSIG,GAS FUEL,TORCH FI",SOLAR TURBINES,186286-1,,,291.1,294.76,-3.66,-1%,294.76,294.76,291.1,,#N/A,#N/A,,1,,,70,FCA,,,40141605,,,20190601,20220131,1,,,,,,,,,,,4.41E+13,#REF!,#REF!,#REF!,1
Change,186286-2,11047908,,Material,EA,"VLV,SOLENOID:2WY","VALVE,SOLENOID: 2-WAY","VALVE,SOLENOID:",SOLAR TURBINES,186286-2,,,262.01,265.3,-3.29,-1%,265.3,265.3,262.01,,#N/A,#N/A,,1,,,70,FCA,,,40141605,,,20190601,20220131,1,,,,,,,,,,,4.41E+13,#REF!,#REF!,#REF!,1
Change,186307-4,36024141,,Material,EA,THERMOCOUPLE,THERMOCOUPLE,"TRANSMITTER,TEMPERATURE:TYPE KT/C,0 TO 1",SOLAR TURBINES,186307-4,,,2042.06,1908,134.06,7%,1908,1908,2042.06,,#N/A,#N/A,,1,,,63,FCA,,,41112105,,,20190601,20220131,1,,,,,,,,,,,4.41E+13,#REF!,#REF!,#REF!,1
Change,186367-1,36023848,,Material,EA,VLV:PRESSURE REGULATING,VALVE: PRESSURE REGULATING,"REGULATOR,PRESSURE:",SOLAR TURBINES,186367-1,,,2927.84,3009.17,-81.33,-3%,3009.17,3009.17,2927.84,,#N/A,#N/A,,1,,,84,FCA,,,41112404,,,20190601,20220131,1,,,,,,,,,,,4.41E+13,#REF!,#REF!,#REF!,1
Change,186368-1,36024078,,Material,EA,"REGLTR,PRES:DIFF","REGULATOR,PRESSURE: DIFFERENTIAL","VALVE,RELIEF:PRESSURE",SOLAR TURBINES,186368-1,,,5462.42,5614.15,-151.73,-3%,5614.15,5614.15,5462.42,,#N/A,#N/A,,1,,,84,FCA,,,40141606,,,20200401,20220131,1,,,,,,,,,,,4.41E+13,#REF!,#REF!,#REF!,1
Change,186488-1,11027380,,Material,EA,"VLV,NEEDLE:1/2IN,BLOCK/BLEED MANIFOLD,HN","VALVE,NEEDLE: 1/2IN,BLOCK/BLEED MANIFOLD,HAND,NACE MR0175,CONFIGURATION: 2-WAY","VALVE:BLOCK & BLEED,2WY,NACE MR-01-75",SOLAR TURBINES,186488-1,,,343.34,347.66,-4.32,-1%,347.66,347.66,343.34,,#N/A,#N/A,,1,,,70,FCA,,,40141600,,,20190601,20220131,1,,,,,,,,,,,4.41E+13,#REF!,#REF!,#REF!,1
Change,186707-3200,36024221,,Material,EA,"BATTRY,DRY CELL:RECHARGE,NI-CAD,161AH AM","BATTERY,DRY CELL: RECHARGE,NICKEL CADMIUM,161AH AMP HR,NUMBER OF CELLS: 48","BATTERY,DRY CELL,RECHARGE:NICKEL CAD,48",SOLAR TURBINES,186707-3200,,,53345.56,54827.38,-1481.82,-3%,54827.38,54827.38,53345.56,,#N/A,#N/A,,1,,,98,FCA,,,26111700,,,20190601,20220131,1,,,,,,,,,,,4.41E+13,#REF!,#REF!,#REF!,1
Change,186806-1,36023841,,Material,EA,"FLTR,ELMNT:CYLDCL,LUBRICATING OIL,PLEATE","FILTER,ELEMENT: CYLINDRICAL,LUBRICATING OIL,PLEATED","ELEMENT,FILTER:LUBRICATING OIL",SOLAR TURBINES,186806-1,,,112.07,113.47,-1.4,-1%,113.47,113.47,112.07,,#N/A,#N/A,,1,,,105,FCA,,,40161500,,,20190601,20220131,1,,,,,,,,,,,4.41E+13,#REF!,#REF!,#REF!,1
Change,186806-100,11047363,,Material,EA,"KIT:SRVC,FLTR,2X P/N 918039C1 GASKET,4X","KIT: SERVICE,FILTER,2X P/N 918039C1 GASKET,4X P/N 186806-1 LUBE OIL FILTER ELEMENT,6X P/N 918041C1 GASKET","KIT:(4) LUBE OIL FLTR ELMNT 186806-1,(2)",SOLAR TURBINES,186806-100,,,237.05,240.15,-3.1,-1%,240.15,240.15,237.05,,#N/A,#N/A,,1,,,126,FCA,,,31160000,,,20190601,20220131,1,,,,,,,,,,,4.41E+13,#REF!,#REF!,#REF!,1
Change,187077,11047824,,Material,PK,"WASHER,LOCK:SPLT,3/8IN,SS,GR 304","WASHER,LOCK: SPLIT,3/8IN,STAINLESS STEEL,GR 304","WASHER,LOCK:SPLIT,0.375IN",SOLAR TURBINES,187077,,,1.5,2.31,-0.81,-54%,2.31,2.31,1.5,,#N/A,#N/A,,1,,,49,FCA,,,31161801,,,20190601,20220131,1,,,,,,,,,,,4.41E+13,#REF!,#REF!,#REF!,1
Change,190015-11,36023991,,Material,EA,"VALVE,SOLENOID","VALVE,SOLENOID","VALVE,SOLENOID:",SOLAR TURBINES,190015-11,,,979.32,1006.52,-27.2,-3%,1006.52,1006.52,979.32,,#N/A,#N/A,,1,,,70,FCA,,,40141605,,,20200401,20220131,1,,,,,,,,,,,4.41E+13,#REF!,#REF!,#REF!,1
Change,190083-4,36024373,,Material,EA,"GAUGE,DIFF PRES","GAUGE,DIFFERENTIAL PRESSURE","GAUGE,DIFF PRES:",SOLAR TURBINES,190083-4,,,129.67,133.27,-3.6,-3%,133.27,133.27,129.67,,#N/A,#N/A,,1,,,63,FCA,,,23151820,,,20200401,20220131,1,,,,,,,,,,,4.41E+13,#REF!,#REF!,#REF!,1
Change,190163-1,11046748,,Material,EA,"VLV:LEVER,WORCESTER,CONFIGURATION: 3-WAY","VALVE: LEVER,WORCESTER,CONFIGURATION: 3-WAY","VALVE:3-WAY,WORCHESTER",SOLAR TURBINES,190163-1,,,892.67,903.9,-11.23,-1%,903.9,903.9,892.67,,#N/A,#N/A,,1,,,105,FCA,,,40141600,,,20190601,20220131,1,,,,,,,,,,,4.41E+13,#REF!,#REF!,#REF!,1
Change,190185-205,11046749,,Material,EA,"REGLTR:PRESSURE, ASSEMBLY, TEMPERATURE,","REGULATOR: PRESSURE, ASSEMBLY, TEMPERATURE, REGULATOR","VALVE:PRESSURE & AMPLIFIER,TEMP REGULATO",SOLAR TURBINES,190185-205,,,4175.49,4291.47,-115.98,-3%,4291.47,4291.47,4175.49,,#N/A,#N/A,,1,,,91,FCA,,,40141600,,,20200401,20220131,1,,,,,,,,,,,4.41E+13,#REF!,#REF!,#REF!,1
Change,190214-52,36024129,,Material,EA,"GAUGE,DIFF PRES:0 TO 40 KPAG,W/ SWITCH","GAUGE,DIFFERENTIAL PRESSURE: 0 TO 40 KPAG,W/ SWITCH","GAUGE,DIFF PRES:0 TO 40KPAG",SOLAR TURBINES,190214-52,,,1886.09,1846.17,39.92,2%,1846.17,1846.17,1886.09,,#N/A,#N/A,,1,,,63,FCA,,,23151820,,,20200401,20220131,1,,,,,,,,,,,4.41E+13,#REF!,#REF!,#REF!,1
Change,190214-53,36024130,,Material,EA,"GAUGE,DIFF PRES:0 TO 700 KPAG,W/ SWITCH","GAUGE,DIFFERENTIAL PRESSURE: 0 TO 700 KPAG,W/ SWITCH","GAUGE,DIFF PRES:0 TO 700KPAG",SOLAR TURBINES,190214-53,,,2107.38,2133.9,-26.52,-1%,2133.9,2133.9,2107.38,,#N/A,#N/A,,1,,,63,FCA,,,23151820,,,20200401,20220131,1,,,,,,,,,,,4.41E+13,#REF!,#REF!,#REF!,1
Change,190247-5,11047703,,Material,EA,"FLTR,ELMNT:CYLDCL,AIR/FUEL GAS,FBRGLASS","FILTER,ELEMENT: CYLINDRICAL,AIR/FUEL GAS,FIBERGLASS ELEMENT","ELEMENT,FLTR:AIR & GAS",SOLAR TURBINES,190247-5,,,38.46,38.93,-0.47,-1%,38.93,38.93,38.46,,#N/A,#N/A,,1,,,63,FCA,,,40161500,,,20190601,20220131,1,,,,,,,,,,,4.41E+13,#REF!,#REF!,#REF!,1
Delete,190368-2,36024146,,Material,EA,"GLASS,SIGHT","GLASS,SIGHT","GLASS,SIGHT:",SOLAR TURBINES,190368-2,,,#N/A,522.5,#N/A,#N/A,522.5,522.5,#N/A,,#N/A,#N/A,,1,,,70,FCA,,,40141700,,,20190601,20210131,1,,,,,,,,,,,4.41E+13,#REF!,#REF!,#REF!,1
Change,190430-1,11047727,,Material,EA,"SENSOR:PASSIVE,SPD","SENSOR: PASSIVE,SPEED",SENSOR:MAG SPD PICK UP,SOLAR TURBINES,190430-1,,,222.06,224.85,-2.79,-1%,224.85,224.85,222.06,,#N/A,#N/A,,1,,,77,FCA,,,41111900,,,20200401,20220131,1,,,,,,,,,,,4.41E+13,#REF!,#REF!,#REF!,1
Change,190445-2,36024054,,Material,EA,"VLV,CHK:3IN,VACUUM RELIEF","VALVE,CHECK: 3IN,VACUUM RELIEF","VALVE,CHECK:3IN",SOLAR TURBINES,190445-2,,,5356.76,5424.2,-67.44,-1%,5424.2,5424.2,5356.76,,#N/A,#N/A,,1,,,91,FCA,,,40141600,,,20190601,20220131,1,,,,,,,,,,,4.41E+13,#REF!,#REF!,#REF!,1
Change,190466-4,36023897,,Material,EA,"MOTOR,AC:100HP OUTPUT,TEFC ENCLOSURE,380","MOTOR,AC: 100HP OUTPUT,TEFC ENCLOSURE,380V,3PH,50HZ","MOTOR,AC:100HP,380V,3 PH,50HZ,TEFC ENCLO",SOLAR TURBINES,190466-4,,,15785.51,15984.24,-198.73,-1%,15984.24,15984.24,15785.51,,#N/A,#N/A,,1,,,84,FCA,,,26101100,,,20200401,20220131,1,,,,,,,,,,,4.41E+13,#REF!,#REF!,#REF!,1
Change,190537-303,11028061,,Material,EA,"VLV,BALL:1/4IN,ASSY,PNEU OPERATED","VALVE,BALL: 1/4IN,ASSEMBLY,PNEUMATIC OPERATED","VALVE,BALL:1/4IN,PNEUMATIC OPERATED",SOLAR TURBINES,190537-303,,,1137.85,1169.46,-31.61,-3%,1169.46,1169.46,1137.85,,#N/A,#N/A,,1,,,56,FCA,,,40141607,,,20200401,20220131,1,,,,,,,,,,,4.41E+13,#REF!,#REF!,#REF!,1
Change,190553-1,36024554,,Material,EA,"VLV,CHK:1/2IN,FNPT,LIFT,316 STAINLESS ST","VALVE,CHECK: 1/2IN,FNPT,LIFT,316 STAINLESS STEEL BODY","VALVE,CHECK:LIFT,1/2IN,FNPT,316 SS TRIM",SWAGELOK,190553-1,,,414.15,419.36,-5.21,-1%,419.36,419.36,414.15,,#N/A,#N/A,,1,,,98,FCA,,,40141600,,,20190601,20220131,1,,,,,,,,,,,4.41E+13,#REF!,#REF!,#REF!,1
Change,190583-1,11046750,,Material,EA,"VLV,RLF:7/8IN INLET,PRES,PRESSURE RATING","VALVE,RELIEF: 7/8IN INLET,PRESSURE,PRESSURE RATING: 3000PSI","VALVE,RELIEF:PRESSURE",SOLAR TURBINES,190583-1,,,57.54,56.32,1.22,2%,56.32,56.32,57.54,,#N/A,#N/A,,1,,,84,FCA,,,40141606,,,20190601,20220131,1,,,,,,,,,,,4.41E+13,#REF!,#REF!,#REF!,1
Change,190585-6,11047138,,Material,EA,THRMOSTAT:FLOW CONTROL,THERMOSTAT:FLOW CONTROL,"THERMOSTAT:FLOW CNTRL,120DEG",SOLAR TURBINES,190585-6,,,372.47,377.16,-4.69,-1%,377.16,377.16,372.47,,#N/A,#N/A,,1,,,70,FCA,,,41112209,,,20190601,20220131,1,,,,,,,,,,,4.41E+13,#REF!,#REF!,#REF!,1
Change,190611-100,36023847,,Material,EA,"VLV:ASSY,MEDIA: FUEL","VALVE: ASSEMBLY,MEDIA: FUEL",VALVE:,SOLAR TURBINES,190611-100,,,6275.28,6354.28,-79,-1%,6354.28,6354.28,6275.28,,#N/A,#N/A,,1,,,98,FCA,,,40141600,,,20200401,20220131,1,,,,,,,,,,,4.41E+13,#REF!,#REF!,#REF!,1
Change,190619-5,36024214,,Material,EA,"PLUG,VLV","PLUG,VALVE",PLUG:,SOLAR TURBINES,190619-5,,,0.76,0.97,-0.21,-28%,0.97,0.97,0.76,,#N/A,#N/A,,1,,,56,FCA,,,20121301,,,20200401,20220131,1,,,,,,,,,,,4.41E+13,#REF!,#REF!,#REF!,1
Change,190624-5,36024194,,Material,EA,"VLV,CHK:1IN,POPPET,PRESSURE RATING: 1 PS","VALVE,CHECK: 1IN,POPPET,PRESSURE RATING: 1 PSIG","VALVE,CHECK:POPPET",SOLAR TURBINES,190624-5,,,627.33,635.23,-7.9,-1%,635.23,635.23,627.33,,#N/A,#N/A,,1,,,70,FCA,,,40141600,,,20190601,20220131,1,,,,,,,,,,,4.41E+13,#REF!,#REF!,#REF!,1
Change,190662-28,36023891,,Material,EA,"MONITOR:VIBRATION,TYPE REFERENCE: 2201","MONITOR: VIBRATION,TYPE REFERENCE: 2201","MODULE,PLC:VIBRATION MONITOR,24 CHANNEL",SOLAR TURBINES,190662-28,,,9033.37,9147.08,-113.71,-1%,9147.08,9147.08,9033.37,,#N/A,#N/A,,1,,,63,FCA,,,32151705,,,20190601,20220131,1,,,,,,,,,,,4.41E+13,#REF!,#REF!,#REF!,1
Change,190759-1,36024149,,Material,EA,"GAUGE,LEVEL:FLT","GAUGE,LEVEL: FLOAT","GAUGE,LEVEL:",SOLAR TURBINES,190759-1,,,150.32,152.21,-1.89,-1%,152.21,152.21,150.32,,#N/A,#N/A,,1,,,84,FCA,,,41112500,,,20190601,20220131,1,,,,,,,,,,,4.41E+13,#REF!,#REF!,#REF!,1
