BP Material / Service Master No.,Supplier Part No. / Reference,BP Short Description,BP Long Description,Supplier Description,Manufacturer Name,Manufacturer Part Number,UOM,Last Price,Description,Price Valid From,Price Valid to,Incoterms Key,2021 rates
36120257,36120257,"OIL,INDUST:TURBINE,TURBO-K,20L CAN","OIL:TURBINE,TURBO-K,20L CAN","CASTROL TURBO-K,CAN OF 20L",,,EA,180.31,"['OIL', 'INDUST:TURBINE', 'TURBO-K', '20L', 'CAN']",11/20/2017,10/13/2021,,254.89
36011260,223446_337,"OIL:INDUST,DURATEC L,125 CST AT 40 DEG C","OIL: INDUSTRIAL,DURATEC L,125 CST AT 40 DEG C,208 L DRUM,AMBER,FLASH POINT: 250 DEG C,POUR POINT: -18 DEG C,VISCOSITY INDEX: 97","DURATEC L,DRUM,208L",CASTROL,15274B,EA,718.7,"['OIL:INDUST', 'DURATEC', 'L', '125', 'CST', 'AT', '40', 'DEG', 'C']",11/20/2017,10/13/2021,,916.56
36011258,36006925,"OIL:INDUST,ALPHA SP 320,320 CST AT 40 DE","OIL: INDUSTRIAL,ALPHA SP 320,320 CST AT 40 DEG C,20 L PAIL,AMBER,DENSITY: 900 KG/M3 AT 15 DEG C,FLASH POINT: 220 DEG C,FORM: LIQUID,  POUR POINT: -9 DEG C,VISCOSITY INDEX: GREATER THAN 95","ALPHA SP 320,CAN OF 20L",CASTROL,1443AB,EA,67.04,"['OIL:INDUST', 'ALPHA', 'SP', '320', '320', 'CST', 'AT', '40', 'DE']",11/20/2017,10/13/2021,,104.26
36011256,223446_338,"COOLANT,ENGINE:ANTIFREEZE,208L DRUM","COOLANT,ENGINE: ANTIFREEZE,208L DRUM","RADICOOL SF PREMIX,DRUM OF 208L",CASTROL,1715/208,EA,962.55,"['COOLANT', 'ENGINE:ANTIFREEZE', '208L', 'DRUM']",11/20/2017,10/13/2021,,1042.51
36011249,36006917,"OIL:HIGHLY REFINED,HYD,MINERAL,BRAYCO HV","OIL: HIGHLY REFINED,HYDRAULIC,MINERAL,BRAYCO HV 15,14 CST AT 40 DEG C/5.4 CST AT 100 DEG C,20 L PAIL,RED,DENSITY: 0.865 G/ML AT 20 D  EG C/870 KG/M3 AT 15 DEG C,FLASH POINT: 100 DEG C,FORM: LIQUID,GREATER THAN 350 VISCOSITY,POUR POINT: -70 DEG C","AERO HF 585B,CAN OF 20L",CASTROL,15B3C7,EA,138.08,"['OIL:HIGHLY', 'REFINED', 'HYD', 'MINERAL', 'BRAYCO', 'HV']",11/20/2017,10/13/2021,,245
36011248,36006915,"OIL:INDUST,OXIDATION RESISTANT,PERFECTO","OIL: INDUSTRIAL,OXIDATION RESISTANT,PERFECTO XPG 32,32 SQMM/SECOND AT 40 DEG C,ISO VG 32,208 L DRUM,FLASH POINT: 222 DEG F,W/ ANTI-W  EAR/ANTI-STATIC ADDITIVE","PERFECTO XPG 32,DRUM OF 208L",CASTROL,155EF8,EA,971.66,"['OIL:INDUST', 'OXIDATION', 'RESISTANT', 'PERFECTO']",11/20/2017,10/13/2021,,1122.85
36011247,36006914,"OIL:INDUST,MINERAL,PERFECTO X 68,68 SQMM","OIL: INDUSTRIAL,MINERAL,PERFECTO X 68,68 SQMM/SECOND AT 40 DEG C/8.6 SQMM/SECOND AT 100 DEG C,20 L PAIL,LIGHT YELLOW,DENSITY: 881 KG  /M3 AT 15 DEG C,FLASH POINT: 228 DEG C,FORM: LIQUID,POUR POINT: -12 DEG C,VISCOSITY INDEX: 102","PERFECTO T68,CAN OF 20L",CASTROL,157A0B,EA,58.86,"['OIL:INDUST', 'MINERAL', 'PERFECTO', 'X', '68', '68', 'SQMM']",11/20/2017,10/13/2021,,105.27
36011245,36006912,"OIL:DI-ESTER BASED SYNTHETIC LUBE,INDUST","OIL: DI-ESTER BASED SYNTHETIC LUBE,INDUSTRIAL,AIRCOL SN 100,20 L,AMBER,FLASH POINT: 252 DEG C,POUR POINT: -39 DEG C,VISCOSITY RATING  : 0.96 KG/L AT 15 DEG C,VISCOSITY INDEX: 89,0.96 G/ML @ 15 DEG C RELATIVE DENSITY,10.3 CST @ 100 DEG C VISCOSITY","OIL:COMPRESSOR,CASTROL AIRCOL SN 100,CAN",CASTROL,149EFD,EA,230.66,"['OIL:DI-ESTER', 'BASED', 'SYNTHETIC', 'LUBE', 'INDUST']",11/20/2017,10/13/2021,,399.91
36011243,36006910,"OIL:EXTREME PRESSURE,INDUST,MINERAL,ALPH","OIL: EXTREME PRESSURE,INDUSTRIAL,MINERAL,ALPHA SP 220,18.7 SQMM/SECOND AT 100 DEG C/220 SQMM/SECOND AT 40 DEG C,ISO VG 220,5 GAL BUC  KET,AMBER,LIGHT BROWN,DENSITY: 890 KG/M3 AT 15 DEG C,FLASH POINT: 225 DEG C,FORM: LIQUID,POUR POINT: -15 DEG C,VISCOSITY INDEX: GRE A TER THAN 95","ALPHA SP 220,CAN OF 20L",CASTROL,1443AA,EA,67.04,"['OIL:EXTREME', 'PRESSURE', 'INDUST', 'MINERAL', 'ALPH']",11/20/2017,10/13/2021,,104.26
36011237,36006905,"OIL:CIRCULATING,MAGNA 2,10 SQMM/SECOND A","OIL: CIRCULATING,MAGNA 2,10 SQMM/SECOND AT 40 DEG C,20 L CAN","MAGNA 2,CAN OF 20L",CASTROL,15521F,EA,77.82,"['OIL:CIRCULATING', 'MAGNA', '2', '10', 'SQMM/SECOND', 'A']",11/20/2017,10/13/2021,,114.9
36011054,36011054,"GREASE:HIGH TEMPERATURE GREASE,18 KG,VIS","GREASE: HIGH TEMPERATURE GREASE,18 KG,VIS,NLGI 2","HIGH TEMPRATURE GREASE,CAN OF 18KG",CASTROL,1503AA,EA,121.69,"['GREASE:HIGH', 'TEMPERATURE', 'GREASE', '18', 'KG', 'VIS']",11/20/2017,10/13/2021,,178.43
36011009,36011009,"OIL:INDUST,SYNTHETIC,ALPHASYN T 220,220","OIL: INDUSTRIAL,SYNTHETIC,ALPHASYN T 220,220 SQMM/SECOND AT 40 DEG C,20 L CAN,YELLOW,DENSITY: 0.87 KG/LT AT 20 DEG C,FLASH POINT: 27  7 DEG C,POUR POINT: -42 DEG C,VISCOSITY INDEX: 135","ALPHASYN T220,CAN OF 20L",CASTROL,1574A5,EA,265.5,"['OIL:INDUST', 'SYNTHETIC', 'ALPHASYN', 'T', '220', '220']",11/20/2017,10/13/2021,,333.13
36010988,36010988,"OIL,INDUST:POLYALKYLENE GLYCOL,ALPHASYN","OIL,INDUSTRIAL: POLYALKYLENE GLYCOL,ALPHASYN PG 150,ISO 150,20L CAN,28SQ MM/S AT 100DEG C VISCOSITY,225 VISCOSITY,210DEG C FLASH POI  NT,LIGHT YELLOW,-39DEG C,1.05G/ML AT 15DEG C,GEARBOX/SYNTHETIC,150SQ MM/S AT 40DEG C","ALPHASYN PG 150,CAN OF 20L",CASTROL,153DA3,EA,291.6,"['OIL', 'INDUST:POLYALKYLENE', 'GLYCOL', 'ALPHASYN']",11/20/2017,10/13/2021,,374.5
36010987,223446_332,"OIL,INDUST:ENGINE,20L PAIL,5W30 VISCOSIT","OIL,INDUSTRIAL: ENGINE,20L PAIL,5W30 VISCOSITY,164 VISCOSITY INDEX VISCOSITY,257DEG C FLASH POINT,-42DEG C POUR POINT","ENGINE OIL,ELIXION LOW SAPS 5W30",CASTROL,159CAA,EA,268.2,"['OIL', 'INDUST:ENGINE', '20L', 'PAIL', '5W30', 'VISCOSIT']",11/20/2017,10/13/2021,,284.53
36010974,223446_301,"OIL:INDUST,MINERAL,AIRCOL PD 100,100 CST","OIL: INDUSTRIAL,MINERAL,AIRCOL PD 100,100 CST AT 40 DEG C/11.4 CST AT 100 DEG C,20 L PAIL,YELLOW,DENSITY: 0.875 KG/L AT 20 DEG C,FLA  SH POINT: 243 DEG C,POUR POINT -12 DEG C,VISCOSITY INDEX: 100","OIL,COMPRESSOR,CASTROL AIRCOL PD 100",CASTROL,15AB5B,EA,77.4,"['OIL:INDUST', 'MINERAL', 'AIRCOL', 'PD', '100', '100', 'CST']",11/20/2017,10/13/2021,,103.23
36010912,36006659,"COOLANT:ANTIFREEZE,208L PREMIXED DRUM","COOLANT: ANTIFREEZE,208L PREMIXED DRUM","RADICOOL SF PREMIX,DRUM OF 208L",CASTROL,,EA,962.55,"['COOLANT:ANTIFREEZE', '208L', 'PREMIXED', 'DRUM']",11/20/2017,10/13/2021,,1191.11
11189634,223446_244,"FLUID:CNTRL,1000L,IBC","FLUID:CONTROL,1000L,IBC,WATER-BASED SUBSEA PRODUCTION,TRANSAQUA HT2","FLUID:CONTROL,1000L,IBC,WATER-BASED SUBSEA PRODUCTION,TRANSAQUA HT2",CASTROL,148C70-1000L,EA,8890,"['FLUID:CNTRL', '1000L', 'IBC']",11/20/2017,10/13/2021,,9801.23
11185904,11185904,"OIL:ULTRA COOLANT,ISO VG 46,208 L DRUM,S","OIL: ULTRA COOLANT,ISO VG 46,208 L DRUM,SSR","LUBRICANT:ULTRA COOLANT,208L DRUM,SSR,ISO VG 46",INGERSOLL-RAND,39433743,EA,5781,"['OIL:ULTRA', 'COOLANT', 'ISO', 'VG', '46', '208', 'L', 'DRUM', 'S']",11/20/2017,10/13/2021,,6648
11168704,223446_242,"OIL,INDUST:SYNTHETIC ENGINE,1L,5000 5W40","OIL,INDUSTRIAL: SYNTHETIC ENGINE,1L,5000 5W40 VISCOSITY,174 VISCOSITY,210DEG C FLASH POINT,CLEAR,-45DEG C POUR PT","OIL,INDUSTRIAL: SYNTHETIC ENGINE,1L,5000 5W40 VISCOSITY,174 VISCOSITY,210DEG C FLASH POINT,CLEAR,-45DEG C POUR PT",CASTROL,EDGE 5W-40,EA,56,"['OIL', 'INDUST:SYNTHETIC', 'ENGINE', '1L', '5000', '5W40']",11/20/2017,10/13/2021,,-1
11158210,11158210,"OIL,INDUST:SYNTHETIC,AIRCOL SW 32,CAN,32","OIL,INDUSTRIAL:SYNTHETIC,AIRCOL SW 32,CAN,32SQ MM/SECOND AT 40DEG C VISCOSITY,233DEG C CLOSED FLASH POINT,-46DEG C POUR PT,0.977GRAM  /ML DENSITY AT 20DEG C,5.4SQ MM/SECOND AT 100DEG C","OIL,INDUSTRIAL:SYNTHETIC,AIRCOL SW 32,CAN,32SQ MM/SECOND AT 40DEG C VISCOSITY,233DEG C CLOSED FLASH POINT,-46DEG C POUR PT,0.977GRAM /ML DENSITY AT 20DEG C,5.4SQ MM/SECOND AT 100DEG C",BP,15086D,EA,488,"['OIL', 'INDUST:SYNTHETIC', 'AIRCOL', 'SW', '32', 'CAN', '32']",11/20/2017,10/13/2021,,547.54
11105663,11105663,"OIL,INDUST:COMPRSR,AIRCOL SW 170,4 X 5L","OIL,INDUSTRIAL: COMPRESSOR,AIRCOL SW 170,4 X 5L CAN,170MM2/SECOND AT 40DEG C VISCOSITY,235DEG C FLASH POINT,-27DEG C POUR PT,SYNTHET  IC POE BASED","OIL,INDUSTRIAL: COMPRESSOR,AIRCOL SW 170,4 X 5L CAN,170MM2/SECOND AT 40DEG C VISCOSITY,235DEG C FLASH POINT,-27DEG C POUR PT,SYNTHET  IC POE BASED",CASTROL,15086F,EA,488,"['OIL', 'INDUST:COMPRSR', 'AIRCOL', 'SW', '170', '4', 'X', '5L']",11/20/2017,10/13/2021,,497.81
11105659,223446_243,"GREASE,INDUST:GEN PUR,SPHEEROL EPL 1,12.","GREASE,INDUSTRIAL:GENERAL PURPOSE,SPHEEROL EPL 1,12.5KG BUCKET,NLGI 1,-20 TO 120DEG C,LITHIUM THICKENER,BROWN","GREASE,INDUSTRIAL:GENERAL PURPOSE,SPHEEROL EPL 1,12.5KG BUCKET,NLGI 1,-20 TO 120DEG C,LITHIUM THICKENER,BROWN",CASTROL,144CB0,EA,265,"['GREASE', 'INDUST:GEN', 'PUR', 'SPHEEROL', 'EPL', '1', '12.']",11/20/2017,10/13/2021,,308.99
11104694,11104694,"OIL,INDUST:CIRCULATING,MAGNA 150,208L DR","OIL,INDUSTRIAL: CIRCULATING,MAGNA 150,208L DRUM,150/14.5 CST @ 40/100DEG C VISCOSITY,97 VISCOSITY,255DEG C FLASH POINT,-18DEG C","OIL,INDUSTRIAL: CIRCULATING,MAGNA 150,208L DRUM,150/14.5 CST (A) 40/100DEG C VISCOSITY,97 VISCOSITY,255DEG C FLASH POINT,-18DEG C",CASTROL,14E65D,EA,1936,"['OIL', 'INDUST:CIRCULATING', 'MAGNA', '150', '208L', 'DR']",11/20/2017,10/13/2021,,2321.26
11077227,11077227,"OIL:ANTI-WEAR,HYD,HYSPIN AWS 22,22 CST A","OIL: ANTI-WEAR,HYDRAULIC,HYSPIN AWS 22,22 CST AT 40 DEG C,208 L,AMBER,FLASH POINT: 170 DEG C,POUR POINT: -30 DEG C,VISCOSITY INDEX:1  02","OIL,INDUSTRIAL:HYDRAULIC,HYSPIN AWS 22,55GAL,22CST AT 40DEG C,102,170DEG C,AMBER,-30DEG C",CASTROL,1514F8,EA,185,"['OIL:ANTI-WEAR', 'HYD', 'HYSPIN', 'AWS', '22', '22', 'CST', 'A']",11/20/2017,10/13/2021,,221.82
11052851,223446_26,"OIL:EXTREME PRESSURE,INDUST,MINERAL,ALPH","OIL: EXTREME PRESSURE,INDUSTRIAL,MINERAL,ALPHA SP 220,18.7 SQMM/SECOND AT 100 DEG C/220 SQMM/SECOND AT 40 DEG C,ISO VG 220,5 GAL BUC  KET,AMBER,LIGHT BROWN,DENSITY: 890 KG/M3 AT 15 DEG C,FLASH POINT: 225 DEG C,FORM: LIQUID,POUR POINT: -15 DEG C,VISCOSITY INDEX: GRE A TER THAN 95","ALPHA SP 220,CAN OF 20L",CASTROL,1443AA,EA,67.04,"['OIL:EXTREME', 'PRESSURE', 'INDUST', 'MINERAL', 'ALPH']",11/20/2017,10/13/2021,,104.26
11051839,ITEM_3,"OIL:INDUST,CRB MULTI 15W-40 CI-4/E7,106.","OIL: INDUSTRIAL,CRB MULTI 15W-40 CI-4/E7,106.4 CST AT 40 DEG C/14.4 CST AT 100 DEG C,15W40,208 L,LIGHT AMBER,DENSITY: 0.88 G/ML AT 1  5 DEG C,FLASH POINT: 224 DEG C,FORM: LIQUID,POUR POINT: -42 DEG C,VISCOSITY INDEX: 139","VECTON/CRB MULTI 15W40,DRUM OF208L",CASTROL,15BA1D,EA,735.37,"['OIL:INDUST', 'CRB', 'MULTI', '15W-40', 'CI-4/E7', '106.']",11/20/2017,10/13/2021,,971.36
11048134,11048134,"OIL,INDUST:HYD,HYSPIN AWH-M 46,20L PAIL","OIL,INDUSTRIAL: HYDRAULIC,HYSPIN AWH-M 46,20L PAIL,46CST AT 40DEG C VISCOSITY,150 VISCOSITY,220DEG C FLASH POINT,AMBER,-42DEG C","HYSPIN AWH-M 46,CAN OF 20L",CASTROL,6155/20,EA,75,"['OIL', 'INDUST:HYD', 'HYSPIN', 'AWH-M', '46', '20L', 'PAIL']",11/20/2017,10/13/2021,,103.67
10871799,10871799,"OIL,INDUST:CIRCULATING,MAGNA 150,20L PAI","OIL,INDUSTRIAL: CIRCULATING,MAGNA 150,20L PAIL,14.5MM2/S AT 100DEG C, 709-866CST AT 38DEG C, 150MM2/S AT 40DEG C VISCOSITY,97 VISCOS  ITY,149DEG C FLASH POINT,AMBER,-18DEG C,BULK DENSITY: 7.67LBS/GAL, SPECIFIC GRAVITY: 0.91 AT 16DEG C,LIQUID","OIL,INDUSTRIAL: CIRCULATING,MAGNA 150,20L PAIL,14.5MM2/S AT 100DEG C, 709-866CST AT 38DEG C, 150MM2/S AT 40DEG C VISCOSITY,97 VISCOS  ITY,149DEG C FLASH POINT,AMBER,-18DEG C,BULK DENSITY: 7.67LBS/GAL, SPECIFIC GRAVITY: 0.91 AT 16DEG C,LIQUID",CASTROL,6214/20,EA,215,"['OIL', 'INDUST:CIRCULATING', 'MAGNA', '150', '20L', 'PAI']",11/20/2017,10/13/2021,,253.1
10151885,36006888,"OIL,INDUST:GEAR,ALPHASYN T 32,20L DRUM,3","OIL,INDUSTRIAL: GEAR,ALPHASYN T 32,20L DRUM,32MM2/S AT 40DEG C VISCOSITY120 VISCOSITY,210DEG C FLASH POINT,YELLOW,-57DEG C","ALPHASYN T32,CAN OF 20L",CASTROL,3123/20,EA,254.52,"['OIL', 'INDUST:GEAR', 'ALPHASYN', 'T', '32', '20L', 'DRUM', '3']",11/20/2017,10/13/2021,,332.96
,223446_261,"BP VISCO 7000 0W 40,CAN OF 4L","BP VISCO 7000 0W 40,CAN OF 4L","OIL,ENGINE,BP VISCO 7000 0W 40,CAN",BP,,EA,33.3,"['BP', 'VISCO', '7000', '0W', '40', 'CAN', 'OF', '4L']",11/20/2017,10/13/2021,,-1
,223446_1,"RADICOOL,CAN OF 14L","BP ANTI-FREEZE,CAN OF 14L","RADICOOL,CAN OF 14L",CASTROL,,EA,74.54,"['RADICOOL', 'CAN', 'OF', '14L']",11/20/2017,10/13/2021,,95
,10170000,FERTILIZERS AND PLANT NUTRIENTS AND HERB,FERTILIZERS AND PLANT NUTRIENTS AND HERBICIDES,FERTILIZERS AND PLANT NUTRIENTS AND HERBICIDES,,,,0,"['FERTILIZERS', 'AND', 'PLANT', 'NUTRIENTS', 'AND', 'HERB']",11/20/2017,10/13/2021,,-1
,223446_336,FUCHS RENOLIN ETERNA 32 (205L),FUCHS RENOLIN ETERNA 32 (205L),FUCHS RENOLIN ETERNA 32 (205L),Fuchs,,EA,675,"['FUCHS', 'RENOLIN', 'ETERNA', '32', '(205L)']",11/20/2017,10/13/2021,,810
,223446_322,"DEGREASER,SUPER SAF-M,CAN OF 20L","DEGREASER,SUPER SAF-M,CAN OF 20L","DEGREASER,SUPER SAF-M,CAN OF 20L",PETROCHEM GROUP,SUPER SAF-M,EA,56.7,"['DEGREASER', 'SUPER', 'SAF-M', 'CAN', 'OF', '20L']",11/20/2017,10/13/2021,,56.7
,223446_330,CASTROL ANTIFREEZE/RADICOOL DRUM OF 208L,CASTROL ANTIFREEZE/RADICOOL DRUM OF 208L,CASTROL ANTIFREEZE/RADICOOL DRUM OF 208L,BP/CASTROL,15558F,EA,763.38,"['CASTROL', 'ANTIFREEZE/RADICOOL', 'DRUM', 'OF', '208L']",11/20/2017,10/13/2021,,1042.51
,223446_97,"CASTROL PERFECTO T 100,DRUM OF 208L","CASTROL PERFECTO T 100,DRUM OF 208L","OIL,TURBINE,CASTROL PERFECTO T 100",CASTROL,1562FD,EA,571.94,"['CASTROL', 'PERFECTO', 'T', '100', 'DRUM', 'OF', '208L']",11/20/2017,10/13/2021,,863.38
,223446_118,"MACDERMID ERIFON HD 603 HP,DRUM OF 205L","MACDERMID ERIFON HD 603 HP,DRUM OF 205L","FLUID,MACDERMID ERIFON HD 603 HP",MACDERMID,1901C8,EA,2396.7,"['MACDERMID', 'ERIFON', 'HD', '603', 'HP', 'DRUM', 'OF', '205L']",11/20/2017,10/13/2021,,-1
,223446_61,"CASROL HYSPIN AWH-M 15,CAN OF 20L","CASROL HYSPIN AWH-M 15,CAN OF 20L","OIL,HYDRAULIC,HYSPIN,TYPE AWH-M 15",CASTROL,1558FD,EA,75.6,"['CASROL', 'HYSPIN', 'AWH-M', '15', 'CAN', 'OF', '20L']",11/20/2017,10/13/2021,,98.37
,223446_60,"CASTROL HYSPIN AWH-M 15,DRUM OF 208L","CASTROL HYSPIN AWH-M 15,DRUM OF 208L","OIL,HYDRAULIC,HYSPIN,TYPE AWH-M 15",CASTROL,15590B,EA,593.22,"['CASTROL', 'HYSPIN', 'AWH-M', '15', 'DRUM', 'OF', '208L']",11/20/2017,10/13/2021,,845.03
,223446_76,"CASTROL MAGNA PG 100,DRUM OF 208L","CASTROL MAGNA PG 100,DRUM OF 208L","CASTROL MAGNA PG 100,DRUM OF 208L",CASTROL,158B12,EA,3690,"['CASTROL', 'MAGNA', 'PG', '100', 'DRUM', 'OF', '208L']",11/20/2017,10/13/2021,,3839.08
,223446_86,"CASTROL AIRCOL SN 100,CAN OF 20L","CASTROL AIRCOL SN 100,CAN OF 20L","OIL,COMPRESSOR,CASTROL AIRCOL SN 100",CASTROL,149EFD,EA,230.66,"['CASTROL', 'AIRCOL', 'SN', '100', 'CAN', 'OF', '20L']",11/20/2017,10/13/2021,,399.91
,223446_104,"CASTROL MAGNA 10,DRUM OF 208L","CASTROL MAGNA 10,DRUM OF 208L","OIL,CIRCULATING,CASTROL MAGNA 10,D",CASTROL,1585B4,EA,625.5,"['CASTROL', 'MAGNA', '10', 'DRUM', 'OF', '208L']",11/20/2017,10/13/2021,,900.02
,223446_116,"CASTROL TRANSAQUA HT,DRUM OF 208L","CASTROL TRANSAQUA HT,DRUM OF 208L","OIL,HYDRAULIC,CASTROL TRANSAQUA HT",CASTROL,155DF1,EA,1090,"['CASTROL', 'TRANSAQUA', 'HT', 'DRUM', 'OF', '208L']",11/20/2017,10/13/2021,,2002.82
,223446_46,"CASTROL HYSPIN HVI 15,CAN OF 20L","CASTROL HYSPIN HVI 15,CAN OF 20L","OIL,HYDRAULIC,BP BARTRAN,TYPE HV 1",BP/CASTROL,153F2E,EA,62.1,"['CASTROL', 'HYSPIN', 'HVI', '15', 'CAN', 'OF', '20L']",11/20/2017,10/13/2021,,90.8
,223446_55,"CASTROL HYSPIN HVI 68,CAN OF 20L","CASTROL HYSPIN HVI 68,CAN OF 20L","OIL,HYDRAULIC,BP BARTRAN,TYPE HV 6",BP/CASTROL,14FC71,EA,58.52,"['CASTROL', 'HYSPIN', 'HVI', '68', 'CAN', 'OF', '20L']",11/20/2017,10/13/2021,,104.38
,223446_53,"CASTROL HYSPIN HVI 46,CAN OF 20L","CASTROL HYSPIN HVI 46,CAN OF 20L","OIL,HYDRAULIC,BP BARTRAN,TYPE HV 4",BP/CASTROL,14FC6C,EA,53.41,"['CASTROL', 'HYSPIN', 'HVI', '46', 'CAN', 'OF', '20L']",11/20/2017,10/13/2021,,100.37
,223446_50,"CASTROL HYSPIN HVI 32,CAN OF 20L","CASTROL HYSPIN HVI 32,CAN OF 20L","OIL,HYDRAULIC,BP BARTRAN,TYPE HV 3",BP/CASTROL,14FBAD,EA,53.41,"['CASTROL', 'HYSPIN', 'HVI', '32', 'CAN', 'OF', '20L']",11/20/2017,10/13/2021,,101.8
,223446_57,"CASTROL HYSPIN AWH-M 68,CAN OF 20L","CASTROL HYSPIN AWH-M 68,CAN OF 20L","OIL,HYDRAULIC,HYSPIN,TYPE AWH-M 68",CASTROL,1443B4,EA,76.5,"['CASTROL', 'HYSPIN', 'AWH-M', '68', 'CAN', 'OF', '20L']",11/20/2017,10/13/2021,,103.67
,223446_56,"CASTROL HYSPIN HVI 100,DRUM OF 208L","CASTROL HYSPIN HVI 100,DRUM OF 208L","OIL,HYDRAULIC,BP BARTRAN,TYPE HV 1",CASTROL,14FAF1,EA,644.25,"['CASTROL', 'HYSPIN', 'HVI', '100', 'DRUM', 'OF', '208L']",11/20/2017,10/13/2021,,857.13
,223446_66,"CASTROL HYSPIN AWH-M 68,DRUM OF 208L","CASTROL HYSPIN AWH-M 68,DRUM OF 208L","OIL,HYDRAULIC,HYSPIN,TYPE AWH-M 68",CASTROL,14337B,EA,689.4,"['CASTROL', 'HYSPIN', 'AWH-M', '68', 'DRUM', 'OF', '208L']",11/20/2017,10/13/2021,,918.28
,223446_300,"CASTROL AIRCOL PG 185,DRUM OF 20L","CASTROL AIRCOL PG 185,DRUM OF 20L","CASTROL AIRCOL PG 185,DRUM OF 20L",CASTROL,1570AA,EA,289.79,"['CASTROL', 'AIRCOL', 'PG', '185', 'DRUM', 'OF', '20L']",11/20/2017,10/13/2021,,-1
,223446_304,"CASTROL ALPHA SP 150,CAN OF 20L","CASTROL ALPHA SP 150,CAN OF 20L","OIL,GEAR,CASTROL ALPHA SP 150,CAN",CASTROL,1443A9,EA,67.04,"['CASTROL', 'ALPHA', 'SP', '150', 'CAN', 'OF', '20L']",11/20/2017,10/13/2021,,97.05
,223446_161,"CASTROL VECTON DD MONOGRADE 40,CAN OF 20","CASTROL VECTON DD MONOGRADE 40,CAN OF 20L","CASTROL VECTON DD MONOGRADE 40,CAN OF 20L",CASTROL,14BE3F,EA,82.17,"['CASTROL', 'VECTON', 'DD', 'MONOGRADE', '40', 'CAN', 'OF', '20']",11/20/2017,10/13/2021,,110
,223446_171,"CASTROL DURATEC M,DRUM OF 208L","CASTROL DURATEC M,DRUM OF 208L","OIL,ENGINE,CASTROL DURATEC M,",CASTROL,14AAA8,EA,718.7,"['CASTROL', 'DURATEC', 'M', 'DRUM', 'OF', '208L']",11/20/2017,10/13/2021,,1005.95
,223446_27,"CASTROL ALPHA SP 220,DRUM OF 208L","CASTROL ALPHA SP 220,DRUM OF 208L","OIL,GEAR,CASTROL ALPHA SP 220",CASTROL,145B1A,EA,657.03,"['CASTROL', 'ALPHA', 'SP', '220', 'DRUM', 'OF', '208L']",11/20/2017,10/13/2021,,867.87
,223446_38,"CASTROL ALPHASYN PG 150,CAN OF 20L","CASTROL ALPHASYN PG 150,CAN OF 20L","OIL,GEAR,CASTROL ALPHASYN,TYPE PG-",CASTROL,153DA3,EA,291.6,"['CASTROL', 'ALPHASYN', 'PG', '150', 'CAN', 'OF', '20L']",11/20/2017,10/13/2021,,374.5
,223446_32,"CASTROL ALPHASYN EP 150,CAN OF 20L","CASTROL ALPHASYN EP 150,CAN OF 20L","OIL:SYNTHETIC GEAR,ALPHASYN,EP 150,",CASTROL,15AD3A,EA,310.5,"['CASTROL', 'ALPHASYN', 'EP', '150', 'CAN', 'OF', '20L']",11/20/2017,10/13/2021,,390.53
,223446_43,"CASTROL BIOBAR 32,DRUM OF 208L","CASTROL BIOBAR 32,DRUM OF 208L","OIL,HYDRAULIC,CASTROL BIOBAR 32",CASTROL,15662F,EA,1735.72,"['CASTROL', 'BIOBAR', '32', 'DRUM', 'OF', '208L']",11/20/2017,10/13/2021,,2409.66
,73000000,"CASTROL HYSPIN AWH-M 46,CAN OF 20L","CASTROL HYSPIN AWH-M 46,CAN OF 20L","CASTROL HYSPIN AWH-M 46,CAN OF 20L",CASTROL,1443B3,EA,79.2,"['CASTROL', 'HYSPIN', 'AWH-M', '46', 'CAN', 'OF', '20L']",11/20/2017,10/13/2021,,103.67
,223446_335,"CASTROL SPHEEROL EPL 2,TUBE OF 400GR","CASTROL SPHEEROL EPL 2,TUBE OF 400GR","CASTROL SPHEEROL EPL 2,TUBE OF 400GR",CASTROL,14357D,EA,10.8,"['CASTROL', 'SPHEEROL', 'EPL', '2', 'TUBE', 'OF', '400GR']",11/20/2017,10/13/2021,,11.68
,223446_320,BP AUTRAN MBX/ATF DEX II CAN OF 17/20L,BP AUTRAN MBX/ATF DEX II CAN OF 17/20L,BP AUTRAN MBX/ATF DEX II CAN OF 17/20L,BP/CASTROL,154C8C,EA,77.26,"['BP', 'AUTRAN', 'MBX/ATF', 'DEX', 'II', 'CAN', 'OF', '17/20L']",11/20/2017,10/13/2021,,112.01
,223446_327,"CASTROL PERFECTO T68,DRUM OF 208L","CASTROL PERFECTO T68,DRUM OF 208L","OIL:TURBINE,CASTROL,PERFECTO T68",CASTROL,157A0D,EA,571.94,"['CASTROL', 'PERFECTO', 'T68', 'DRUM', 'OF', '208L']",11/20/2017,10/13/2021,,863.39
,223446_7,"CASTROL RADICOOL SF,DRUM OF 208L","CASTROL RADICOOL SF,DRUM OF 208L","CASTROL RADICOOL SF,DRUM OF 208L",BP/CASTROL,155B82,EA,1585,"['CASTROL', 'RADICOOL', 'SF', 'DRUM', 'OF', '208L']",11/20/2017,10/13/2021,,1865.55
,223446_96,"OIL,INDUSTRIAL:CASTROL PERFECTO T100","OIL,INDUSTRIAL:TURBINE,CASTROL PERFECTO T100,20L DRUM,96CST AT 40DEG C VISCOSITY,96,225DEG C FLASH POINT,-9DEG C,DENSITY: 0.880KG/LT   AT 20DEG C","PERFECTO T 100,CAN OF 20L",CASTROL,1562FA,EA,58.86,"['OIL', 'INDUSTRIAL:CASTROL', 'PERFECTO', 'T100']",11/20/2017,10/13/2021,,105.27
,223446_16,"OIL,AUTO:AGRI MP PLUS,CAN OF 20L","OIL,AUTOMOTIVE:ENGINE,AGRI MP PLUS,20L PAIL,SAE 10W-30,11CST AT 100DEG C VISCOSITY,200DEG C MIN FLASH PT,-36DEG C POUR PT,ACEA E4","AGRI MP PLUS,CAN OF 20L",CASTROL,14A96D,EA,82.8,"['OIL', 'AUTO:AGRI', 'MP', 'PLUS', 'CAN', 'OF', '20L']",11/20/2017,10/13/2021,,105
,36006746,"HYSPIN HVI 32,DRUM OF 208L","OIL,INDUSTRIAL:0.87G/ML AT 15DEG C,MULTIGRADE,BARTRAN HV 32,LIQUID,208L DRUM,32CST AT 40DEG C VISCOSITY/8920CST AT -30DEG C VISCOSIT  Y/6.3CST AT 100DEG C VISCOSITY,GREATER THAN 150 VISCOSITY,200DEG C FLASH POINT,LIGHT YELLOW,-39DEG C","HYSPIN HVI 32,DRUM OF 208L",CASTROL,BARTRAN HV 32,EA,568.39,"['HYSPIN', 'HVI', '32', 'DRUM', 'OF', '208L']",11/20/2017,10/13/2021,,957.11
,36006729,"1516-100,DRUM OF 208L","OIL,INDUSTRIAL:COMPRESSOR,1G/ML AT 20DEG C,208L DRUM,100.6CST AT 40DEG C/18.6CST AT 100DEG C,223,260DEG C,-40DEG C","1516-100,DRUM OF 208L",CPI,CP-1516-100,EA,3690,"['1516-100', 'DRUM', 'OF', '208L']",11/20/2017,10/13/2021,,3839.08
,36006770,"SPHEEROL SX 2,TUBE OF 400GR","GREASE,INDUSTRIAL:MULTI PURPOSE,ENERGREASE MP-MG 2,400G TUBE,2,-20 TO 150DEG C,COMPLEX CALCIUM SULPHONATE THICKENER,PALE BROWN","SPHEEROL SX 2,TUBE OF 400GR",CASTROL,ENERGREASE,EA,6.61,"['SPHEEROL', 'SX', '2', 'TUBE', 'OF', '400GR']",11/20/2017,10/13/2021,,7.22
,36006920,"SPHEEROL EPL 2,CAN OF 18KG","LUBRICANT:EXTREME PRESSURE GREASE,SPHEEROL,LIQUID,LITHIUM,18KG CAN","SPHEEROL EPL 2,CAN OF 18KG",CASTROL,EPL2,EA,85.43,"['SPHEEROL', 'EPL', '2', 'CAN', 'OF', '18KG']",11/20/2017,10/13/2021,,149
,36006909,"AXLE EPX 80W90,CAN OF 20L","OIL:GEAR,CAN,20L","AXLE EPX 80W90,CAN OF 20L",CASTROL,EPX 80W-90,EA,70.69,"['AXLE', 'EPX', '80W90', 'CAN', 'OF', '20L']",11/20/2017,10/13/2021,,-1
,36006753,"ERIFON CLS 40,DRUM OF 205L","FLUID:CONTROL,205L DRUM","ERIFON CLS 40,DRUM OF 205L",MACDERMID CANNING,ERIFON CLS 40,EA,1980,"['ERIFON', 'CLS', '40', 'DRUM', 'OF', '205L']",11/20/2017,10/13/2021,,2178
,36006917,"AERO HF 585B,CAN OF 20L","OIL,INDUSTRIAL:870KG/M3 AT 15DEG C,HYDRAULIC,LIQUID,AERO HF 585B,20L CAN,40MM2/S AT 40DEG C VISCOSITY/5.4MM2/S AT 100DEG C VISCOSITY  ,GREATER THAN 350 VISCOSITY,100DEG C FLASH POINT,RED,LESS THAN -70DEG C","AERO HF 585B,CAN OF 20L",CASTROL,HF585B,EA,138.08,"['AERO', 'HF', '585B', 'CAN', 'OF', '20L']",11/20/2017,10/13/2021,,245
,36006747,"HYSPIN HVI 46,DRUM OF 208L","LUBRICANT,INDUSTRIAL:HYDRAULIC MINERAL,BARTRAN,8.22CST AT 100DEG C,222DEG C,208L DRUM","HYSPIN HVI 46,DRUM OF 208L",BP,HV 46,EA,653.66,"['HYSPIN', 'HVI', '46', 'DRUM', 'OF', '208L']",11/20/2017,10/13/2021,,870.68
,36006744,"OCEANIC HW443,DRUM OF 205L","FLUID:CONTROL,205L DRUM","OCEANIC HW443,DRUM OF 205L",MACDERMID CANNING,HW-443,EA,2344.5,"['OCEANIC', 'HW443', 'DRUM', 'OF', '205L']",11/20/2017,10/13/2021,,2578.95
,36006704,"HYSPIN AWH-M 46,DRUM OF 208L","OIL,INDUSTRIAL:MINERAL,HYSPIN AWH-M 46,208L DRUM,46CST AT 40DEG C/8.1CST AT 100DEG C,150,220DEG C,-36DEG C","HYSPIN AWH-M 46,DRUM OF 208L",CASTROL,6155/208,EA,792.81,"['HYSPIN', 'AWH-M', '46', 'DRUM', 'OF', '208L']",11/20/2017,10/13/2021,,1065.54
,36006848,"SEAL GUARD ECF,CAN OF 20KG","COMPOUND,SEALING:PREMIUM THREAD,SEAL-GUARD ECF,20KG PAIL","SEAL GUARD ECF,CAN OF 20KG",JET-LUBE,JA20915,EA,331,"['SEAL', 'GUARD', 'ECF', 'CAN', 'OF', '20KG']",11/20/2017,10/13/2021,,364.1
,36006673,"MAGNA 10,CAN OF 20L","OIL,INDUSTRIAL:HIGHLY REFINED STR MINERAL,870KG/M3 AT 15DEG C,MULTI PURPOSE,MAGNA 10,LIQUID,20L PAIL,10MM2/S AT 40DEG C VISCOSITY/2.  55MM2/S AT 100DEG C VISCOSITY,150DEG C FLASH POINT,AMBER,-33DEG C","MAGNA 10,CAN OF 20L",CASTROL,6203/20,EA,60.9,"['MAGNA', '10', 'CAN', 'OF', '20L']",11/20/2017,10/13/2021,,149.54
,36006734,"PERFECTO T46,CAN OF 20L","OIL,INDUSTRIAL:TURBINE,PERFECTO T46,20L PAIL,46MM2/S AT 40DEG C,102,220DEG C,-12DEG C","PERFECTO T46,CAN OF 20L",CASTROL,2108/20,EA,58.86,"['PERFECTO', 'T46', 'CAN', 'OF', '20L']",11/20/2017,10/13/2021,,93.81
,36006735,"PERFECTO T68,CAN OF 20L","OIL,INDUSTRIAL:COMPRESSOR,881KG/M3 AT 15DEG C,TURBINE,PERFECTO T68,LIQUID,20L PAIL,68MM2/S AT 40DEG C/8.6MM2/S AT 100DEG C,102,228DE  G C,-12DEG C","PERFECTO T68,CAN OF 20L",CASTROL,2111/20,EA,58.86,"['PERFECTO', 'T68', 'CAN', 'OF', '20L']",11/20/2017,10/13/2021,,105.27
,36006737,"PERFECTO XPG 32,DRUM OF 208L","OIL,INDUSTRIAL:ANTI-WEAR/OXIDATION RESISTANT,PERFECTO XPG 32,264GAL TOTE,32MM2/S AT 40DEG C,112,222DEG C,YELLOW,-15DEG C,DRUM OF 208  L","PERFECTO XPG 32,DRUM OF 208L",CASTROL,2127/IBC,EA,971.66,"['PERFECTO', 'XPG', '32', 'DRUM', 'OF', '208L']",11/20/2017,10/13/2021,,1122.85
,36006904,"PERFECTO T 68,DRUM OF 208L","OIL:TURBINE,CASTROL,208L DRUM","PERFECTO T 68,DRUM OF 208L",CASTROL,T68,EA,571.94,"['PERFECTO', 'T', '68', 'DRUM', 'OF', '208L']",11/20/2017,10/13/2021,,863.39
,36006715,TECTION/VECTON MONOGRADE 30,"OIL,AUTOMOTIVE:ENGINE,LIQUID,AMBER,TECTION MONOGRADE 30,20L CAN,30,CF/CF-II/SF,98.6MM2/S AT 40DEG C,-24DEG C",TECTION/VECTON MONOGRADE 30,CASTROL,2235/20,EA,61.11,"['TECTION/VECTON', 'MONOGRADE', '30']",11/20/2017,10/13/2021,,110
,ITEM_1,"VECTON/CRB MULTI 15W40,1000L","OIL,AUTOMOTIVE:ENGINE,LIQUID,LIGHT AMBER,VECTON 15W40,1000L IBC,15W40,CI-4/SL,106.4CST AT 40DEG C/14.4CST AT 100DEG C,224DEG C,-42DE  G C","VECTON/CRB MULTI 15W40,1000L",CASTROL,2494/IBC,EA,3536.25,"['VECTON/CRB', 'MULTI', '15W40', '1000L']",11/20/2017,10/13/2021,,4855
,ITEM_3,"VECTON/CRB MULTI 15W40,DRUM OF208L","OIL,INDUSTRIAL:0.88G/ML AT 15DEG C,ENGINE,VECTON 15W40,LIQUID,208L,106.4CST AT 40DEG C/14.4CST AT 100DEG C,139,224DEG C,LIGHT AMBER,  -42DEG C","VECTON/CRB MULTI 15W40,DRUM OF208L",CASTROL,2494/208,EA,735.37,"['VECTON/CRB', 'MULTI', '15W40', 'DRUM', 'OF208L']",11/20/2017,10/13/2021,,971.35
,ITEM 4,"SEAL-GUARD NON ECF,20KG PAIL","GREASE:DOPE,SEAL-GUARD,20KG PAIL,-29 TO 260DEG C,NON ECF","SEAL-GUARD NON ECF,20KG PAIL",JET-LUBE,14417,EA,295,"['SEAL-GUARD', 'NON', 'ECF', '20KG', 'PAIL']",11/20/2017,10/13/2021,,324.5
,36011089,"HIGH TEMPRATURE GREASE,TUBE OF 400GR","GREASE,INDUSTRIAL:EXTREME PRESSURE/MULTI PURPOSE/PREMIUM,GADUS S3 V220C 2,400G TUBE,2,LITHIUM COMPLEX THICKENER,220CST AT 40DEC C VI  SCOSITY,RED","HIGH TEMPRATURE GREASE,TUBE OF 400GR",CASTROL,550028002,EA,3.6,"['HIGH', 'TEMPRATURE', 'GREASE', 'TUBE', 'OF', '400GR']",11/20/2017,10/13/2021,,5.77
,36011054,"HIGH TEMPRATURE GREASE,CAN OF 18KG","GREASE:HIGH TEMPERATURE,18KG BUCKET/PAIL","HIGH TEMPRATURE GREASE,CAN OF 18KG",CASTROL,1604/18,EA,121.69,"['HIGH', 'TEMPRATURE', 'GREASE', 'CAN', 'OF', '18KG']",11/20/2017,10/13/2021,,178.43
,36011029,"HYSPIN HVI 68,DRUM OF 208L","OIL,INDUSTRIAL:0.881KG/L AT 20DEG C,HIGH VISCOSITY/HYDRAULIC/MINERAL,BARTRAN HV 68,LIQUID,ISO 68,208L DRUM,68CST AT 40DEG C VISCOSIT  Y/10.67CST AT 100DEG C VISCOSITY,144 VISCOSITY,204DEG C FLASH POINT,BROWN,-30DEG C","HYSPIN HVI 68,DRUM OF 208L",CASTROL,HV 68,EA,568.4,"['HYSPIN', 'HVI', '68', 'DRUM', 'OF', '208L']",11/20/2017,10/13/2021,,943.71
,36010996,"ALPHA SP 320,DRUM OF 208L","OIL,INDUSTRIAL:GEAR/GEARBOX/MINERAL,ISO 320,208L DRUM","ALPHA SP 320,DRUM OF 208L",CASTROL,,EA,755.58,"['ALPHA', 'SP', '320', 'DRUM', 'OF', '208L']",11/20/2017,10/13/2021,,998.05
,10871780,"ALPHA SP 320,CAN OF 20L","OIL,INDUSTRIAL:GEAR/ANTI-WEAR,CASTROL ALPHA SP 320,20L CAN,318.26CST AT 40DEG C VISCOSITY,96,226DEG C FLASH POINT,VISCOSITY RATING: 318.26CST AT 40DEG C,23.68CST AT 100DEG C,SPECIFIC GRAVITY: 0.892 AT 15DEG C,EXTREME PRESSURE","ALPHA SP 320,CAN OF 20L",CASTROL,CASTROLALPHASP320,EA,67.04,"['ALPHA', 'SP', '320', 'CAN', 'OF', '20L']",11/20/2017,10/13/2021,,104.2
,36006709,"CRESTA PG 220,DRUM OF 208L","LUBRICANT:COMPRESSOR,ALPHASYN PG 220,LIQUID,POLYALKYLENE GLYCOL,DRUM OF 208L","CRESTA PG 220,DRUM OF 208L",CASTROL,,EA,3690,"['CRESTA', 'PG', '220', 'DRUM', 'OF', '208L']",11/20/2017,10/13/2021,,3839.08
,11081785,"DIESEL,RESIST,VLV LUBR EZY TURN #4,18KG","SEALANT:GATE VALVE,EZY TURN 4,18KG CAN,PASTE,GREY/BLACK,-40 TO 500DEG F,INORGANIC THICKNER,415DEG F FLASH POINT","DIESEL,RESIST,VLV LUBR EZY TURN #4,18KG",JET-LUBE,92022,EA,727.2,"['DIESEL', 'RESIST', 'VLV', 'LUBR', 'EZY', 'TURN', '#4', '18KG']",11/20/2017,10/13/2021,,799.92
,36011024,"HYSPIN HVI 22,CAN OF 20L","OIL,INDUSTRIAL:HIGH VISCOSITY,0.88G/ML AT 15DEG C,HYDRAULIC/MINERAL,BARTRAN HV 22,LIQUID,ISO 22,20L CAN,22MM2/S AT 40DEG C VISCOSITY  /4.8MM2/S AT 100DEG C VISCOSITY,GREATER THAN 150 VISCOSITY,175DEG C FLASH POINT,AMBER,-48DEG C","HYSPIN HVI 22,CAN OF 20L",CASTROL,HV 22,EA,60.9,"['HYSPIN', 'HVI', '22', 'CAN', 'OF', '20L']",11/20/2017,10/13/2021,,104.95
,36010993,"ALPHA SP 100,DRUM OF 208L","OIL,INDUSTRIAL:GEAR/MINERAL,ALPHA SP 100,LIQUID,208L DRUM,100CST AT 40DEG C,80,200DEG C,AMBER,-21DEG C","ALPHA SP 100,DRUM OF 208L",CASTROL,3182/208,EA,755.58,"['ALPHA', 'SP', '100', 'DRUM', 'OF', '208L']",11/20/2017,10/13/2021,,922.56
,36120257,"TURBO-K,CAN OF 20L","OIL:TURBINE,TURBO-K,20L CAN","TURBO-K,CAN OF 20L",CASTROL,,EA,180.31,"['TURBO-K', 'CAN', 'OF', '20L']",11/20/2017,10/13/2021,,254.89
,36010933,"PERFECTO XEP 46,DRUM OF 208L","OIL,INDUSTRIAL:TURBINE,PERFECTO XEP 46,208L DRUM,46MM2/S AT 40DEG C/7.1MM2/S AT 100DEG C,112,234DEG C,LIGHT YELLOW,-15DEG C","PERFECTO XEP 46,DRUM OF 208L",CASTROL,2117/208,EA,715.5,"['PERFECTO', 'XEP', '46', 'DRUM', 'OF', '208L']",11/20/2017,10/13/2021,,1114.19
,36103500,"API MODIFIED,CAN OF 23KG","COMPOUND,SEALING:SEAL-GUARD ECF,23KG PAIL,API MODIFIED","API MODIFIED,CAN OF 23KG",JET-LUBE,JA22193,EA,426.6,"['API', 'MODIFIED', 'CAN', 'OF', '23KG']",11/20/2017,10/13/2021,,469.26
,11072569,"ALPHASYN T 150,CAN OF 20L","OIL,INDUSTRIAL:SYNTHETIC GEAR LUBRICANT,ALPHASYN T,20L CONTAINER,150 MM2/S AT 40DEG C VISCOSITY,131 VISCOSITY,230DEG C FLASH POINT,A  MBER,-42DEG C,ISO","ALPHASYN T 150,CAN OF 20L",CASTROL,ALPHASYN T150,EA,310.5,"['ALPHASYN', 'T', '150', 'CAN', 'OF', '20L']",11/20/2017,10/13/2021,,357.6
,36011260,"DURATEC L,DRUM,208L","OIL:ENGINE,CASTROL DURATEC L,DRUM,208L","DURATEC L,DRUM,208L",CASTROL,452689,EA,718.7,"['DURATEC', 'L', 'DRUM', '208L']",11/20/2017,10/13/2021,,916.56
,36010987,VECTON FUEL SAVER 5W30 CAN OF20L,"OIL,INDUSTRIAL:ENGINE,20L PAIL,5W30 VISCOSITY,164 VISCOSITY INDEX,257DEG C FLASH POINT,-42DEG C POUR POINT",VECTON FUEL SAVER 5W30 CAN OF20L,CASTROL,14C9C4,EA,268.2,"['VECTON', 'FUEL', 'SAVER', '5W30', 'CAN', 'OF20L']",11/20/2017,10/13/2021,,284.53
,36010997,"ALPHA SP 68,CAN OF 20L","OIL,INDUSTRIAL:GEAR/MINERAL,ALPHA SP 68,20L PAIL,64-72CST AT 40DEG C,90,200DEG C,CLEAR,-21DEG C","ALPHA SP 68,CAN OF 20L",CASTROL,3181/20,EA,67.04,"['ALPHA', 'SP', '68', 'CAN', 'OF', '20L']",11/20/2017,10/13/2021,,97.05
,11130268,"UNINHIBITED TRANSFORMER,DRUM OF 208L","OIL:UNINHIBITED TRANSFORMER,208L DRUM","UNINHIBITED TRANSFORMER,DRUM OF 208L",CASTROL,15137C,EA,788,"['UNINHIBITED', 'TRANSFORMER', 'DRUM', 'OF', '208L']",11/20/2017,10/13/2021,,927.63
,36006775,"SPHEEROL SX2,CAN OF 18KG","GREASE,INDUSTRIAL:MULTIPURPOSE,SPHEEROL SX 2,400GM CARTRIDGE,2,-20 TO 150DEG C,COMPLEX CALCIUM SULPHONATE,180CST AT 40DEC C,PALE BRO  WN","SPHEEROL SX2,CAN OF 18KG",CASTROL,9098/12X.4,EA,152.98,"['SPHEEROL', 'SX2', 'CAN', 'OF', '18KG']",11/20/2017,10/13/2021,,220.9
,36006720,"AIRCOL SR 46,CAN OF 20L","OIL,INDUSTRIAL:POLYALPHAOLEFIN BASED SYN LUBE,CASTROL AIRCOL SR 46,20L CAN,46 CST AT 40 DEG VISCOSITY VISCOSITY,137 VISCOSITY,264 DE  G C FLASH POINT FLASH POINT,AMBER,-54 DEG C,AIR COMPRESSOR","AIRCOL SR 46,CAN OF 20L",CASTROL,AIRCOL SR 46,EA,141.07,"['AIRCOL', 'SR', '46', 'CAN', 'OF', '20L']",11/20/2017,10/13/2021,,212.5
,36006748,"BIOBAR 46,DRUM OF 208L","OIL,INDUSTRIAL:HYDRAULIC,208L DRUM,47.8 CST (A) 40 DEG C VISCOSITY VISCOSITY,146 VISCOSITY,232 DEG C FLASH POINT FLASH POINT,-45 DEG   C POUR POINT,8.2 CST (A) 100 DEG C,0.910 RELATIVE DENSITY","BIOBAR 46,DRUM OF 208L",CASTROL,BIOBAR 46,EA,1735.72,"['BIOBAR', '46', 'DRUM', 'OF', '208L']",11/20/2017,10/13/2021,,2363.71
,36006675,"PERFECTO T 46,DRUM OF 208L","OIL,INDUSTRIAL:TURBINE/MINERAL/HIGHLY REFINED,PERFECTO T46,208L DRUM,46MM2/S AT 40DEG C,102,200DEG C,-12DEG C","PERFECTO T 46,DRUM OF 208L",CASTROL,2108/208,EA,571.94,"['PERFECTO', 'T', '46', 'DRUM', 'OF', '208L']",11/20/2017,10/13/2021,,863.39
,36011256,"RADICOOL SF PREMIX,DRUM OF 208L","COOLANT,ENGINE:ANTI-FREEZE,208L DRUM","RADICOOL SF PREMIX,DRUM OF 208L",CASTROL,1715/208,EA,962.55,"['RADICOOL', 'SF', 'PREMIX', 'DRUM', 'OF', '208L']",11/20/2017,10/13/2021,,1191.11
,40020558,"CASTROL SPHEEROL AP3,CAN OF 18KG","GREASE,INDUSTRIAL:WATERPROOF,SPHEEROL AP3,18KG PAIL,3,-20 TO 120DEG C,LITHIUM SOAP,120MM SQ/SEC AT 40DEC C,LIGHT BROWN","CASTROL SPHEEROL AP3,CAN OF 18KG",CASTROL,9003/18,EA,165,"['CASTROL', 'SPHEEROL', 'AP3', 'CAN', 'OF', '18KG']",11/20/2017,10/13/2021,,192.39
,36006736,"PERFECTO T 32,DRUM OF 208L","OIL,INDUSTRIAL:MINERAL/TURBINE,PERFECTO T32,208L DRUM,32MM2/S AT 40DEG C,102,216DEG C,AMBER,-12DEG C","PERFECTO T 32,DRUM OF 208L",CASTROL,2104/208,EA,571.94,"['PERFECTO', 'T', '32', 'DRUM', 'OF', '208L']",11/20/2017,10/13/2021,,861.06
,11105657,"CASTROL SPHEEROL AP2,CAN OF 18KG","GREASE,INDUSTRIAL:MULTI PURPOSE,SPHEEROL AP2,18KG BUCKET,2,-20 TO 120DEG C,LITHIUM SOAP THICKENER,85-105MM SQ/SEC AT 40DEC C VISCOSI  TY,BROWN","CASTROL SPHEEROL AP2,CAN OF 18KG",CASTROL,9002/18,EA,165,"['CASTROL', 'SPHEEROL', 'AP2', 'CAN', 'OF', '18KG']",11/20/2017,10/13/2021,,192.39
,11199132,"CASTROL HYSPIN AWS 68,DRUM OF 208L","OIL,INDUSTRIAL:HYDRAULIC/ANTI-WEAR,HYSPIN AWS 68,208L DRUM,68CST AT 40DEG C VISCOSITY,102 INDEX VISCOSITY,220DEG C FLASH POINT,-21DE  G C,VISCOSITY RATING 8.6CST AT 100DEG C","CASTROL HYSPIN AWS 68,DRUM OF 208L",CASTROL,14606E,EA,795,"['CASTROL', 'HYSPIN', 'AWS', '68', 'DRUM', 'OF', '208L']",11/20/2017,10/13/2021,,1104.97
,36006784,"COMPOUND:JET LUBE KOPR KOTE,CAN OF 20KG","COMPOUND:ALUMINUM BASE,-18 TO 232DEG C,KOPR-KOTE,SEMI SOLID,20KG PAIL","JET LUBE KOPR KOTE,CAN OF 20KG",JET-LUBE,,EA,325,"['COMPOUND:JET', 'LUBE', 'KOPR', 'KOTE', 'CAN', 'OF', '20KG']",11/20/2017,10/13/2021,,357.5
,11198265,"GREASE,INDUST:GEN PUR,SPHEEROL EPL3,16KG","GREASE,INDUSTRIAL:GENERAL PURPOSE,SPHEEROL EPL3,16KG PAIL,NLGI GR 3,LITHIUM THICKENER,150 TO 200CST AT 40DEG C VISCOSITY,AMBER TO BR  OWN","CASTROL SPHEEROL EPL3,16 KG",CASTROL,15A4F2,EA,148,"['GREASE', 'INDUST:GEN', 'PUR', 'SPHEEROL', 'EPL3', '16KG']",11/20/2017,10/13/2021,,156.88
,36006681,"HYSPIN AWH-M 32,CAN OF 20L","OIL,INDUSTRIAL:ANTI-WEAR,0.874KG/L AT 15DEG C,HYDRAULIC/MINERAL,HYSPIN AWH-M 32,LIQUID,20L PAIL,32CST AT 40DEG C/6.3CST AT 100DEG C,  150,180DEG C,LIGHT YELLOW,-42DEG C","HYSPIN AWH-M 32,CAN OF 20L",CASTROL,6154/20,EA,79.2,"['HYSPIN', 'AWH-M', '32', 'CAN', 'OF', '20L']",11/20/2017,10/13/2021,,103.67
,223446_333,"OIL,INDUST:AIRCOL SR 68,CAN OF 20L","OIL,INDUSTRIAL:COMPRESSOR,AIRCOL SR 68,20L PAIL,68 CST (A) 40DEG C VISCOSITY,142 VISCOSITY,249DEG C FLASH POINT,-54DEG C","AIRCOL SR 68,CAN OF 20L",CASTROL,1495FE,EA,142.2,"['OIL', 'INDUST:AIRCOL', 'SR', '68', 'CAN', 'OF', '20L']",11/20/2017,10/13/2021,,212.53
,36006750,"RAND ULTRA COOLANT,CAN OF 25L","COOLANT:ULTRA,25L PAIL","RAND ULTRA COOLANT,CAN OF 25L",INGERSOLL-RAND,,EA,1390.5,"['RAND', 'ULTRA', 'COOLANT', 'CAN', 'OF', '25L']",11/20/2017,10/13/2021,,-1
,36006698,"DEGREASER SUPER SAF M,IBC OF 1000L","CLEANER:DEGREASER/NON TOXIC,LIQUID,1000L","DEGREASER SUPER SAF M,IBC OF 1000L",IBC,,EA,2812.5,"['DEGREASER', 'SUPER', 'SAF', 'M', 'IBC', 'OF', '1000L']",11/20/2017,10/13/2021,,2812.5
,36006890,"MAGNA 220,CAN OF 20L","OIL,INDUSTRIAL:AIR LUBRICATION,0.89G/ML AT 15DEG C,MINERAL,MAGNA 220,LIQUID,ISO 220,20L CAN,220MM2/S AT 40DEG C/19.1MM2/S AT 100DEGC  ,97,232DEG C,AMBER,-15DEG C","MAGNA 220,CAN OF 20L",CASTROL,6217/20,EA,67.73,"['MAGNA', '220', 'CAN', 'OF', '20L']",11/20/2017,10/13/2021,,114.9
,36006895,"MAGNA 68,DRUM OF 208L","OIL,INDUSTRIAL:LUBRICATION,880KG/M3 AT 15DEG C,HIGHLY REFINED STR MINERAL,MAGNA 68,LIQUID,ISO 68,208L DRUM,68MM2/S AT 40DEG C/8.6MM2  /S AT 100DEG C,102,220DEG C,AMBER,-18DEG C","MAGNA 68,DRUM OF 208L",CASTROL,6210/208,EA,612.23,"['MAGNA', '68', 'DRUM', 'OF', '208L']",11/20/2017,10/13/2021,,947.42
,36006894,"MAGNA 68,CAN OF 20L","OIL,INDUSTRIAL:MINERAL,880KG/M3 AT 15DEG C,LUBRICATION,MAGNA 68,LIQUID,ISO 68,20L CAN,68MM2/S AT 40DEG C/8.6MM2/S AT 100DEG C,102,22  0DEG C,AMBER,-18DEG C","MAGNA 68,CAN OF 20L",CASTROL,1558AD,EA,64.8,"['MAGNA', '68', 'CAN', 'OF', '20L']",11/20/2017,10/13/2021,,114.9
,36006749,"PERFECTO HT 5,DRUM OF 208L","OIL:HEAT TRANSFER/MINERAL,TRANSCAL N,208L DRUM","PERFECTO HT 5,DRUM OF 208L",CASTROL,,EA,825.06,"['PERFECTO', 'HT', '5', 'DRUM', 'OF', '208L']",11/20/2017,10/13/2021,,1146.75
,36006741,"PERFECTO HT 2,DRUM OF 208L","OIL,INDUSTRIAL:HEAT TRANSFER FLUID,1000KG/M3 AT 15DEG C,HOT OIL SYSTEM/LOW TEMPERATURE/MINERAL,TRANSCAL LT,LIQUID,208L DRUM,9.1CST A  T 40DEG C,LIGHT AMBER","PERFECTO HT 2,DRUM OF 208L",CASTROL,,EA,825.06,"['PERFECTO', 'HT', '2', 'DRUM', 'OF', '208L']",11/20/2017,10/13/2021,,1090.55
,36006706,"MAGNA 2,DRUM OF 203L","OIL,INDUSTRIAL:GEAR/MINERAL,MAGNA 2,203L DRUM,2MM2/S AT 40DEG C,85DEG C,YELLOW,-39DEG C","MAGNA 2,DRUM OF 203L",CASTROL,6200/203,EA,682.1,"['MAGNA', '2', 'DRUM', 'OF', '203L']",11/20/2017,10/13/2021,,947.42
,36006705,"MAGNA 2,CAN OF 20L","OIL,INDUSTRIAL:LUBRICATION,MAGNA 2,20L,2MM2/S AT 40DEG C,85DEG C,YELLOW,-39DEG C","MAGNA 2,CAN OF 20L",CASTROL,6200/20,EA,77.82,"['MAGNA', '2', 'CAN', 'OF', '20L']",11/20/2017,10/13/2021,,114.9
,36006764,"TRIBOL GR-XT 2 HT,TUBE OF 0.4KG","GREASE,INDUSTRIAL:HIGH TEMPERATURE,TRIBOL GR XT 2 HT,0.4KG TUBE,2,-25 TO 180DEG C,POLYUREA,270MM SQ/SEC AT 40DEC C,RED","TRIBOL GR-XT 2 HT,TUBE OF 0.4KG",CASTROL,3739/0.4,EA,7.11,"['TRIBOL', 'GR-XT', '2', 'HT', 'TUBE', 'OF', '0.4KG']",11/20/2017,10/13/2021,,22.35
,36006769,"SPHEEROL EPL 0,CAN OF 12.5KG","GREASE,INDUSTRIAL:EXTREME PRESSURE,SPHEEROL EPL 0,12.5KG BUCKET,0,LITHIUM,150-200MM SQ/SEC AT 40DEC C,AMBER-BROWN","SPHEEROL EPL 0,CAN OF 12.5KG",CASTROL,9034/12.5,EA,86.3,"['SPHEEROL', 'EPL', '0', 'CAN', 'OF', '12.5KG']",11/20/2017,10/13/2021,,126.22
,36006723,"ALPHASYN T46,CAN OF 20L","OIL:SYNTHETIC GEAR,CASTROL,20L,PAIL,46,SYNTHETIC OIL,GEARBOX,TYPE ALPHASYN T46","ALPHASYN T46,CAN OF 20L",CASTROL,,EA,254.52,"['ALPHASYN', 'T46', 'CAN', 'OF', '20L']",11/20/2017,10/13/2021,,332.96
,36006708,"MAGNA PG 150,DRUM OF 208L","OIL,INDUSTRIAL:COMPRESSOR,1.05G/ML AT 20DEG C,POLYALKYLENE GLYCOL,CRESTA PG 150,LIQUID,ISO 150,208L DRUM,147.1CST AT 40DEG C/27.7CST   AT 100DEG C,230,246DEG C,CLEAR GRAY,-42DEG C","MAGNA PG 150,DRUM OF 208L",CASTROL,,EA,3690,"['MAGNA', 'PG', '150', 'DRUM', 'OF', '208L']",11/20/2017,10/13/2021,,3890.59
,36006671,"ATF DXII,1L PAIL","OIL,AUTOMOTIVE:TRANSMISSION,AUTRAN MBX,RED,1L BOTTLE,39MM2/S AT 40DEG C/7.2MM2/S AT 100DEG C,217DEG C,-42DEG C","ATF DXII,1L PAIL",CASTROL,,EA,4.5,"['ATF', 'DXII', '1L', 'PAIL']",11/20/2017,10/13/2021,,-1
,36006766,"TRIBOL GR-XT 2 HT,CAN OF 18KG","GREASE,INDUSTRIAL:HIGH TEMPERATURE,TRIBOL GR XT 2 HT,18KG DRUM/PAIL,2,-25 TO 180DEG C,POLYUREA,270MM SQ/SEC AT 40DEC C,RED","TRIBOL GR-XT 2 HT,CAN OF 18KG",CASTROL,3739/18,EA,236.7,"['TRIBOL', 'GR-XT', '2', 'HT', 'CAN', 'OF', '18KG']",11/20/2017,10/13/2021,,243.85
,36059336,"CONTAINER:INTERMEDIATE BULK,1CU M,PLAS,W","CONTAINER:INTERMEDIATE BULK,1CU M,PLASTIC,WASTE/NEW OIL STORAGE","CONTAINER:INTERMEDIATE BULK,1M3,PLASTIC,",,,EA,185,"['CONTAINER:INTERMEDIATE', 'BULK', '1CU', 'M', 'PLAS', 'W']",11/20/2017,10/13/2021,,221.82
,36006927,"ALPHASYN T220,CAN OF 20L","OIL:GEAR,CASTROL ALPHASYN T 220,20L CAN","ALPHASYN T220,CAN OF 20L",CASTROL,1767175,EA,265.5,"['ALPHASYN', 'T220', 'CAN', 'OF', '20L']",11/20/2017,10/13/2021,,333.13
,36006738,"EASTMAN TURBO OIL 2197,DRUM OF 208L","OIL,INDUSTRIAL:SYNTHETIC/TURBINE,208L DRUM,27MM2/S AT 40DEG C,262DEG C,AMBER,-57DEG C","EASTMAN TURBO OIL 2197,DRUM OF 208L",EASTMAN,2197,EA,3150.43,"['EASTMAN', 'TURBO', 'OIL', '2197', 'DRUM', 'OF', '208L']",11/20/2017,10/13/2021,,-1
,36006892,"NCS 30 ECF,CAN OF 20KG","COMPOUND:DRILL STRING DOPE,ECF,20KG PAIL,BEIGE","NCS 30 ECF,CAN OF 20KG",JET-LUBE,23715,EA,331,"['NCS', '30', 'ECF', 'CAN', 'OF', '20KG']",11/20/2017,10/13/2021,,364.1
,36006893,"AIRCOL PD 46,DRUM OF 208L","OIL,INDUSTRIAL:AIR COMPRESSOR/MINERAL,AIRCOL PD 46,LIQUID,208L DRUM,46MM2/S AT 40DEG C/6.7MM2/S AT 40DEG C,100,232DEG C,LIGHT AMBER,  -21DEG C","AIRCOL PD 46,DRUM OF 208L",CASTROL,2166/208,EA,741.42,"['AIRCOL', 'PD', '46', 'DRUM', 'OF', '208L']",11/20/2017,10/13/2021,,949.07
,36006667,"WTR:DISTILLED,20L CAN","WATER:DISTILLED,20L CAN","WATER:DISTILLED,20L CAN",,,EA,19,"['WTR:DISTILLED', '20L', 'CAN']",11/20/2017,10/13/2021,,19
,36006724,"ALPHA SP 100,CAN OF 20L","OIL,INDUSTRIAL:GEAR,ALPHA SP 100,20L,95-105CST AT 40DEG C,80,200DEG C,AMBER,-21DEG C","ALPHA SP 100,CAN OF 20L",CASTROL,3182/20,EA,67.04,"['ALPHA', 'SP', '100', 'CAN', 'OF', '20L']",11/20/2017,10/13/2021,,97.05
,36006722,"AXLE EPX 80W-90,DRUM OF 208L","OIL,AUTOMOTIVE:GEAR,LIQUID,AMBER,ENERGEAR HYPO 80W90,DRUM OF 208L,80W90,GL-4/5,132MM2/S AT 40DEG C/13.9MM2/S AT 100DEG C,220DEG C,-3  0DEG C","AXLE EPX 80W-90,DRUM OF 208L",CASTROL,,EA,634.34,"['AXLE', 'EPX', '80W-90', 'DRUM', 'OF', '208L']",11/20/2017,10/13/2021,,920.68
,36006727,"ALPHASYN EP 460,CAN OF 20L","OIL,INDUSTRIAL:GEAR/GEARBOX/SYNTHETIC,ALPHASYN EP 460,20L PAIL,460MM2/S AT 40DEG C,140,230DEG C,YELLOW,-36DEG C","ALPHASYN EP 460,CAN OF 20L",CASTROL,3143/20,EA,278.38,"['ALPHASYN', 'EP', '460', 'CAN', 'OF', '20L']",11/20/2017,10/13/2021,,390.53
,36006767,"SPHEEROL EPL00,CAN OF 18KG","GREASE,INDUSTRIAL:EXTREME PRESSURE,SPHEEROL EPL00,18KG DRUM,00,LITHIUM,150-200MM SQ/SEC AT 40DEC C,AMBER-BROWN","SPHEEROL EPL00,CAN OF 18KG",CASTROL,9029/15,EA,162,"['SPHEEROL', 'EPL00', 'CAN', 'OF', '18KG']",11/20/2017,10/13/2021,,181.76
,36006913,"PERFECTO T32,CAN OF 20L","OIL,INDUSTRIAL:TURBINE,0.874KG/M3 AT 20DEG C,PERFECTO T32,LIQUID,20L DRUM,32CST AT 40DEG C VISCOSITY,102 VISCOSITY,200DEG C FLASH PO  INT,AMBER,-12DEG C","PERFECTO T32,CAN OF 20L",CASTROL,2104/20,EA,58.86,"['PERFECTO', 'T32', 'CAN', 'OF', '20L']",11/20/2017,10/13/2021,,93.81
,36006911,"GEAR,ALPHA SP 460,CAN,20L","OIL,INDUSTRIAL:GEAR,881KG/M3 AT 15DEG C,LIQUID,ALPHA SP 460,20L CAN,460MM2/S AT 40DEG C/30.5MM2/S AT 100DEG C,GREATER THAN 95,220DEG   C,AMBER,-6DEG C","GEAR,ALPHA SP 460,CAN,20L",CASTROL,3186/20,EA,72,"['GEAR', 'ALPHA', 'SP', '460', 'CAN', '20L']",11/20/2017,10/13/2021,,-1
,36006906,"HYSPIN AWH-M 32,DRUM OF 208L","OIL,INDUSTRIAL:HYDRAULIC,HYSPIN AWH-M 32,LIQUID,208L DRUM,32MM2/S AT 40DEG C/6.41MM2/S AT 40DEG C,150,200DEG C,LIGHT YELLOW,-45DEG C","HYSPIN AWH-M 32,DRUM OF 208L",CASTROL,6154/208,EA,792.81,"['HYSPIN', 'AWH-M', '32', 'DRUM', 'OF', '208L']",11/20/2017,10/13/2021,,1056.02
,36006924,TECTION/VECTON MONOGRADE 40,"OIL,AUTOMOTIVE:ENGINE,TECTION MONOGRADE 40,208L DRUM",TECTION/VECTON MONOGRADE 40,CASTROL,464855,EA,650.75,"['TECTION/VECTON', 'MONOGRADE', '40']",11/20/2017,10/13/2021,,722.33
,36006717,"555,CAN OF 5L","OIL,INDUSTRIAL:COMPRESSOR/SYNTHETIC,ANDEROL 555,97CST AT 40DEG C VISCOSITY/9.3CST AT 100DEG C VISCOSITY,274DEG C FLASH POINT,YELLOW,  -35DEG C","555,CAN OF 5L",ANDEROL,555,EA,108,"['555', 'CAN', 'OF', '5L']",11/20/2017,10/13/2021,,-1
,36006725,"ALPHA SP 68,DRUM OF 208L","OIL,INDUSTRIAL:GEAR/SOLVENT/MINERAL,ALPHA SP 68,208L DRUM,68CST AT 40DEG C/8.53CST AT 100DEG C,90,200DEG C,CLEAR,-21DEG C","ALPHA SP 68,DRUM OF 208L",CASTROL,3181/208,EA,657.03,"['ALPHA', 'SP', '68', 'DRUM', 'OF', '208L']",11/20/2017,10/13/2021,,802.23
,36006887,"ALPHASYN EP 220,CAN OF 20L","OIL,INDUSTRIAL:GEAR/SYNTHETIC,ALPHASYN EP 220,LIQUID,20L CAN,220CST AT 40DEG C/25CST AT 100DEG C,140,220DEG C,LIGHT YELLOW,-42DEG C","ALPHASYN EP 220,CAN OF 20L",CASTROL,3141/20,EA,278.38,"['ALPHASYN', 'EP', '220', 'CAN', 'OF', '20L']",11/20/2017,10/13/2021,,363.08
,36006728,"ALPHASYN PG 220,CAN OF 20L","OIL,INDUSTRIAL:GEAR/SYNTHETIC,ALPHASYN PG 220,20L PAIL,220CST AT 40DEG C VISCOSITY/40CST AT 100DEG C VISCOSITY,235 VISCOSITY,262DEGC   FLASH POINT,LIGHT YELLOW,-39DEG C","ALPHASYN PG 220,CAN OF 20L",CASTROL,3132/20,EA,307.8,"['ALPHASYN', 'PG', '220', 'CAN', 'OF', '20L']",11/20/2017,10/13/2021,,374.5
,36006732,"ALPHASYN PG 320,CAN OF 20L","OIL,INDUSTRIAL:GEAR/SYNTHETIC,ALPHASYN PG 320,20L,320MM2/S AT 40DEG C/56MM2/S AT 100DEG C,240,210DEG C,YELLOW,-36DEG C","ALPHASYN PG 320,CAN OF 20L",CASTROL,3133/20,EA,307.8,"['ALPHASYN', 'PG', '320', 'CAN', 'OF', '20L']",11/20/2017,10/13/2021,,385.45
,36006908,"ALPHASYN T68,CAN OF 20L","OIL:GEAR,CAN,20L","ALPHASYN T68,CAN OF 20L",CASTROL,ALPHASYN T68,EA,254.52,"['ALPHASYN', 'T68', 'CAN', 'OF', '20L']",11/20/2017,10/13/2021,,264.8
,36006679,"HYSPIN AWS 32,CAN OF 20L","OIL,INDUSTRIAL:HYDRAULIC,0.88G/ML AT 15DEG C,LIQUID,HYSPIN AWS 32,20L CAN,32MM2/S AT 40DEG C/5.44MM2/S AT 100DEG C,GREATER THAN 95,2  10DEG C,LIGHT AMBER,-27DEG C","HYSPIN AWS 32,CAN OF 20L",CASTROL,6018/20,EA,54.9,"['HYSPIN', 'AWS', '32', 'CAN', 'OF', '20L']",11/20/2017,10/13/2021,,89.2
,36006745,"HYSPIN HVI 15,DRUM OF 208L","OIL,INDUSTRIAL:MULTIGRADE,BARTRAN HV 15,208L DRUM,14.9CST AT 40DEG C VISCOSITY/1130CST AT -30DEG C VISCOSITY,150 VISCOSITY,160 FLASH   POINT,CLEAR,-51DEG C","HYSPIN HVI 15,DRUM OF 208L",CASTROL,BARTRAN HV 15,EA,636.53,"['HYSPIN', 'HVI', '15', 'DRUM', 'OF', '208L']",11/20/2017,10/13/2021,,857.13
,36006660,"OIL,INDUSTRIAL:CIRCULATING,MAGNA 150,LIQ","OIL,INDUSTRIAL:CIRCULATING,MAGNA 150,LIQUID,20L PAIL,709-866CST AT 38DEG C/150MM2/S AT 40DEG C/14.5MM2/S AT 100DEG C,97,149DEG C,AMB  ER,-18DEG C,BULK DENSITY: 7.67LBS/GAL/SPECIFIC GRAVITY: 0.91 AT 16DEG C","CIRCULATING,MAGNA 150,LIQUID,20L PAIL",,,EA,215,"['OIL', 'INDUSTRIAL:CIRCULATING', 'MAGNA', '150', 'LIQ']",11/20/2017,10/13/2021,,253.1
,36006661,"CASTROL RUSTILO 181,CAN OF 20L","CASTROL RUSTILO 181,CAN OF 20L","CASTROL RUSTILO 181,CAN OF 20L",CASTROL,1563BA,EA,290,"['CASTROL', 'RUSTILO', '181', 'CAN', 'OF', '20L']",11/20/2017,10/13/2021,,345
,11105665,"GREASE,INDUST:HIGH TEMPERATURE,TRIBOL 47","GREASE,INDUSTRIAL: HIGH TEMPERATURE,TRIBOL 4747/220-2,18KG PAIL,NLGI 2,-40 TO 150DEG C,LITHIUM COMPLEX THICKENER,SYNTHETIC","GREASE,INDUSTRIAL: HIGH TEMPERATURE,TRIBOL 4747/220-2,18KG PAIL,NLGI 2,-40 TO 150DEG C,LITHIUM COMPLEX THICKENER,SYNTHETIC",CASTROL,133839,EA,451,"['GREASE', 'INDUST:HIGH', 'TEMPERATURE', 'TRIBOL', '47']",11/20/2017,10/13/2021,,-1
,11105666,"MOLUB ALLOY 777-2ES,TUBE OF 400GR","MOLUB ALLOY 777-2ES,TUBE OF 400GR","MOLUB ALLOY 777-2ES,TUBE OF 400GR",CASTROL,,EA,19,"['MOLUB', 'ALLOY', '777-2ES', 'TUBE', 'OF', '400GR']",11/20/2017,10/13/2021,DDP,19
,11105667,MOLUB ALLOY 936 SF HEAVY PAIL OF 18KG,MOLUB ALLOY 936 SF HEAVY PAIL OF 18KG,MOLUB ALLOY 936 SF HEAVY PAIL OF 18KG,CASTROL,,EA,495,"['MOLUB', 'ALLOY', '936', 'SF', 'HEAVY', 'PAIL', 'OF', '18KG']",11/20/2017,10/13/2021,DDP,515
,11105668,"MOLUB ALLOY 777-2ES,TUBE OF 400GR","MOLUB ALLOY 777-2ES,TUBE OF 400GR","MOLUB ALLOY 777-2ES,TUBE OF 400GR",CASTROL,,EA,19,"['MOLUB', 'ALLOY', '777-2ES', 'TUBE', 'OF', '400GR']",11/20/2017,10/13/2021,DDP,25
,11105669,MOLUB ALLOY 936 SF HEAVY PAIL OF 18KG,MOLUB ALLOY 936 SF HEAVY PAIL OF 18KG,MOLUB ALLOY 936 SF HEAVY PAIL OF 18KG,CASTROL,,EA,495,"['MOLUB', 'ALLOY', '936', 'SF', 'HEAVY', 'PAIL', 'OF', '18KG']",11/20/2017,10/13/2021,DDP,515
,11105670,"TURBONYCOIL 600,DRUM OF 208L","TURBONYCOIL 600,DRUM OF 208L","TURBONYCOIL 600,DRUM OF 208L",CASTROL,TN600-1E19,EA,3150,"['TURBONYCOIL', '600', 'DRUM', 'OF', '208L']",11/20/2017,10/13/2021,DDP,3780
,11105671,"CASTROL AGT- STD,DRUM OF 208L","CASTROL AGT- STD,DRUM OF 208L","CASTROL AGT- STD,DRUM OF 208L",CASTROL,15CADB,EA,3515,"['CASTROL', 'AGT-', 'STD', 'DRUM', 'OF', '208L']",11/20/2017,10/13/2021,DDP,3866
,11105672,CASTROL BRAYCO MICRONIC LV3 HYDRAULIC FL,"CASTROL BRAYCO MICRONIC LV3 HYDRAULIC FLUID,DRUM OF 208L","CASTROL BRAYCO MICRONIC LV3 HYDRAULIC FLUID,DRUM OF 208L",CASTROL,155EF6,EA,6236,"['CASTROL', 'BRAYCO', 'MICRONIC', 'LV3', 'HYDRAULIC', 'FL']",11/20/2017,10/13/2021,DDP,7171
,11105673,"TURBONYCOIL 600,DRUM OF 208L","TURBONYCOIL 600,DRUM OF 208L","TURBONYCOIL 600,DRUM OF 208L",CASTROL,TN600-1E19,EA,3150,"['TURBONYCOIL', '600', 'DRUM', 'OF', '208L']",11/20/2017,10/13/2021,DDP,3780
,11105674,"CASTROL AGT- STD,DRUM OF 208L","CASTROL AGT- STD,DRUM OF 208L","CASTROL AGT- STD,DRUM OF 208L",CASTROL,15CADB,EA,3515,"['CASTROL', 'AGT-', 'STD', 'DRUM', 'OF', '208L']",11/20/2017,10/13/2021,DDP,3866
,11105675,CASTROL BRAYCO MICRONIC LV3 HYDRAULIC FL,"CASTROL BRAYCO MICRONIC LV3 HYDRAULIC FLUID,DRUM OF 208L","CASTROL BRAYCO MICRONIC LV3 HYDRAULIC FLUID,DRUM OF 208L",CASTROL,155EF6,EA,6236,"['CASTROL', 'BRAYCO', 'MICRONIC', 'LV3', 'HYDRAULIC', 'FL']",11/20/2017,10/13/2021,DDP,7171
,80101500,BUSINESS AND CORPORATE MANAGEMENT CONSUL,BUSINESS AND CORPORATE MANAGEMENT CONSULTATION SERVICES,BUSINESS AND CORPORATE MANAGEMENT CONSULTATION SERVICES,,,,0,"['BUSINESS', 'AND', 'CORPORATE', 'MANAGEMENT', 'CONSUL']",11/20/2017,10/13/2021,,-1
,15121501,ENGINE OIL,ENGINE OIL,ENGINE OIL,,,,0,"['ENGINE', 'OIL']",11/20/2017,10/13/2021,,-1
,25174004,ENGINE COOLANT,ENGINE COOLANT,ENGINE COOLANT,,,,0,"['ENGINE', 'COOLANT']",11/20/2017,10/13/2021,,-1
,12181600,OILS,OILS,OILS,,,,0,['OILS'],11/20/2017,10/13/2021,,-1
,15121500,LUBRICATING PREPARATIONS,LUBRICATING PREPARATIONS,LUBRICATING PREPARATIONS,,,,0,"['LUBRICATING', 'PREPARATIONS']",11/20/2017,10/13/2021,,-1
,47131800,CLEANING AND DISINFECTING SOLUTIONS,CLEANING AND DISINFECTING SOLUTIONS,CLEANING AND DISINFECTING SOLUTIONS,,,,0,"['CLEANING', 'AND', 'DISINFECTING', 'SOLUTIONS']",11/20/2017,10/13/2021,,-1
,77101503,ENVIRONMENTAL INDICATORS ANALYSIS,ENVIRONMENTAL INDICATORS ANALYSIS,ENVIRONMENTAL INDICATORS ANALYSIS,,,,0,"['ENVIRONMENTAL', 'INDICATORS', 'ANALYSIS']",11/20/2017,10/13/2021,,-1
,15121902,GREASE,GREASE,GREASE,,,,0,['GREASE'],11/20/2017,10/13/2021,,-1
,12000000,CHEMICALS INCLUDING BIO CHEMICALS AND GA,CHEMICALS INCLUDING BIO CHEMICALS AND GAS MATERIALS,CHEMICALS INCLUDING BIO CHEMICALS AND GAS MATERIALS,,,,0,"['CHEMICALS', 'INCLUDING', 'BIO', 'CHEMICALS', 'AND', 'GA']",11/20/2017,10/13/2021,,-1
,15120000,LUBRICANTS AND OILS AND GREASES AND ANTI,LUBRICANTS AND OILS AND GREASES AND ANTI CORROSIVES,LUBRICANTS AND OILS AND GREASES AND ANTI CORROSIVES,,,,0,"['LUBRICANTS', 'AND', 'OILS', 'AND', 'GREASES', 'AND', 'ANTI']",11/20/2017,10/13/2021,,-1
,31201600,OTHER ADHESIVES AND SEALANTS,OTHER ADHESIVES AND SEALANTS,OTHER ADHESIVES AND SEALANTS,,,,0,"['OTHER', 'ADHESIVES', 'AND', 'SEALANTS']",11/20/2017,10/13/2021,,-1
,12352300,INORGANIC COMPOUNDS,INORGANIC COMPOUNDS,INORGANIC COMPOUNDS,,,,0,"['INORGANIC', 'COMPOUNDS']",11/20/2017,10/13/2021,,-1
,50202301,WATER,WATER,WATER,,,,0,['WATER'],11/20/2017,10/13/2021,,-1
,12163600,CORROSION INHIBITORS,CORROSION INHIBITORS,CORROSION INHIBITORS,,,,0,"['CORROSION', 'INHIBITORS']",11/20/2017,10/13/2021,,-1
,15000000,FUELS AND FUEL ADDITIVES AND LUBRICANTS,FUELS AND FUEL ADDITIVES AND LUBRICANTS AND ANTI CORROSIVE MATERIALS,FUELS AND FUEL ADDITIVES AND LUBRICANTS AND ANTI CORROSIVE MATERIALS,,,,0,"['FUELS', 'AND', 'FUEL', 'ADDITIVES', 'AND', 'LUBRICANTS']",11/20/2017,10/13/2021,,-1
,36006738,"OIL:TURBO,DRUM","OIL: TURBO,DRUM","EASTMAN TURBO OIL 2197,DRUM OF 208L",EASTMAN CHEMICAL,2197,EA,3150.43,"['OIL:TURBO', 'DRUM']",11/20/2017,10/13/2021,,-1
,223446_339,"INHIB:CORROSION,20L CAN,150,RUSTILO","INHIBITOR: CORROSION,20L CAN,150,RUSTILO","INHIBITOR:CORROSION,20L CAN,TYPE 150,RUS",CASTROL,15A018,EA,89.68,"['INHIB:CORROSION', '20L', 'CAN', '150', 'RUSTILO']",11/20/2017,10/13/2021,,-1
,223446_246,"VECTON/CRB MULTI 15W40,CAN OF 20L","OIL,AUTOMOTIVE:ENGINE,LIQUID,LIGHT AMBER,VECTON 15W40 CJ-4,20L DRUM,15W40,CI-4/SL,106.4CST AT 40DEG C/14.4CST AT 100DEG C,224DEG C,-  42DEG C","VECTON/CRB MULTI 15W40,CAN OF 20L",CASTROL,2494/20,EA,84.87,"['VECTON/CRB', 'MULTI', '15W40', 'CAN', 'OF', '20L']",11/20/2017,10/13/2021,,110.16
,223446_247,"CASTROL RUSTILO DWX 31,CAN OF 20L","CASTROL RUSTILO DWX 31,CAN OF 20L","CASTROL RUSTILO DWX 31,CAN OF 20L",CASTROL,MPN: 1521A2,EA,290,"['CASTROL', 'RUSTILO', 'DWX', '31', 'CAN', 'OF', '20L']",11/20/2017,10/13/2021,DDP,345
,223446_248,CASTROL RUSTILO DWX 30 (1X20L),CASTROL RUSTILO DWX 30 (1X20L),CASTROL RUSTILO DWX 30 (1X20L),CASTROL,,EA,290,"['CASTROL', 'RUSTILO', 'DWX', '30', '(1X20L)']",11/20/2017,10/13/2021,DDP,345
