Unnamed: 0,Unnamed: 0.1,Unnamed: 0.1.1,index,Region,PO No.,PO Item No.,Incoterms,Incoterms Name,Material/Service No.,PO Item Description,Manufacturer Name,Vendor,Vendor Name,Manufacturer Part No.,PO Item Creation Date,PO Item Quantity,PO Item Quantity Unit,PO Item Unit Price,PO Item Value (GC),PO Item Value (GC) Unit,Product Category,Product Category Description,PO Status Name,PO Closed Status Name,PO Item Deletion Flag,Item Type Name,PO Type Name,Remaining PO Quantity,Long Description,Unit Price
603028.0,603412.0,603412.0,3513.0,AGT,4300477984.0,1.0,EXW,From plant,36046100.0,"BATTERY,STORAGE:SEALED LEAD ACID,12VDC,7",YUASA BATTERY,6051768.0,Munasib Senaye Techizat Ltd,NP7-12,27-07-15,8.0,EA,"GBP 11,11",137.8,USD,24110000.0,Containers/storage,Ordered,Closed,#,Material,Fastrack,0.0,"BATTERY: STORAGE,ABSORBENT GLASS MAT,12DCV,7AH AT 20HRA,65MM WD,151MM LG,97.5MM HT,4.75MM FASTON TAB TERMINAL,SEALED VALVE REGULATED LEAD ACID,TEMPERATURE RATING: -20 TO 60 DEG C",17.225
630517.0,630917.0,630917.0,39470.0,AGT,4300520701.0,1.0,EXW,From plant,36046100.0,"BATTERY,STORAGE:SEALED LEAD ACID,12VDC,7",YUASA BATTERY,6051889.0,R&M Electrical Group,NP7-12,17-09-15,8.0,EA,"GBP 9,27",113.88,USD,24110000.0,Containers/storage,Transaction Completed,Completed,#,Material,Gated,0.0,"BATTERY: STORAGE,ABSORBENT GLASS MAT,12DCV,7AH AT 20HRA,65MM WD,151MM LG,97.5MM HT,4.75MM FASTON TAB TERMINAL,SEALED VALVE REGULATED LEAD ACID,TEMPERATURE RATING: -20 TO 60 DEG C",14.235
630695.0,631095.0,631095.0,39693.0,AGT,4300521245.0,1.0,EXW,From plant,36046100.0,"BATTERY,STORAGE:SEALED LEAD ACID,12VDC,7",YUASA BATTERY,6051888.0,R&M Electrical Group,NP7-12,18-09-15,33.0,EA,"GBP 9,27",474.57,USD,24110000.0,Containers/storage,Transaction Completed,Completed,#,Material,Gated,0.0,"BATTERY: STORAGE,ABSORBENT GLASS MAT,12DCV,7AH AT 20HRA,65MM WD,151MM LG,97.5MM HT,4.75MM FASTON TAB TERMINAL,SEALED VALVE REGULATED LEAD ACID,TEMPERATURE RATING: -20 TO 60 DEG C",14.38090909
635633.0,636033.0,636033.0,46010.0,AGT,4300537715.0,1.0,DAT,DAT,36046100.0,"BATTERY,STORAGE:SEALED LEAD ACID,12VDC,7",YUASA BATTERY,6052075.0,TRANSTRANSIT LTD,NP7-12,22-10-15,2.0,EA,"GBP 243,05",751.54,USD,24110000.0,Containers/storage,Transaction Completed,Completed,#,Material,Gated,0.0,"BATTERY: STORAGE,ABSORBENT GLASS MAT,12DCV,7AH AT 20HRA,65MM WD,151MM LG,97.5MM HT,4.75MM FASTON TAB TERMINAL,SEALED VALVE REGULATED LEAD ACID,TEMPERATURE RATING: -20 TO 60 DEG C",375.77
646573.0,646973.0,646973.0,59701.0,AGT,4300566810.0,1.0,DAT,DAT,36046100.0,"BATTERY,STORAGE:SEALED LEAD ACID,12VDC,7",YUASA BATTERY,6052075.0,TRANSTRANSIT LTD,NP7-12,22-12-15,10.0,EA,"GBP 13,00",193.6,USD,24110000.0,Containers/storage,Transaction Completed,Completed,#,Material,Gated,0.0,"BATTERY: STORAGE,ABSORBENT GLASS MAT,12DCV,7AH AT 20HRA,65MM WD,151MM LG,97.5MM HT,4.75MM FASTON TAB TERMINAL,SEALED VALVE REGULATED LEAD ACID,TEMPERATURE RATING: -20 TO 60 DEG C",19.36
651527.0,651927.0,651927.0,66239.0,AGT,4300583932.0,1.0,EXW,From plant,36046100.0,"BATTERY,STORAGE:SEALED LEAD ACID,12VDC,7",YUASA BATTERY,6051888.0,R&M Electrical Group,NP7-12,02-02-16,11.0,EA,"GBP 9,12",142.32,USD,24110000.0,Containers/storage,Transaction Completed,Completed,#,Material,Fastrack,0.0,"BATTERY: STORAGE,ABSORBENT GLASS MAT,12DCV,7AH AT 20HRA,65MM WD,151MM LG,97.5MM HT,4.75MM FASTON TAB TERMINAL,SEALED VALVE REGULATED LEAD ACID,TEMPERATURE RATING: -20 TO 60 DEG C",12.93818182
660001.0,660403.0,660403.0,76589.0,AGT,4300612672.0,1.0,#,Not assigned,36046100.0,"BATTERY,STORAGE:SEALED LEAD ACID,12VDC,7",YUASA BATTERY,6051888.0,R&M Electrical Group,NP7-12,07-04-16,6.0,EA,"GBP 9,12",77.33,USD,24110000.0,Containers/storage,Transaction Completed,Completed,#,Material,Fastrack,0.0,"BATTERY: STORAGE,ABSORBENT GLASS MAT,12DCV,7AH AT 20HRA,65MM WD,151MM LG,97.5MM HT,4.75MM FASTON TAB TERMINAL,SEALED VALVE REGULATED LEAD ACID,TEMPERATURE RATING: -20 TO 60 DEG C",12.88833333
660009.0,660411.0,660411.0,76600.0,AGT,4300612680.0,2.0,EXW,From plant,36046100.0,"BATTERY,STORAGE:SEALED LEAD ACID,12VDC,7",YUASA BATTERY,6051888.0,R&M Electrical Group,NP7-12,07-04-16,1.0,EA,"GBP 9,12",12.89,USD,24110000.0,Containers/storage,Transaction Completed,Completed,#,Material,Fastrack,0.0,"BATTERY: STORAGE,ABSORBENT GLASS MAT,12DCV,7AH AT 20HRA,65MM WD,151MM LG,97.5MM HT,4.75MM FASTON TAB TERMINAL,SEALED VALVE REGULATED LEAD ACID,TEMPERATURE RATING: -20 TO 60 DEG C",12.89
660198.0,660600.0,660600.0,76821.0,AGT,4300613102.0,1.0,#,Not assigned,36046100.0,"BATTERY,STORAGE:SEALED LEAD ACID,12VDC,7",YUASA BATTERY,6051888.0,R&M Electrical Group,NP7-12,08-04-16,4.0,EA,"GBP 9,12",51.39,USD,24110000.0,Containers/storage,Transaction Completed,Completed,#,Material,Fastrack,0.0,"BATTERY: STORAGE,ABSORBENT GLASS MAT,12DCV,7AH AT 20HRA,65MM WD,151MM LG,97.5MM HT,4.75MM FASTON TAB TERMINAL,SEALED VALVE REGULATED LEAD ACID,TEMPERATURE RATING: -20 TO 60 DEG C",12.8475
663199.0,663608.0,663608.0,80448.0,AGT,4300622231.0,1.0,EXW,From plant,36046100.0,"BATTERY,STORAGE:SEALED LEAD ACID,12VDC,7",YUASA BATTERY,6051888.0,R&M Electrical Group,NP7-12,30-04-16,13.0,EA,"GBP 9,12",172.75,USD,24110000.0,Containers/storage,Transaction Completed,Completed,#,Material,Fastrack,0.0,"BATTERY: STORAGE,ABSORBENT GLASS MAT,12DCV,7AH AT 20HRA,65MM WD,151MM LG,97.5MM HT,4.75MM FASTON TAB TERMINAL,SEALED VALVE REGULATED LEAD ACID,TEMPERATURE RATING: -20 TO 60 DEG C",13.28846154
670661.0,671090.0,671090.0,89359.0,AGT,4300644339.0,1.0,EXW,From plant,36046100.0,"BATTERY,STORAGE:SEALED LEAD ACID,12VDC,7",YUASA BATTERY,6051888.0,R&M Electrical Group,NP7-12,22-06-16,9.0,EA,"GBP 9,12",120.6,USD,24110000.0,Containers/storage,Transaction Completed,Completed,#,Material,Fastrack,0.0,"BATTERY: STORAGE,ABSORBENT GLASS MAT,12DCV,7AH AT 20HRA,65MM WD,151MM LG,97.5MM HT,4.75MM FASTON TAB TERMINAL,SEALED VALVE REGULATED LEAD ACID,TEMPERATURE RATING: -20 TO 60 DEG C",13.4
671684.0,672115.0,672115.0,90595.0,AGT,4300647443.0,1.0,EXW,From plant,36046100.0,"BATTERY,STORAGE:SEALED LEAD ACID,12VDC,7",YUASA BATTERY,6051888.0,R&M Electrical Group,NP7-12,29-06-16,14.0,EA,"GBP 9,12",167.91,USD,24110000.0,Containers/storage,Transaction Completed,Completed,#,Material,Fastrack,0.0,"BATTERY: STORAGE,ABSORBENT GLASS MAT,12DCV,7AH AT 20HRA,65MM WD,151MM LG,97.5MM HT,4.75MM FASTON TAB TERMINAL,SEALED VALVE REGULATED LEAD ACID,TEMPERATURE RATING: -20 TO 60 DEG C",11.99357143
671685.0,672116.0,672116.0,90596.0,AGT,4300647443.0,2.0,EXW,From plant,36046100.0,"BATTERY,STORAGE:SEALED LEAD ACID,12VDC,7",YUASA BATTERY,6051888.0,R&M Electrical Group,NP7-12,29-06-16,4.0,EA,"GBP 9,12",47.97,USD,24110000.0,Containers/storage,Transaction Completed,Completed,#,Material,Fastrack,0.0,"BATTERY: STORAGE,ABSORBENT GLASS MAT,12DCV,7AH AT 20HRA,65MM WD,151MM LG,97.5MM HT,4.75MM FASTON TAB TERMINAL,SEALED VALVE REGULATED LEAD ACID,TEMPERATURE RATING: -20 TO 60 DEG C",11.9925
676592.0,677028.0,677028.0,97185.0,AGT,4300659655.0,1.0,EXW,From plant,36046100.0,"BATTERY,STORAGE:SEALED LEAD ACID,12VDC,7",YUASA BATTERY,6051888.0,R&M Electrical Group,NP7-12,27-07-16,12.0,EA,"GBP 9,12",143.62,USD,24110000.0,Containers/storage,Transaction Completed,Completed,#,Material,Fastrack,0.0,"BATTERY: STORAGE,ABSORBENT GLASS MAT,12DCV,7AH AT 20HRA,65MM WD,151MM LG,97.5MM HT,4.75MM FASTON TAB TERMINAL,SEALED VALVE REGULATED LEAD ACID,TEMPERATURE RATING: -20 TO 60 DEG C",11.96833333
680054.0,680509.0,680509.0,102029.0,AGT,4300669799.0,1.0,EXW,From plant,36046100.0,"BATTERY,STORAGE:SEALED LEAD ACID,12VDC,7",YUASA BATTERY,6051888.0,R&M Electrical Group,NP7-12,19-08-16,8.0,EA,"GBP 9,21",95.85,USD,24110000.0,Containers/storage,Transaction Completed,Completed,#,Material,Gated,0.0,"BATTERY: STORAGE,ABSORBENT GLASS MAT,12DCV,7AH AT 20HRA,65MM WD,151MM LG,97.5MM HT,4.75MM FASTON TAB TERMINAL,SEALED VALVE REGULATED LEAD ACID,TEMPERATURE RATING: -20 TO 60 DEG C",11.98125
681077.0,681537.0,681537.0,103311.0,AGT,4300673189.0,1.0,EXW,From plant,36046100.0,"BATTERY,STORAGE:SEALED LEAD ACID,12VDC,7",YUASA BATTERY,6051888.0,R&M Electrical Group,NP7-12,29-08-16,6.0,EA,"GBP 9,12",72.24,USD,24110000.0,Containers/storage,Transaction Completed,Completed,#,Material,Fastrack,0.0,"BATTERY: STORAGE,ABSORBENT GLASS MAT,12DCV,7AH AT 20HRA,65MM WD,151MM LG,97.5MM HT,4.75MM FASTON TAB TERMINAL,SEALED VALVE REGULATED LEAD ACID,TEMPERATURE RATING: -20 TO 60 DEG C",12.04
738657.0,739637.0,739637.0,178761.0,AGT,4300842728.0,1.0,EXW,From plant,36046100.0,"BATTERY,STORAGE:SEALED LEAD ACID,12VDC,7",YUASA BATTERY,6051888.0,R&M Electrical Group,NP7-12,19-09-17,6.0,EA,"GBP 9,12",74.4,USD,24110000.0,Containers/storage,Transaction Completed,Completed,#,Material,Gated,0.0,"BATTERY: STORAGE,ABSORBENT GLASS MAT,12DCV,7AH AT 20HRA,65MM WD,151MM LG,97.5MM HT,4.75MM FASTON TAB TERMINAL,SEALED VALVE REGULATED LEAD ACID,TEMPERATURE RATING: -20 TO 60 DEG C",12.4
740045.0,741059.0,741059.0,180663.0,AGT,4300846468.0,1.0,EXW,From plant,36046100.0,"BATTERY,STORAGE:SEALED LEAD ACID,12VDC,7",YUASA BATTERY,6051888.0,R&M Electrical Group,NP7-12,27-09-17,20.0,EA,"GBP 9,12",245.99,USD,24110000.0,Containers/storage,Transaction Completed,Completed,#,Material,Fastrack,0.0,"BATTERY: STORAGE,ABSORBENT GLASS MAT,12DCV,7AH AT 20HRA,65MM WD,151MM LG,97.5MM HT,4.75MM FASTON TAB TERMINAL,SEALED VALVE REGULATED LEAD ACID,TEMPERATURE RATING: -20 TO 60 DEG C",12.2995
746283.0,747422.0,747422.0,188489.0,AGT,4300865265.0,2.0,EXW,From plant,36046100.0,"BATTERY,STORAGE:SEALED LEAD ACID,12VDC,7",YUASA BATTERY,6051888.0,R&M Electrical Group,NP7-12,09-11-17,12.0,EA,"GBP 10,14",159.92,USD,24110000.0,Containers/storage,Transaction Completed,Completed,#,Material,Gated,0.0,"BATTERY: STORAGE,ABSORBENT GLASS MAT,12DCV,7AH AT 20HRA,65MM WD,151MM LG,97.5MM HT,4.75MM FASTON TAB TERMINAL,SEALED VALVE REGULATED LEAD ACID,TEMPERATURE RATING: -20 TO 60 DEG C",13.32666667
748157.0,749329.0,749329.0,190658.0,AGT,4300871443.0,1.0,EXW,From plant,36046100.0,"BATTERY,STORAGE:SEALED LEAD ACID,12VDC,7",YUASA BATTERY,6051888.0,R&M Electrical Group,NP7-12,25-11-17,4.0,EA,"GBP 9,12",48.49,USD,24110000.0,Containers/storage,Transaction Completed,Completed,#,Material,Fastrack,0.0,"BATTERY: STORAGE,ABSORBENT GLASS MAT,12DCV,7AH AT 20HRA,65MM WD,151MM LG,97.5MM HT,4.75MM FASTON TAB TERMINAL,SEALED VALVE REGULATED LEAD ACID,TEMPERATURE RATING: -20 TO 60 DEG C",12.1225
749131.0,750315.0,750315.0,191802.0,AGT,4300874184.0,1.0,EXW,From plant,36046100.0,"BATTERY,STORAGE:SEALED LEAD ACID,12VDC,7",YUASA BATTERY,6051888.0,R&M Electrical Group,NP7-12,02-12-17,14.0,EA,"GBP 9,12",172.7,USD,24110000.0,Containers/storage,Transaction Completed,Completed,#,Material,Fastrack,0.0,"BATTERY: STORAGE,ABSORBENT GLASS MAT,12DCV,7AH AT 20HRA,65MM WD,151MM LG,97.5MM HT,4.75MM FASTON TAB TERMINAL,SEALED VALVE REGULATED LEAD ACID,TEMPERATURE RATING: -20 TO 60 DEG C",12.33571429
763288.0,764695.0,764695.0,208831.0,AGT,4300919323.0,4.0,EXW,From plant,36046100.0,"BATTERY,STORAGE:SEALED LEAD ACID,12VDC,7",YUASA BATTERY,6051888.0,R&M Electrical Group,NP7-12,27-03-18,2.0,EA,"GBP 9,12",25.81,USD,24110000.0,Containers/storage,Ordered,Open,#,Material,Fastrack,0.0,"BATTERY: STORAGE,ABSORBENT GLASS MAT,12DCV,7AH AT 20HRA,65MM WD,151MM LG,97.5MM HT,4.75MM FASTON TAB TERMINAL,SEALED VALVE REGULATED LEAD ACID,TEMPERATURE RATING: -20 TO 60 DEG C",12.905
767593.0,769091.0,769091.0,213895.0,AGT,4300932553.0,3.0,EXW,From plant,36046100.0,"BATTERY,STORAGE:SEALED LEAD ACID,12VDC,7",YUASA BATTERY,6051888.0,R&M Electrical Group,NP7-12,30-04-18,8.0,EA,"GBP 9,12",100.65,USD,24110000.0,Containers/storage,Transaction Completed,Completed,#,Material,Fastrack,0.0,"BATTERY: STORAGE,ABSORBENT GLASS MAT,12DCV,7AH AT 20HRA,65MM WD,151MM LG,97.5MM HT,4.75MM FASTON TAB TERMINAL,SEALED VALVE REGULATED LEAD ACID,TEMPERATURE RATING: -20 TO 60 DEG C",12.58125
778691.0,780398.0,780398.0,227638.0,AGT,4300967665.0,3.0,EXW,From plant,36046100.0,"BATTRY,STOR:SEALED LEAD ACID,12VDC,7A-H",YUASA BATTERY,6051888.0,R&M Electrical Group,NP7-12,31-07-18,6.0,EA,"GBP 9,12",71.84,USD,24110000.0,Containers/storage,Transaction Completed,Completed,#,Material,Fastrack,0.0,"BATTERY: STORAGE,ABSORBENT GLASS MAT,12DCV,7AH AT 20HRA,65MM WD,151MM LG,97.5MM HT,4.75MM FASTON TAB TERMINAL,SEALED VALVE REGULATED LEAD ACID,TEMPERATURE RATING: -20 TO 60 DEG C",11.97333333
782550.0,784334.0,784334.0,232201.0,AGT,4300983513.0,2.0,EXW,From plant,36046100.0,"BATTRY,STOR:SEALED LEAD ACID,12VDC,7A-H",YUASA BATTERY,6051888.0,R&M Electrical Group,NP7-12,30-08-18,2.0,EA,"GBP 9,12",23.5,USD,24110000.0,Containers/storage,Ordered,Closed,#,Material,Fastrack,0.0,"BATTERY: STORAGE,ABSORBENT GLASS MAT,12DCV,7AH AT 20HRA,65MM WD,151MM LG,97.5MM HT,4.75MM FASTON TAB TERMINAL,SEALED VALVE REGULATED LEAD ACID,TEMPERATURE RATING: -20 TO 60 DEG C",11.75
785430.0,787234.0,787234.0,235585.0,AGT,4300991111.0,4.0,FCA,Free Carrier,36046100.0,"BATTRY,STOR:SEALED LEAD ACID,12VDC",YUASA BATTERY,6051888.0,R&M Electrical Group,NP7-12,21-09-18,6.0,EA,"GBP 9,12",71.97,USD,24110000.0,Containers/storage,Ordered,Closed,#,Material,Fastrack,0.0,"BATTERY: STORAGE,ABSORBENT GLASS MAT,12DCV,7AH AT 20HRA,65MM WD,151MM LG,97.5MM HT,4.75MM FASTON TAB TERMINAL,SEALED VALVE REGULATED LEAD ACID,TEMPERATURE RATING: -20 TO 60 DEG C",11.995
787844.0,789708.0,789708.0,238427.0,AGT,4300998032.0,3.0,EXW,From plant,36046100.0,"BATTRY,STOR:SEALED LEAD ACID,12VDC,7A-H",YUASA BATTERY,6051888.0,R&M Electrical Group,NP7-12,11-10-18,13.0,EA,"GBP 9,12",155.2,USD,24110000.0,Containers/storage,Transaction Completed,Completed,#,Material,Fastrack,0.0,"BATTERY: STORAGE,ABSORBENT GLASS MAT,12DCV,7AH AT 20HRA,65MM WD,151MM LG,97.5MM HT,4.75MM FASTON TAB TERMINAL,SEALED VALVE REGULATED LEAD ACID,TEMPERATURE RATING: -20 TO 60 DEG C",11.93846154
789025.0,790894.0,790894.0,239797.0,AGT,4301001670.0,2.0,EXW,From plant,36046100.0,"BATTRY,STOR:SEALED LEAD ACID,12VDC,7A-H",YUASA BATTERY,6051888.0,R&M Electrical Group,NP7-12,23-10-18,8.0,EA,"GBP 9,12",95.16,USD,24110000.0,Containers/storage,Ordered,Closed,#,Material,Fastrack,0.0,"BATTERY: STORAGE,ABSORBENT GLASS MAT,12DCV,7AH AT 20HRA,65MM WD,151MM LG,97.5MM HT,4.75MM FASTON TAB TERMINAL,SEALED VALVE REGULATED LEAD ACID,TEMPERATURE RATING: -20 TO 60 DEG C",11.895
789328.0,791197.0,791197.0,240173.0,AGT,4301002692.0,2.0,EXW,From plant,36046100.0,"BATTRY,STOR:SEALED LEAD ACID,12VDC,7A-H",YUASA BATTERY,6051888.0,R&M Electrical Group,NP7-12,25-10-18,2.0,EA,"GBP 9,12",23.66,USD,24110000.0,Containers/storage,Transaction Completed,Completed,#,Material,Fastrack,0.0,"BATTERY: STORAGE,ABSORBENT GLASS MAT,12DCV,7AH AT 20HRA,65MM WD,151MM LG,97.5MM HT,4.75MM FASTON TAB TERMINAL,SEALED VALVE REGULATED LEAD ACID,TEMPERATURE RATING: -20 TO 60 DEG C",11.83
792699.0,794604.0,794604.0,244268.0,AGT,4301010518.0,2.0,EXW,From plant,36046100.0,"BATTRY,STOR:SEALED LEAD ACID,12VDC",YUASA BATTERY,6051888.0,R&M Electrical Group,NP7-12,16-11-18,4.0,EA,"GBP 9,12",47.43,USD,24110000.0,Containers/storage,Transaction Completed,Completed,#,Material,Fastrack,0.0,"BATTERY: STORAGE,ABSORBENT GLASS MAT,12DCV,7AH AT 20HRA,65MM WD,151MM LG,97.5MM HT,4.75MM FASTON TAB TERMINAL,SEALED VALVE REGULATED LEAD ACID,TEMPERATURE RATING: -20 TO 60 DEG C",11.8575
792712.0,794617.0,794617.0,244285.0,AGT,4301010525.0,4.0,FCA,Free Carrier,36046100.0,"BATTRY,STOR:SEALED LEAD ACID,12VDC",YUASA BATTERY,6051888.0,R&M Electrical Group,NP7-12,16-11-18,8.0,EA,"GBP 9,12",94.87,USD,24110000.0,Containers/storage,Ordered,Closed,#,Material,Fastrack,0.0,"BATTERY: STORAGE,ABSORBENT GLASS MAT,12DCV,7AH AT 20HRA,65MM WD,151MM LG,97.5MM HT,4.75MM FASTON TAB TERMINAL,SEALED VALVE REGULATED LEAD ACID,TEMPERATURE RATING: -20 TO 60 DEG C",11.85875
795230.0,797135.0,797135.0,247156.0,AGT,4301017720.0,1.0,FCA,Free Carrier,36046100.0,"BATTERY,STOR:SEALED LEAD ACID,12VDC,7A-H",YUASA BATTERY,6051888.0,R&M Electrical Group,NP7-12,08-12-18,6.0,EA,"GBP 9,12",69.95,USD,24110000.0,Containers/storage,Transaction Completed,Completed,#,Material,Fastrack,0.0,"BATTERY: STORAGE,ABSORBENT GLASS MAT,12DCV,7AH AT 20HRA,65MM WD,151MM LG,97.5MM HT,4.75MM FASTON TAB TERMINAL,SEALED VALVE REGULATED LEAD ACID,TEMPERATURE RATING: -20 TO 60 DEG C",11.65833333
799062.0,800997.0,800997.0,251679.0,AGT,4301029476.0,3.0,FCA,Free Carrier,36046100.0,"BATTRY,STOR:SEALED LEAD ACID,12VDC",YUASA BATTERY,6051888.0,R&M Electrical Group,NP7-12,12-01-19,16.0,EA,"GBP 9,12",186.47,USD,24110000.0,Containers/storage,Ordered,Closed,#,Material,Fastrack,0.0,"BATTERY: STORAGE,ABSORBENT GLASS MAT,12DCV,7AH AT 20HRA,65MM WD,151MM LG,97.5MM HT,4.75MM FASTON TAB TERMINAL,SEALED VALVE REGULATED LEAD ACID,TEMPERATURE RATING: -20 TO 60 DEG C",11.654375
800149.0,802088.0,802088.0,252882.0,AGT,4301033586.0,1.0,FCA,Free Carrier,36046100.0,"BATTRY,STOR:SEALED LEAD ACID,12VDC",YUASA BATTERY,6051888.0,R&M Electrical Group,NP7-12,23-01-19,2.0,EA,"GBP 9,12",23.51,USD,24110000.0,Containers/storage,Transaction Completed,Completed,#,Material,Fastrack,0.0,"BATTERY: STORAGE,ABSORBENT GLASS MAT,12DCV,7AH AT 20HRA,65MM WD,151MM LG,97.5MM HT,4.75MM FASTON TAB TERMINAL,SEALED VALVE REGULATED LEAD ACID,TEMPERATURE RATING: -20 TO 60 DEG C",11.755
802226.0,804169.0,804169.0,255348.0,AGT,4301038883.0,1.0,FCA,Free Carrier,36046100.0,"BATTRY,STOR:SEALED LEAD ACID,12VDC",YUASA BATTERY,6051888.0,R&M Electrical Group,NP7-12,05-02-19,12.0,EA,"GBP 9,12",143.3,USD,24110000.0,Containers/storage,Ordered,Closed,#,Material,Fastrack,0.0,"BATTERY: STORAGE,ABSORBENT GLASS MAT,12DCV,7AH AT 20HRA,65MM WD,151MM LG,97.5MM HT,4.75MM FASTON TAB TERMINAL,SEALED VALVE REGULATED LEAD ACID,TEMPERATURE RATING: -20 TO 60 DEG C",11.94166667
804705.0,806669.0,806669.0,258188.0,AGT,4301045673.0,2.0,FCA,Free Carrier,36046100.0,"BATTERY,STOR:SEALED LEAD ACID,12VDC,7A-H",Not Assigned,6051888.0,R&M Electrical Group,NP7-12,22-02-19,4.0,EA,"GBP 9,12",47.66,USD,24110000.0,Containers/storage,Ordered,Closed,#,Material,Fastrack,0.0,"BATTERY: STORAGE,ABSORBENT GLASS MAT,12DCV,7AH AT 20HRA,65MM WD,151MM LG,97.5MM HT,4.75MM FASTON TAB TERMINAL,SEALED VALVE REGULATED LEAD ACID,TEMPERATURE RATING: -20 TO 60 DEG C",11.915
811812.0,813791.0,813791.0,267003.0,AGT,4301063414.0,5.0,FCA,Free Carrier,36046100.0,"BATTERY,STOR:SEALED LEAD ACID,12VDC,7A-H",Not Assigned,6051888.0,R&M Electrical Group,NP7-12,11-04-19,2.0,EA,"GBP 9,12",23.8,USD,24110000.0,Containers/storage,Ordered,Closed,#,Material,Fastrack,0.0,"BATTERY: STORAGE,ABSORBENT GLASS MAT,12DCV,7AH AT 20HRA,65MM WD,151MM LG,97.5MM HT,4.75MM FASTON TAB TERMINAL,SEALED VALVE REGULATED LEAD ACID,TEMPERATURE RATING: -20 TO 60 DEG C",11.9
823923.0,826167.0,826167.0,282006.0,AGT,4301093120.0,1.0,FCA,Free Carrier,36046100.0,"BATTERY,STOR:SEALED LEAD ACID,12VDC,7A-H",YUASA BATTERY,6051888.0,R&M Electrical Group,NP7-12,05-07-19,12.0,EA,"GBP 10,08",151.99,USD,24110000.0,Containers/storage,Transaction Completed,Completed,#,Material,Gated,0.0,"BATTERY: STORAGE,ABSORBENT GLASS MAT,12DCV,7AH AT 20HRA,65MM WD,151MM LG,97.5MM HT,4.75MM FASTON TAB TERMINAL,SEALED VALVE REGULATED LEAD ACID,TEMPERATURE RATING: -20 TO 60 DEG C",12.66583333
826363.0,828629.0,828629.0,285228.0,AGT,4301098060.0,1.0,FCA,Free Carrier,36046100.0,"BATTERY,STOR:SEALED LEAD ACID,12VDC,7A-H",YUASA BATTERY,6051888.0,R&M Electrical Group,NP7-12,22-07-19,4.0,EA,"GBP 10,08",50.41,USD,24110000.0,Containers/storage,Transaction Completed,Completed,#,Material,Gated,0.0,"BATTERY: STORAGE,ABSORBENT GLASS MAT,12DCV,7AH AT 20HRA,65MM WD,151MM LG,97.5MM HT,4.75MM FASTON TAB TERMINAL,SEALED VALVE REGULATED LEAD ACID,TEMPERATURE RATING: -20 TO 60 DEG C",12.6025
827337.0,829621.0,829621.0,286454.0,AGT,4301105488.0,2.0,FCA,Free Carrier,36046100.0,"BATTERY,STOR:SEALED LEAD ACID,12VDC,7A-H",YUASA BATTERY,6051888.0,R&M Electrical Group,NP7-12,01-08-19,6.0,EA,"GBP 21,44",156.33,USD,24110000.0,Containers/storage,Ordered,Open,#,Material,Gated,0.0,"BATTERY: STORAGE,ABSORBENT GLASS MAT,12DCV,7AH AT 20HRA,65MM WD,151MM LG,97.5MM HT,4.75MM FASTON TAB TERMINAL,SEALED VALVE REGULATED LEAD ACID,TEMPERATURE RATING: -20 TO 60 DEG C",26.055
831879.0,834224.0,834224.0,291851.0,AGT,4301116109.0,3.0,FCA,Free Carrier,36046100.0,"BATTRY,GEL CELL:RECHARGE,STOR,ABSORBENT",YUASA BATTERY,6051888.0,R&M Electrical Group,NP7-12,04-09-19,10.0,EA,"GBP 10,10",121.82,USD,24110000.0,Containers/storage,Transaction Completed,Completed,#,Material,Gated,0.0,"BATTERY: STORAGE,ABSORBENT GLASS MAT,12DCV,7AH AT 20HRA,65MM WD,151MM LG,97.5MM HT,4.75MM FASTON TAB TERMINAL,SEALED VALVE REGULATED LEAD ACID,TEMPERATURE RATING: -20 TO 60 DEG C",12.182
833751.0,836104.0,836104.0,294032.0,AGT,4301120670.0,1.0,FCA,Free Carrier,36046100.0,"BATTERY,STOR:SEALED LEAD ACID,12VDC,7A-H",YUASA BATTERY,6051888.0,R&M Electrical Group,NP7-12,17-09-19,4.0,EA,"GBP 19,73",98.32,USD,24110000.0,Containers/storage,Transaction Completed,Completed,#,Material,Gated,0.0,"BATTERY: STORAGE,ABSORBENT GLASS MAT,12DCV,7AH AT 20HRA,65MM WD,151MM LG,97.5MM HT,4.75MM FASTON TAB TERMINAL,SEALED VALVE REGULATED LEAD ACID,TEMPERATURE RATING: -20 TO 60 DEG C",24.58
835811.0,838172.0,838172.0,296358.0,AGT,4301126708.0,4.0,FCA,Free Carrier,36046100.0,"BATTERY,STOR:SEALED LEAD ACID,12VDC,7A-H",YUASA BATTERY,6051793.0,NOW Netherlands BV,NP7-12,03-10-19,4.0,EA,"GBP 12,34",60.33,USD,24110000.0,Containers/storage,Transaction Completed,Completed,#,Material,Gated,0.0,"BATTERY: STORAGE,ABSORBENT GLASS MAT,12DCV,7AH AT 20HRA,65MM WD,151MM LG,97.5MM HT,4.75MM FASTON TAB TERMINAL,SEALED VALVE REGULATED LEAD ACID,TEMPERATURE RATING: -20 TO 60 DEG C",15.0825
843344.0,845794.0,845794.0,304998.0,AGT,4301144962.0,2.0,FCA,Free Carrier,36046100.0,"BATTRY,GEL CELL:RECHARGE,STOR,ABSORBENT",YUASA BATTERY,6051888.0,R&M Electrical Group,NP7-12,03-12-19,4.0,EA,"GBP 10,08",52.15,USD,24110000.0,Containers/storage,Ordered,Open,#,Material,Gated,0.0,"BATTERY: STORAGE,ABSORBENT GLASS MAT,12DCV,7AH AT 20HRA,65MM WD,151MM LG,97.5MM HT,4.75MM FASTON TAB TERMINAL,SEALED VALVE REGULATED LEAD ACID,TEMPERATURE RATING: -20 TO 60 DEG C",13.0375
844327.0,846778.0,846778.0,306208.0,AGT,4301146659.0,1.0,FCA,Free Carrier,36046100.0,"BATTERY,STOR:SEALED LEAD ACID,12VDC,7A-H",YUASA BATTERY,6051888.0,R&M Electrical Group,NP7-12,09-12-19,8.0,EA,"GBP 9,98",104.63,USD,24110000.0,Containers/storage,Transaction Completed,Completed,#,Material,Fastrack,0.0,"BATTERY: STORAGE,ABSORBENT GLASS MAT,12DCV,7AH AT 20HRA,65MM WD,151MM LG,97.5MM HT,4.75MM FASTON TAB TERMINAL,SEALED VALVE REGULATED LEAD ACID,TEMPERATURE RATING: -20 TO 60 DEG C",13.07875
847908.0,850437.0,850437.0,310448.0,AGT,4301157857.0,2.0,FCA,Free Carrier,36046100.0,"BATTRY,GEL CELL:RECHARGE,STOR,ABSORBENT",YUASA BATTERY,6051888.0,R&M Electrical Group,NP7-12,16-01-20,4.0,EA,"GBP 9,98",51.93,USD,24110000.0,Containers/storage,Transaction Completed,Completed,#,Material,Fastrack,0.0,"BATTERY: STORAGE,ABSORBENT GLASS MAT,12DCV,7AH AT 20HRA,65MM WD,151MM LG,97.5MM HT,4.75MM FASTON TAB TERMINAL,SEALED VALVE REGULATED LEAD ACID,TEMPERATURE RATING: -20 TO 60 DEG C",12.9825
850668.0,853201.0,853201.0,313602.0,AGT,4301165001.0,1.0,FCA,Free Carrier,36046100.0,"BATTRY,GEL CELL:RECHARGE,STOR,ABSORBENT",YUASA BATTERY,6051888.0,R&M Electrical Group,NP7-12,06-02-20,10.0,EA,"GBP 9,98",130.0,USD,24110000.0,Containers/storage,Transaction Completed,Completed,#,Material,Fastrack,0.0,"BATTERY: STORAGE,ABSORBENT GLASS MAT,12DCV,7AH AT 20HRA,65MM WD,151MM LG,97.5MM HT,4.75MM FASTON TAB TERMINAL,SEALED VALVE REGULATED LEAD ACID,TEMPERATURE RATING: -20 TO 60 DEG C",13.0
863623.0,866297.0,866297.0,329120.0,AGT,4301203148.0,2.0,FCA,Free Carrier,36046100.0,"BATTRY:STOR,ABSORBENT GLASS MAT,12DCV,7A",YUASA BATTERY,6051888.0,R&M Electrical Group,NP7-12,30-06-20,20.0,EA,"GBP 10,38",255.7,USD,26111700.0,Batteries/cells/ACC,Ordered,Closed,#,Material,Gated,0.0,"BATTERY: STORAGE,ABSORBENT GLASS MAT,12DCV,7AH AT 20HRA,65MM WD,151MM LG,97.5MM HT,4.75MM FASTON TAB TERMINAL,SEALED VALVE REGULATED LEAD ACID,TEMPERATURE RATING: -20 TO 60 DEG C",12.785
877175.0,880343.0,880343.0,346137.0,AGT,4301238118.0,2.0,FCA,Free Carrier,36046100.0,"BATTRY:STOR,ABSORBENT GLASS MAT,12DCV,7A",YUASA BATTERY,6101929.0,R&M Electrical Group,NP7-12,27-01-21,8.0,EA,"GBP 10,70",113.15,USD,26111700.0,Batteries/cells/ACC,Ordered,Open,#,Material,Gated,0.0,"BATTERY: STORAGE,ABSORBENT GLASS MAT,12DCV,7AH AT 20HRA,65MM WD,151MM LG,97.5MM HT,4.75MM FASTON TAB TERMINAL,SEALED VALVE REGULATED LEAD ACID,TEMPERATURE RATING: -20 TO 60 DEG C",14.14375
877682.0,880850.0,880850.0,346696.0,AGT,4301238712.0,4.0,FCA,Free Carrier,36046100.0,"BATTRY:STOR,ABSORBENT GLASS MAT,12DCV,7A",YUASA BATTERY,6101929.0,R&M Electrical Group,NP7-12,29-01-21,2.0,EA,"GBP 24,22",64.03,USD,26111700.0,Batteries/cells/ACC,Ordered,Open,#,Material,Gated,0.0,"BATTERY: STORAGE,ABSORBENT GLASS MAT,12DCV,7AH AT 20HRA,65MM WD,151MM LG,97.5MM HT,4.75MM FASTON TAB TERMINAL,SEALED VALVE REGULATED LEAD ACID,TEMPERATURE RATING: -20 TO 60 DEG C",32.015
877683.0,880851.0,880851.0,346699.0,AGT,4301238712.0,7.0,FCA,Free Carrier,36046100.0,"BATTRY:STOR,ABSORBENT GLASS MAT,12DCV,7A",YUASA BATTERY,6101929.0,R&M Electrical Group,NP7-12,23-02-21,1.0,EA,"GBP 24,22",32.02,USD,26111700.0,Batteries/cells/ACC,Ordered,Open,#,Material,Gated,0.0,"BATTERY: STORAGE,ABSORBENT GLASS MAT,12DCV,7AH AT 20HRA,65MM WD,151MM LG,97.5MM HT,4.75MM FASTON TAB TERMINAL,SEALED VALVE REGULATED LEAD ACID,TEMPERATURE RATING: -20 TO 60 DEG C",32.02
877684.0,880852.0,880852.0,346700.0,AGT,4301238712.0,8.0,FCA,Free Carrier,36046100.0,"BATTRY:STOR,ABSORBENT GLASS MAT,12DCV,7A",YUASA BATTERY,6101929.0,R&M Electrical Group,NP7-12,27-02-21,2.0,EA,"GBP 24,22",64.03,USD,26111700.0,Batteries/cells/ACC,Ordered,Open,#,Material,Gated,0.0,"BATTERY: STORAGE,ABSORBENT GLASS MAT,12DCV,7AH AT 20HRA,65MM WD,151MM LG,97.5MM HT,4.75MM FASTON TAB TERMINAL,SEALED VALVE REGULATED LEAD ACID,TEMPERATURE RATING: -20 TO 60 DEG C",32.015
882909.0,886162.0,886162.0,352641.0,AGT,4301249085.0,1.0,FCA,Free Carrier,36046100.0,"BATTRY:STOR,ABSORBENT GLASS MAT,12DCV,7A",YUASA BATTERY,6101929.0,R&M Electrical Group,NP7-12,07-04-21,4.0,EA,"GBP 24,22",128.06,USD,26111700.0,Batteries/cells/ACC,Ordered,Open,#,Material,Gated,0.0,"BATTERY: STORAGE,ABSORBENT GLASS MAT,12DCV,7AH AT 20HRA,65MM WD,151MM LG,97.5MM HT,4.75MM FASTON TAB TERMINAL,SEALED VALVE REGULATED LEAD ACID,TEMPERATURE RATING: -20 TO 60 DEG C",32.015
882966.0,886219.0,886219.0,352701.0,AGT,4301249217.0,1.0,FCA,Free Carrier,36046100.0,"BATTRY:STOR,ABSORBENT GLASS MAT,12DCV,7A",YUASA BATTERY,6101929.0,R&M Electrical Group,NP7-12,08-04-21,2.0,EA,"GBP 24,22",64.03,USD,26111700.0,Batteries/cells/ACC,Ordered,Open,#,Material,Gated,0.0,"BATTERY: STORAGE,ABSORBENT GLASS MAT,12DCV,7AH AT 20HRA,65MM WD,151MM LG,97.5MM HT,4.75MM FASTON TAB TERMINAL,SEALED VALVE REGULATED LEAD ACID,TEMPERATURE RATING: -20 TO 60 DEG C",32.015
885105.0,888369.0,888369.0,355089.0,AGT,4301252637.0,1.0,FCA,Free Carrier,36046100.0,"BATTRY:STOR,ABSORBENT GLASS MAT,12DCV,7A",YUASA BATTERY,6101929.0,R&M Electrical Group,NP7-12,29-04-21,4.0,EA,"GBP 24,22",128.06,USD,26111700.0,Batteries/cells/ACC,Ordered,Open,#,Material,Gated,0.0,"BATTERY: STORAGE,ABSORBENT GLASS MAT,12DCV,7AH AT 20HRA,65MM WD,151MM LG,97.5MM HT,4.75MM FASTON TAB TERMINAL,SEALED VALVE REGULATED LEAD ACID,TEMPERATURE RATING: -20 TO 60 DEG C",32.015
887666.0,890963.0,890963.0,357940.0,AGT,4301256938.0,1.0,FCA,Free Carrier,36046100.0,"BATTRY:STOR,ABSORBENT GLASS MAT,12DCV,7A",YUASA BATTERY,6101929.0,R&M Electrical Group,NP7-12,28-05-21,2.0,EA,"GBP 10,25",27.1,USD,26111700.0,Batteries/cells/ACC,Ordered,Open,#,Material,Gated,2.0,"BATTERY: STORAGE,ABSORBENT GLASS MAT,12DCV,7AH AT 20HRA,65MM WD,151MM LG,97.5MM HT,4.75MM FASTON TAB TERMINAL,SEALED VALVE REGULATED LEAD ACID,TEMPERATURE RATING: -20 TO 60 DEG C",13.55
887918.0,891225.0,891225.0,358265.0,AGT,4301257579.0,1.0,FCA,Free Carrier,36046100.0,"BATTRY:STOR,ABSORBENT GLASS MAT,12DCV,7A",YUASA BATTERY,6101929.0,R&M Electrical Group,NP7-12,03-06-21,6.0,EA,"GBP 24,22",192.1,USD,26111700.0,Batteries/cells/ACC,Ordered,Open,#,Material,Gated,6.0,"BATTERY: STORAGE,ABSORBENT GLASS MAT,12DCV,7AH AT 20HRA,65MM WD,151MM LG,97.5MM HT,4.75MM FASTON TAB TERMINAL,SEALED VALVE REGULATED LEAD ACID,TEMPERATURE RATING: -20 TO 60 DEG C",32.01666667
891124.0,894486.0,894486.0,361700.0,AGT,4301262755.0,1.0,FCA,Free Carrier,36046100.0,"BATTRY:STOR,ABSORBENT GLASS MAT,12DCV,7A",YUASA BATTERY,6101929.0,R&M Electrical Group,NP7-12,08-07-21,2.0,EA,"GBP 24,22",64.03,USD,26111700.0,Batteries/cells/ACC,Ordered,Open,#,Material,Gated,2.0,"BATTERY: STORAGE,ABSORBENT GLASS MAT,12DCV,7AH AT 20HRA,65MM WD,151MM LG,97.5MM HT,4.75MM FASTON TAB TERMINAL,SEALED VALVE REGULATED LEAD ACID,TEMPERATURE RATING: -20 TO 60 DEG C",32.015
,,,,,,,,,,,,,,,,,,,,,,,,,,,,,,
,,,,,,,,,,,,,,,,,,,,,,,,,,,,,,
,,,,,,,,,,,,,,,,,,,,,,,,,,,,,,
,,,,,,,,,,,,,,,,,,,,,,,,,,,,,,
,,,,,,,,,,,,,,,,,,,,,,,,,,,,,,
,,,,,,,,,,,,,,,,,,,,,,,,,,,,,,
,,,,,,,,,,,,,,,,,,,,,,,,,,,,,,
,,,,,,,,,,,,,,,,,,,,,,,,,,,,,,
,,,,,,,,,,,,,,,,,,,,,,,,,,,,,,
,,,,,,,,,,,,,,,,,,,,,,,,,,,,,,
,,,,,,,,,,,,,,,,,,,,,,,,,,,,,,
,,,,,,,,,,,,,,,,,,,,,,,,,,,,,,
,,,,,,,,,,,,,,,,,,,,,,,,,,,,,,
,,,,,,,,,,,,,,,,,,,,,,,,,,,,,,
,,,,,,,,,,,,,,,,,,,,,,,,,,,,,,
,,,,,,,,,,,,,,,,,,,,,,,,,,,,,,
,,,,,,,,,,,,,,,,,,,,,,,,,,,,,,
,,,,,,,,,,,,,,,,,,,,,,,,,,,,,,
,,,,,,,,,,,,,,,,,,,,,,,,,,,,,,
,,,,,,,,,,,,,,,,,,,,,,,,,,,,,,
,,,,,,,,,,,,,,,,,,,,,,,,,,,,,,
,,,,,,,,,,,,,,,,,,,,,,,,,,,,,,
,,,,,,,,,,,,,,,,,,,,,,,,,,,,,,
,,,,,,,,,,,,,,,,,,,,,,,,,,,,,,
,,,,,,,,,,,,,,,,,,,,,,,,,,,,,,
,,,,,,,,,,,,,,,,,,,,,,,,,,,,,,
,,,,,,,,,,,,,,,,,,,,,,,,,,,,,,
,,,,,,,,,,,,,,,,,,,,,,,,,,,,,,
,,,,,,,,,,,,,,,,,,,,,,,,,,,,,,
,,,,,,,,,,,,,,,,,,,,,,,,,,,,,,
,,,,,,,,,,,,,,,,,,,,,,,,,,,,,,
,,,,,,,,,,,,,,,,,,,,,,,,,,,,,,
,,,,,,,,,,,,,,,,,,,,,,,,,,,,,,
,,,,,,,,,,,,,,,,,,,,,,,,,,,,,,
,,,,,,,,,,,,,,,,,,,,,,,,,,,,,,
,,,,,,,,,,,,,,,,,,,,,,,,,,,,,,
,,,,,,,,,,,,,,,,,,,,,,,,,,,,,,
,,,,,,,,,,,,,,,,,,,,,,,,,,,,,,
,,,,,,,,,,,,,,,,,,,,,,,,,,,,,,
,,,,,,,,,,,,,,,,,,,,,,,,,,,,,,
,,,,,,,,,,,,,,,,,,,,,,,,,,,,,,
,,,,,,,,,,,,,,,,,,,,,,,,,,,,,,
,,,,,,,,,,,,,,,,,,,,,,,,,,,,,,
,,,,,,,,,,,,,,,,,,,,,,,,,,,,,,
,,,,,,,,,,,,,,,,,,,,,,,,,,,,,,
,,,,,,,,,,,,,,,,,,,,,,,,,,,,,,
,,,,,,,,,,,,,,,,,,,,,,,,,,,,,,
,,,,,,,,,,,,,,,,,,,,,,,,,,,,,,
,,,,,,,,,,,,,,,,,,,,,,,,,,,,,,
,,,,,,,,,,,,,,,,,,,,,,,,,,,,,,
,,,,,,,,,,,,,,,,,,,,,,,,,,,,,,
,,,,,,,,,,,,,,,,,,,,,,,,,,,,,,
,,,,,,,,,,,,,,,,,,,,,,,,,,,,,,
,,,,,,,,,,,,,,,,,,,,,,,,,,,,,,
,,,,,,,,,,,,,,,,,,,,,,,,,,,,,,
,,,,,,,,,,,,,,,,,,,,,,,,,,,,,,
,,,,,,,,,,,,,,,,,,,,,,,,,,,,,,
,,,,,,,,,,,,,,,,,,,,,,,,,,,,,,
,,,,,,,,,,,,,,,,,,,,,,,,,,,,,,
,,,,,,,,,,,,,,,,,,,,,,,,,,,,,,
,,,,,,,,,,,,,,,,,,,,,,,,,,,,,,
,,,,,,,,,,,,,,,,,,,,,,,,,,,,,,
,,,,,,,,,,,,,,,,,,,,,,,,,,,,,,
,,,,,,,,,,,,,,,,,,,,,,,,,,,,,,
,,,,,,,,,,,,,,,,,,,,,,,,,,,,,,
,,,,,,,,,,,,,,,,,,,,,,,,,,,,,,
,,,,,,,,,,,,,,,,,,,,,,,,,,,,,,
,,,,,,,,,,,,,,,,,,,,,,,,,,,,,,
,,,,,,,,,,,,,,,,,,,,,,,,,,,,,,
,,,,,,,,,,,,,,,,,,,,,,,,,,,,,,
,,,,,,,,,,,,,,,,,,,,,,,,,,,,,,
,,,,,,,,,,,,,,,,,,,,,,,,,,,,,,
,,,,,,,,,,,,,,,,,,,,,,,,,,,,,,
,,,,,,,,,,,,,,,,,,,,,,,,,,,,,,
,,,,,,,,,,,,,,,,,,,,,,,,,,,,,,
,,,,,,,,,,,,,,,,,,,,,,,,,,,,,,
,,,,,,,,,,,,,,,,,,,,,,,,,,,,,,
,,,,,,,,,,,,,,,,,,,,,,,,,,,,,,
,,,,,,,,,,,,,,,,,,,,,,,,,,,,,,
,,,,,,,,,,,,,,,,,,,,,,,,,,,,,,
,,,,,,,,,,,,,,,,,,,,,,,,,,,,,,
,,,,,,,,,,,,,,,,,,,,,,,,,,,,,,
,,,,,,,,,,,,,,,,,,,,,,,,,,,,,,
,,,,,,,,,,,,,,,,,,,,,,,,,,,,,,
,,,,,,,,,,,,,,,,,,,,,,,,,,,,,,
,,,,,,,,,,,,,,,,,,,,,,,,,,,,,,
,,,,,,,,,,,,,,,,,,,,,,,,,,,,,,
,,,,,,,,,,,,,,,,,,,,,,,,,,,,,,
,,,,,,,,,,,,,,,,,,,,,,,,,,,,,,
,,,,,,,,,,,,,,,,,,,,,,,,,,,,,,
,,,,,,,,,,,,,,,,,,,,,,,,,,,,,,
,,,,,,,,,,,,,,,,,,,,,,,,,,,,,,
,,,,,,,,,,,,,,,,,,,,,,,,,,,,,,
,,,,,,,,,,,,,,,,,,,,,,,,,,,,,,
,,,,,,,,,,,,,,,,,,,,,,,,,,,,,,
,,,,,,,,,,,,,,,,,,,,,,,,,,,,,,
,,,,,,,,,,,,,,,,,,,,,,,,,,,,,,
,,,,,,,,,,,,,,,,,,,,,,,,,,,,,,
,,,,,,,,,,,,,,,,,,,,,,,,,,,,,,
,,,,,,,,,,,,,,,,,,,,,,,,,,,,,,
,,,,,,,,,,,,,,,,,,,,,,,,,,,,,,
,,,,,,,,,,,,,,,,,,,,,,,,,,,,,,
,,,,,,,,,,,,,,,,,,,,,,,,,,,,,,
,,,,,,,,,,,,,,,,,,,,,,,,,,,,,,
,,,,,,,,,,,,,,,,,,,,,,,,,,,,,,
,,,,,,,,,,,,,,,,,,,,,,,,,,,,,,
,,,,,,,,,,,,,,,,,,,,,,,,,,,,,,
,,,,,,,,,,,,,,,,,,,,,,,,,,,,,,
,,,,,,,,,,,,,,,,,,,,,,,,,,,,,,
,,,,,,,,,,,,,,,,,,,,,,,,,,,,,,
,,,,,,,,,,,,,,,,,,,,,,,,,,,,,,
,,,,,,,,,,,,,,,,,,,,,,,,,,,,,,
,,,,,,,,,,,,,,,,,,,,,,,,,,,,,,
,,,,,,,,,,,,,,,,,,,,,,,,,,,,,,
,,,,,,,,,,,,,,,,,,,,,,,,,,,,,,
,,,,,,,,,,,,,,,,,,,,,,,,,,,,,,
,,,,,,,,,,,,,,,,,,,,,,,,,,,,,,
,,,,,,,,,,,,,,,,,,,,,,,,,,,,,,
,,,,,,,,,,,,,,,,,,,,,,,,,,,,,,
,,,,,,,,,,,,,,,,,,,,,,,,,,,,,,
,,,,,,,,,,,,,,,,,,,,,,,,,,,,,,
,,,,,,,,,,,,,,,,,,,,,,,,,,,,,,
,,,,,,,,,,,,,,,,,,,,,,,,,,,,,,
,,,,,,,,,,,,,,,,,,,,,,,,,,,,,,
,,,,,,,,,,,,,,,,,,,,,,,,,,,,,,
,,,,,,,,,,,,,,,,,,,,,,,,,,,,,,
,,,,,,,,,,,,,,,,,,,,,,,,,,,,,,
,,,,,,,,,,,,,,,,,,,,,,,,,,,,,,
,,,,,,,,,,,,,,,,,,,,,,,,,,,,,,
,,,,,,,,,,,,,,,,,,,,,,,,,,,,,,
,,,,,,,,,,,,,,,,,,,,,,,,,,,,,,
,,,,,,,,,,,,,,,,,,,,,,,,,,,,,,
,,,,,,,,,,,,,,,,,,,,,,,,,,,,,,
,,,,,,,,,,,,,,,,,,,,,,,,,,,,,,
,,,,,,,,,,,,,,,,,,,,,,,,,,,,,,
,,,,,,,,,,,,,,,,,,,,,,,,,,,,,,
,,,,,,,,,,,,,,,,,,,,,,,,,,,,,,
,,,,,,,,,,,,,,,,,,,,,,,,,,,,,,
,,,,,,,,,,,,,,,,,,,,,,,,,,,,,,
,,,,,,,,,,,,,,,,,,,,,,,,,,,,,,
,,,,,,,,,,,,,,,,,,,,,,,,,,,,,,
,,,,,,,,,,,,,,,,,,,,,,,,,,,,,,
,,,,,,,,,,,,,,,,,,,,,,,,,,,,,,
,,,,,,,,,,,,,,,,,,,,,,,,,,,,,,
,,,,,,,,,,,,,,,,,,,,,,,,,,,,,,
,,,,,,,,,,,,,,,,,,,,,,,,,,,,,,
,,,,,,,,,,,,,,,,,,,,,,,,,,,,,,
,,,,,,,,,,,,,,,,,,,,,,,,,,,,,,
,,,,,,,,,,,,,,,,,,,,,,,,,,,,,,
,,,,,,,,,,,,,,,,,,,,,,,,,,,,,,
,,,,,,,,,,,,,,,,,,,,,,,,,,,,,,
,,,,,,,,,,,,,,,,,,,,,,,,,,,,,,
,,,,,,,,,,,,,,,,,,,,,,,,,,,,,,
,,,,,,,,,,,,,,,,,,,,,,,,,,,,,,
,,,,,,,,,,,,,,,,,,,,,,,,,,,,,,
,,,,,,,,,,,,,,,,,,,,,,,,,,,,,,
,,,,,,,,,,,,,,,,,,,,,,,,,,,,,,
,,,,,,,,,,,,,,,,,,,,,,,,,,,,,,
,,,,,,,,,,,,,,,,,,,,,,,,,,,,,,
,,,,,,,,,,,,,,,,,,,,,,,,,,,,,,
,,,,,,,,,,,,,,,,,,,,,,,,,,,,,,
,,,,,,,,,,,,,,,,,,,,,,,,,,,,,,
,,,,,,,,,,,,,,,,,,,,,,,,,,,,,,
,,,,,,,,,,,,,,,,,,,,,,,,,,,,,,
,,,,,,,,,,,,,,,,,,,,,,,,,,,,,,
,,,,,,,,,,,,,,,,,,,,,,,,,,,,,,
,,,,,,,,,,,,,,,,,,,,,,,,,,,,,,
,,,,,,,,,,,,,,,,,,,,,,,,,,,,,,
,,,,,,,,,,,,,,,,,,,,,,,,,,,,,,
,,,,,,,,,,,,,,,,,,,,,,,,,,,,,,
,,,,,,,,,,,,,,,,,,,,,,,,,,,,,,
,,,,,,,,,,,,,,,,,,,,,,,,,,,,,,
,,,,,,,,,,,,,,,,,,,,,,,,,,,,,,
,,,,,,,,,,,,,,,,,,,,,,,,,,,,,,
,,,,,,,,,,,,,,,,,,,,,,,,,,,,,,
,,,,,,,,,,,,,,,,,,,,,,,,,,,,,,
,,,,,,,,,,,,,,,,,,,,,,,,,,,,,,
,,,,,,,,,,,,,,,,,,,,,,,,,,,,,,
,,,,,,,,,,,,,,,,,,,,,,,,,,,,,,
,,,,,,,,,,,,,,,,,,,,,,,,,,,,,,
,,,,,,,,,,,,,,,,,,,,,,,,,,,,,,
,,,,,,,,,,,,,,,,,,,,,,,,,,,,,,
,,,,,,,,,,,,,,,,,,,,,,,,,,,,,,
,,,,,,,,,,,,,,,,,,,,,,,,,,,,,,
,,,,,,,,,,,,,,,,,,,,,,,,,,,,,,
,,,,,,,,,,,,,,,,,,,,,,,,,,,,,,
,,,,,,,,,,,,,,,,,,,,,,,,,,,,,,
,,,,,,,,,,,,,,,,,,,,,,,,,,,,,,
,,,,,,,,,,,,,,,,,,,,,,,,,,,,,,
,,,,,,,,,,,,,,,,,,,,,,,,,,,,,,
,,,,,,,,,,,,,,,,,,,,,,,,,,,,,,
,,,,,,,,,,,,,,,,,,,,,,,,,,,,,,
,,,,,,,,,,,,,,,,,,,,,,,,,,,,,,
,,,,,,,,,,,,,,,,,,,,,,,,,,,,,,
,,,,,,,,,,,,,,,,,,,,,,,,,,,,,,
,,,,,,,,,,,,,,,,,,,,,,,,,,,,,,
,,,,,,,,,,,,,,,,,,,,,,,,,,,,,,
,,,,,,,,,,,,,,,,,,,,,,,,,,,,,,
,,,,,,,,,,,,,,,,,,,,,,,,,,,,,,
,,,,,,,,,,,,,,,,,,,,,,,,,,,,,,
,,,,,,,,,,,,,,,,,,,,,,,,,,,,,,
,,,,,,,,,,,,,,,,,,,,,,,,,,,,,,
,,,,,,,,,,,,,,,,,,,,,,,,,,,,,,
,,,,,,,,,,,,,,,,,,,,,,,,,,,,,,
,,,,,,,,,,,,,,,,,,,,,,,,,,,,,,
,,,,,,,,,,,,,,,,,,,,,,,,,,,,,,
,,,,,,,,,,,,,,,,,,,,,,,,,,,,,,
,,,,,,,,,,,,,,,,,,,,,,,,,,,,,,
,,,,,,,,,,,,,,,,,,,,,,,,,,,,,,
,,,,,,,,,,,,,,,,,,,,,,,,,,,,,,
,,,,,,,,,,,,,,,,,,,,,,,,,,,,,,
,,,,,,,,,,,,,,,,,,,,,,,,,,,,,,
,,,,,,,,,,,,,,,,,,,,,,,,,,,,,,
,,,,,,,,,,,,,,,,,,,,,,,,,,,,,,
,,,,,,,,,,,,,,,,,,,,,,,,,,,,,,
,,,,,,,,,,,,,,,,,,,,,,,,,,,,,,
,,,,,,,,,,,,,,,,,,,,,,,,,,,,,,
,,,,,,,,,,,,,,,,,,,,,,,,,,,,,,
,,,,,,,,,,,,,,,,,,,,,,,,,,,,,,
,,,,,,,,,,,,,,,,,,,,,,,,,,,,,,
,,,,,,,,,,,,,,,,,,,,,,,,,,,,,,
,,,,,,,,,,,,,,,,,,,,,,,,,,,,,,
,,,,,,,,,,,,,,,,,,,,,,,,,,,,,,
,,,,,,,,,,,,,,,,,,,,,,,,,,,,,,
,,,,,,,,,,,,,,,,,,,,,,,,,,,,,,
,,,,,,,,,,,,,,,,,,,,,,,,,,,,,,
,,,,,,,,,,,,,,,,,,,,,,,,,,,,,,
,,,,,,,,,,,,,,,,,,,,,,,,,,,,,,
,,,,,,,,,,,,,,,,,,,,,,,,,,,,,,
,,,,,,,,,,,,,,,,,,,,,,,,,,,,,,
,,,,,,,,,,,,,,,,,,,,,,,,,,,,,,
,,,,,,,,,,,,,,,,,,,,,,,,,,,,,,
,,,,,,,,,,,,,,,,,,,,,,,,,,,,,,
,,,,,,,,,,,,,,,,,,,,,,,,,,,,,,
,,,,,,,,,,,,,,,,,,,,,,,,,,,,,,
,,,,,,,,,,,,,,,,,,,,,,,,,,,,,,
,,,,,,,,,,,,,,,,,,,,,,,,,,,,,,
,,,,,,,,,,,,,,,,,,,,,,,,,,,,,,
,,,,,,,,,,,,,,,,,,,,,,,,,,,,,,
,,,,,,,,,,,,,,,,,,,,,,,,,,,,,,
,,,,,,,,,,,,,,,,,,,,,,,,,,,,,,
,,,,,,,,,,,,,,,,,,,,,,,,,,,,,,
,,,,,,,,,,,,,,,,,,,,,,,,,,,,,,
,,,,,,,,,,,,,,,,,,,,,,,,,,,,,,
,,,,,,,,,,,,,,,,,,,,,,,,,,,,,,
,,,,,,,,,,,,,,,,,,,,,,,,,,,,,,
,,,,,,,,,,,,,,,,,,,,,,,,,,,,,,
,,,,,,,,,,,,,,,,,,,,,,,,,,,,,,
,,,,,,,,,,,,,,,,,,,,,,,,,,,,,,
,,,,,,,,,,,,,,,,,,,,,,,,,,,,,,
,,,,,,,,,,,,,,,,,,,,,,,,,,,,,,
,,,,,,,,,,,,,,,,,,,,,,,,,,,,,,
,,,,,,,,,,,,,,,,,,,,,,,,,,,,,,
,,,,,,,,,,,,,,,,,,,,,,,,,,,,,,
,,,,,,,,,,,,,,,,,,,,,,,,,,,,,,
,,,,,,,,,,,,,,,,,,,,,,,,,,,,,,
,,,,,,,,,,,,,,,,,,,,,,,,,,,,,,
,,,,,,,,,,,,,,,,,,,,,,,,,,,,,,
,,,,,,,,,,,,,,,,,,,,,,,,,,,,,,
,,,,,,,,,,,,,,,,,,,,,,,,,,,,,,
,,,,,,,,,,,,,,,,,,,,,,,,,,,,,,
,,,,,,,,,,,,,,,,,,,,,,,,,,,,,,
,,,,,,,,,,,,,,,,,,,,,,,,,,,,,,
,,,,,,,,,,,,,,,,,,,,,,,,,,,,,,
,,,,,,,,,,,,,,,,,,,,,,,,,,,,,,
,,,,,,,,,,,,,,,,,,,,,,,,,,,,,,
,,,,,,,,,,,,,,,,,,,,,,,,,,,,,,
,,,,,,,,,,,,,,,,,,,,,,,,,,,,,,
,,,,,,,,,,,,,,,,,,,,,,,,,,,,,,
,,,,,,,,,,,,,,,,,,,,,,,,,,,,,,
,,,,,,,,,,,,,,,,,,,,,,,,,,,,,,
,,,,,,,,,,,,,,,,,,,,,,,,,,,,,,
,,,,,,,,,,,,,,,,,,,,,,,,,,,,,,
,,,,,,,,,,,,,,,,,,,,,,,,,,,,,,
,,,,,,,,,,,,,,,,,,,,,,,,,,,,,,
,,,,,,,,,,,,,,,,,,,,,,,,,,,,,,
,,,,,,,,,,,,,,,,,,,,,,,,,,,,,,
,,,,,,,,,,,,,,,,,,,,,,,,,,,,,,
,,,,,,,,,,,,,,,,,,,,,,,,,,,,,,
