,Unnamed: 0,Unnamed: 0.1,Unnamed: 0.1.1,Region,PO No.,PO Item No.,Incoterms,Incoterms Name,Material/Service No.,PO Item Description,Manufacturer Name,Vendor,Vendor Name,Manufacturer Part No.,PO Item Creation Date,PO Item Quantity,PO Item Quantity Unit,PO Item Unit Price,PO Item Value (GC),PO Item Value (GC) Unit,Product Category,Product Category Description,PO Status Name,PO Closed Status Name,PO Item Deletion Flag,Item Type Name,PO Type Name,Remaining PO Quantity,Unit Price,Long Description,Converted Price,UoM_label,Label
0,0,650,262207,AGT,4301203324,10,FCA,Free Carrier,11103459 (700616C1),"CLAMP,FLANGE:SPLT,MATERIAL: 316 STAINLES",SOLAR TURBINES,6015999,SOLAR TURBINES EUROPE SA,700616C1,2020-07-01,62.0,EA,"USD 30,08",1864.96,USD,31162900,Clamps ,Ordered,Open,#,Material,Gated,0.0,30.08,"CLAMP,FLANGE: SPLIT, MATERIAL: 316 STAINLESS STEEL, SIZE: 1.5IN",15.04,0,1.0
1,1,654,264971,AGT,4301210281,4,FCA,Free Carrier,11103459 (700616C1),"CLAMP,FLANGE:SPLT,MATERIAL: 316 STAINLES",SOLAR TURBINES,6015999,SOLAR TURBINES EUROPE SA,700616C1,2020-08-06,4.0,EA,"USD 15,04",60.16,USD,31162900,Clamps ,Ordered,Open,#,Material,Gated,0.0,15.04,"CLAMP,FLANGE: SPLIT, MATERIAL: 316 STAINLESS STEEL, SIZE: 1.5IN",15.04,0,0.0
6,0,651,262229,AGT,4301203333,1,FCA,Free Carrier,10007861 (903249C1),"O-RNG:2-237,3-5/8IN,1/8IN,3.359IN,0.139I",SOLAR TURBINES,6015999,SOLAR TURBINES EUROPE SA,903249C1,2020-07-01,10.0,EA,"USD 10,02",100.2,USD,31181506,O ring gaskets,Ordered,Open,#,Material,Gated,0.0,10.02,"O-RING: 2-237, 3-5/8IN, 1/8IN, 3.359IN, 0.139IN, VITON, -20 TO 400 DEG F",10.02,0,0.0
12,0,603,257030,AGT,4301188006,11,FCA,Free Carrier,1021504 (10) B,"NUT,HEAVY HEX,0.625-11UNC-2B--1021504",Not Assigned,6015999,SOLAR TURBINES EUROPE SA,1021504,2020-04-24,8.0,EA,"USD 0,93",7.44,USD,20142501,WTR oil centrifuges,Ordered,Closed,#,Material,Gated,0.0,0.93,Not assigned,0.93,0,0.0
13,1,605,257032,AGT,4301188006,13,FCA,Free Carrier,1021504 (10) B,"NUT,HEAVY HEX,0.625-11UNC-2B--1021504",Not Assigned,6015999,SOLAR TURBINES EUROPE SA,1021504,2020-04-24,8.0,EA,"USD 0,93",7.44,USD,20142501,WTR oil centrifuges,Ordered,Closed,#,Material,Gated,0.0,0.93,Not assigned,0.93,0,0.0
14,2,610,257037,AGT,4301188006,18,FCA,Free Carrier,1021504 (10) B,"NUT,HEAVY HEX,0.625-11UNC-2B--1021504",Not Assigned,6015999,SOLAR TURBINES EUROPE SA,1021504,2020-04-24,8.0,EA,"USD 0,93",7.44,USD,20142501,WTR oil centrifuges,Ordered,Closed,#,Material,Gated,0.0,0.93,Not assigned,0.93,0,0.0
15,3,624,257051,AGT,4301188006,30,FCA,Free Carrier,1021504 (10) B,"NUT,HEAVY HEX,0.625-11UNC-2B--1021504",Not Assigned,6015999,SOLAR TURBINES EUROPE SA,1021504,2020-04-24,8.0,EA,"USD 0,93",7.44,USD,20142501,WTR oil centrifuges,Ordered,Closed,#,Material,Gated,0.0,0.93,Not assigned,0.93,0,0.0
16,0,636,257063,AGT,4301188006,41,FCA,Free Carrier,1046485 (18) B,"HOSE ASSY,0.75 IN X 15 IN--1046485",Not Assigned,6015999,SOLAR TURBINES EUROPE SA,1046485,2020-04-24,1.0,EA,"USD 256,56",256.56,USD,20142501,WTR oil centrifuges,Ordered,Closed,#,Material,Gated,0.0,256.56,Not assigned,256.56,0,0.0
17,1,637,257064,AGT,4301188006,42,FCA,Free Carrier,1046485 (18) B,"HOSE ASSY,0.75 IN X 15 IN--1046485",Not Assigned,6015999,SOLAR TURBINES EUROPE SA,1046485,2020-04-24,1.0,EA,"USD 256,56",256.56,USD,20142501,WTR oil centrifuges,Ordered,Closed,#,Material,Gated,0.0,256.56,Not assigned,256.56,0,0.0
18,2,638,257065,AGT,4301188006,43,FCA,Free Carrier,1046485 (18) B,"HOSE ASSY,0.75 IN X 15 IN--1046485",Not Assigned,6015999,SOLAR TURBINES EUROPE SA,1046485,2020-04-24,2.0,EA,"USD 256,56",513.12,USD,20142501,WTR oil centrifuges,Ordered,Closed,#,Material,Gated,0.0,256.56,Not assigned,256.56,0,0.0
19,0,612,257039,AGT,4301188006,2,FCA,Free Carrier,903732C1 (56) B,"O-RING,SAE 225,VITON--903732C1",Not Assigned,6015999,SOLAR TURBINES EUROPE SA,903732C1,2020-04-24,1.0,EA,"USD 13,35",13.35,USD,20142501,WTR oil centrifuges,Ordered,Closed,#,Material,Gated,0.0,13.35,Not assigned,13.35,0,0.0
20,1,631,257058,AGT,4301188006,37,FCA,Free Carrier,903732C1 (56) B,"O-RING,SAE 225,VITON--903732C1",Not Assigned,6015999,SOLAR TURBINES EUROPE SA,903732C1,2020-04-24,1.0,EA,"USD 13,35",13.35,USD,20142501,WTR oil centrifuges,Ordered,Closed,#,Material,Gated,0.0,13.35,Not assigned,13.35,0,0.0
22,0,633,257060,AGT,4301188006,39,FCA,Free Carrier,1010791 (7) B,"BOLT,HEX,0.50-13 X 1.50 IN--1010791",Not Assigned,6015999,SOLAR TURBINES EUROPE SA,1010791,2020-04-24,4.0,EA,"USD 16,16",64.64,USD,20142501,WTR oil centrifuges,Ordered,Closed,#,Material,Gated,0.0,16.16,Not assigned,16.16,0,0.0
23,1,634,257061,AGT,4301188006,4,FCA,Free Carrier,1010791 (7) B,"BOLT,HEX,0.50-13 X 1.50 IN--1010791",Not Assigned,6015999,SOLAR TURBINES EUROPE SA,1010791,2020-04-24,4.0,EA,"USD 16,16",64.64,USD,20142501,WTR oil centrifuges,Ordered,Closed,#,Material,Gated,0.0,16.16,Not assigned,16.16,0,0.0
24,2,635,257062,AGT,4301188006,40,FCA,Free Carrier,1010791 (7) B,"BOLT,HEX,0.50-13 X 1.50 IN--1010791",Not Assigned,6015999,SOLAR TURBINES EUROPE SA,1010791,2020-04-24,1.0,EA,"USD 16,16",16.16,USD,20142501,WTR oil centrifuges,Ordered,Closed,#,Material,Gated,0.0,16.16,Not assigned,16.16,0,0.0
25,0,515,197664,AGT,4301029666,3,FCA,Free Carrier,11042191 (FT67006-100),"TOOL:MEASUREMENT,UNVRSL",SOLAR TURBINES,6015999,SOLAR TURBINES EUROPE SA,FT67006-100,2019-01-14,1.0,EA,"USD 1.197,80",1197.8,USD,23153100,Industrial equipment,Transaction Completed,Completed,#,Material,Fastrack,0.0,1197.8,"TOOL: MEASUREMENT,UNIVERSAL",1197.8,0,0.0
26,1,562,208092,AGT,4301059091,2,FCA,Free Carrier,11042191 (FT67006-100),"TOOL:MEASUREMENT,UNVRSL",SOLAR TURBINES,6015999,SOLAR TURBINES EUROPE SA,FT67006-100,2019-04-01,1.0,EA,"USD 1.197,80",1197.8,USD,23153100,Industrial equipment,Transaction Completed,Completed,#,Material,Fastrack,0.0,1197.8,"TOOL: MEASUREMENT,UNIVERSAL",1197.8,0,0.0
27,2,589,236351,AGT,4301132706,1,FCA,Free Carrier,11042191 (FT67006-100),"TOOL:UNVRSL,MEASUREMENT",SOLAR TURBINES,6015999,SOLAR TURBINES EUROPE SA,FT67006-100,2019-10-23,4.0,EA,"USD 543,34",2173.36,USD,23153100,Industrial equipment,Transaction Completed,Completed,#,Material,Gated,0.0,543.34,"TOOL: UNIVERSAL, MEASUREMENT",543.34,0,0.0
28,0,495,158523,AGT,4300907581,1,EXW,From plant,11059767 (1078325-7),"DETECTOR:GAS,METHANE",SOLAR TURBINES,6015999,SOLAR TURBINES EUROPE SA,1078325-7,2018-02-23,1.0,EA,"USD 2.419,34",2419.34,USD,41111900,Indicating/rec INSTR,Transaction Completed,Completed,#,Material,Gated,0.0,2419.34,"DETECTOR:GAS,METHANE,LON",2419.34,0,0.0
29,1,581,217188,AGT,4301082195,2,FCA,Free Carrier,11059767 (1078325-7),"DETECTOR:GAS,METHANE",SOLAR TURBINES,6015999,SOLAR TURBINES EUROPE SA,1078325-7,2019-06-04,1.0,EA,"USD 2.366,21",2366.21,USD,41111900,Indicating/rec INSTR,Transaction Completed,Completed,#,Material,Gated,0.0,2366.21,"DETECTOR:GAS,METHANE",2366.21,0,0.0
30,2,591,240319,AGT,4301141954,1,FCA,Free Carrier,11059767 (1078325-7),"DETECTOR:GAS,METHANE,LON",SOLAR TURBINES,6015999,SOLAR TURBINES EUROPE SA,1078325-7,2019-11-21,1.0,EA,"USD 2.366,21",2366.21,USD,41111900,Indicating/rec INSTR,Ordered,Open,#,Material,Fastrack,0.0,2366.21,"DETECTOR: GAS, METHANE, LON",2366.21,0,0.0
33,0,608,257035,AGT,4301188006,16,FCA,Free Carrier,1017893 (8) B,"GASKET,SPIRAL,2.0,CL150,RF,304--1017893",Not Assigned,6015999,SOLAR TURBINES EUROPE SA,1017893,2020-04-24,1.0,EA,"USD 12,36",12.36,USD,20142501,WTR oil centrifuges,Ordered,Closed,#,Material,Gated,0.0,12.36,Not assigned,12.36,0,0.0
34,1,619,257046,AGT,4301188006,26,FCA,Free Carrier,1017893 (8) B,"GASKET,SPIRAL,2.0,CL150,RF,304--1017893",Not Assigned,6015999,SOLAR TURBINES EUROPE SA,1017893,2020-04-24,1.0,EA,"USD 12,36",12.36,USD,20142501,WTR oil centrifuges,Ordered,Closed,#,Material,Gated,0.0,12.36,Not assigned,12.36,0,0.0
37,0,648,260107,AGT,4301195587,1,FCA,Free Carrier,11205314 (1077347-3T021),"FILTER,FUEL:COLSNG",SOLAR TURBINES,6015999,SOLAR TURBINES EUROPE SA,1077347-3T021,2020-05-27,1.0,EA,"USD 36.951,94",36951.94,USD,40161513,Fuel filters,Ordered,Open,#,Material,Gated,1.0,36951.94,"FILTER,FUEL:COALESCING",36951.94,0,0.0
38,1,649,260240,AGT,4301196603,1,FCA,Free Carrier,11205314 (1077347-3T021),"COALESCER:SEPARATOR,LIQUID FUEL",SOLAR TURBINES,6015999,SOLAR TURBINES EUROPE SA,1077347-3T021,2020-05-31,4.0,EA,"USD 36.951,94",147807.76,USD,40161513,Fuel filters,Ordered,Open,#,Material,Gated,4.0,36951.94,"COALESCER: SEPARATOR, LIQUID FUEL",36951.94,0,0.0
39,0,601,257028,AGT,4301188006,1,FCA,Free Carrier,1065112 (24) B,"HOSE ASSY,2 IN X 20.5 IN---1065112",SOLAR,6015999,SOLAR TURBINES EUROPE SA,1065112,2020-04-24,1.0,EA,"USD 737,14",737.14,USD,20142501,WTR oil centrifuges,Ordered,Closed,#,Material,Gated,0.0,737.14,Not assigned,737.14,0,0.0
40,1,630,257057,AGT,4301188006,36,FCA,Free Carrier,1065112 (24) B,"HOSE ASSY,2 IN X 20.5 IN--1065112",Not Assigned,6015999,SOLAR TURBINES EUROPE SA,1065112,2020-04-24,1.0,EA,"USD 737,14",737.14,USD,20142501,WTR oil centrifuges,Ordered,Closed,#,Material,Gated,0.0,737.14,Not assigned,737.14,0,0.0
41,0,594,244986,AGT,4301152413,2,FCA,Free Carrier,36024348 (1055272-8),"LGT FIXTURE,FLUOR:220/240V V,2 X 36 W,50",SOLAR TURBINES,6015999,SOLAR TURBINES EUROPE SA,1055272-8,2019-12-26,1.0,EA,"USD 1.863,18",1863.18,USD,39111500,General lighting,Transaction Completed,Completed,#,Material,Gated,0.0,1863.18,"LIGHT FIXTURE,FLUORESCENT: 220/240V V, 2 X 36 W, 50/6HZ, TYPE LFE,0.3A,CLASS 1",1863.18,0,0.0
42,1,595,247531,AGT,4301160683,2,FCA,Free Carrier,36024348 (1055272-8),"LGT FIXTURE,FLUOR:220/240V V,2 X 36 W,50",SOLAR TURBINES,6015999,SOLAR TURBINES EUROPE SA,1055272-8,2020-01-24,1.0,EA,"USD 1.863,18",1863.18,USD,39111500,General lighting,Transaction Completed,Completed,#,Material,Gated,0.0,1863.18,"LIGHT FIXTURE,FLUORESCENT: 220/240V V, 2 X 36 W, 50/6HZ, TYPE LFE,0.3A,CLASS 1",1863.18,0,0.0
43,0,658,270521,AGT,4301227320,1,FCA,Free Carrier,10007939 (903316C1),"PLUG,SPARK:23.8MM DIA,MATERIAL: CARBON S",Not Assigned,6015999,SOLAR TURBINES EUROPE SA,903316C1,2020-11-18,2.0,EA,"USD 171,66",343.32,USD,26101732,Spark plugs,Ordered,Open,#,Material,Gated,0.0,85.83,"PLUG,SPARK: 23.8MM DIA, MATERIAL: CARBON STEEL, SUPPLY MEASURE: 2/PACK",85.83,1,0.0
44,1,659,270522,AGT,4301227320,2,FCA,Free Carrier,10007939 (903316C1),"PLUG,SPARK:23.8MM DIA,MATERIAL: CARBON S",Not Assigned,6015999,SOLAR TURBINES EUROPE SA,903316C1,2020-11-18,8.0,EA,"USD 171,66",1373.28,USD,26101732,Spark plugs,Ordered,Open,#,Material,Gated,0.0,85.83,"PLUG,SPARK: 23.8MM DIA, MATERIAL: CARBON STEEL, SUPPLY MEASURE: 2/PACK",85.83,1,0.0
45,0,616,257043,AGT,4301188006,23,FCA,Free Carrier,700616C1 (51) B,"CLAMP,SPLIT FLANGE,HOSE,PIPE--700616C1",Not Assigned,6015999,SOLAR TURBINES EUROPE SA,700616C1,2020-04-24,2.0,EA,"USD 30,08",60.16,USD,20142501,WTR oil centrifuges,Ordered,Closed,#,Material,Gated,0.0,30.08,Not assigned,1.0,0,1.0
47,0,606,257033,AGT,4301188006,14,FCA,Free Carrier,1300391-0511 (34) B,"STUD,0.625-11 X 4.50 IN,CONT--1300391-05",Not Assigned,6015999,SOLAR TURBINES EUROPE SA,1300391-0511,2020-04-24,4.0,EA,"USD 3,08",12.32,USD,20142501,WTR oil centrifuges,Ordered,Closed,#,Material,Gated,0.0,3.08,Not assigned,3.08,0,0.0
48,1,611,257038,AGT,4301188006,19,FCA,Free Carrier,1300391-0511 (34) B,"STUD,0.625-11 X 4.50 IN,CONT--1300391-05",Not Assigned,6015999,SOLAR TURBINES EUROPE SA,1300391-0511,2020-04-24,4.0,EA,"USD 3,08",12.32,USD,20142501,WTR oil centrifuges,Ordered,Closed,#,Material,Gated,0.0,3.08,Not assigned,3.08,0,0.0
49,0,609,257036,AGT,4301188006,17,FCA,Free Carrier,980656C1 (63) B,"CLAMP,SPLIT FLANGE,HOSE,PIPE--980656C1",Not Assigned,6015999,SOLAR TURBINES EUROPE SA,980656C1,2020-04-24,2.0,EA,"USD 37,22",74.44,USD,20142501,WTR oil centrifuges,Ordered,Closed,#,Material,Gated,0.0,37.22,Not assigned,37.22,0,0.0
50,1,632,257059,AGT,4301188006,38,FCA,Free Carrier,980656C1 (63) B,"CLAMP,SPLIT FLANGE,HOSE,PIPE--980656C1",Not Assigned,6015999,SOLAR TURBINES EUROPE SA,980656C1,2020-04-24,2.0,EA,"USD 37,22",74.44,USD,20142501,WTR oil centrifuges,Ordered,Closed,#,Material,Gated,0.0,37.22,Not assigned,37.22,0,0.0
51,0,540,203452,AGT,4301046191,3,FCA,Free Carrier,D (129),"ELEMENT,AIR,SQUARE,SYNTHETIC, 1106873",Not Assigned,6015999,SOLAR TURBINES EUROPE SA,#,2019-02-25,140.0,EA,"USD 120,45",16863.0,USD,73152103,Egnr.Eqp.Maint.Serv,Ordered,Open,#,Material,Gated,0.0,120.45,Not assigned,120.45,0,
53,0,602,257029,AGT,4301188006,10,FCA,Free Carrier,1017895 (9) B,"GASKET,SPIRAL,3.0,CL150,RF,304--1017895",Not Assigned,6015999,SOLAR TURBINES EUROPE SA,1017895,2020-04-24,1.0,EA,"USD 13,12",13.12,USD,20142501,WTR oil centrifuges,Ordered,Closed,#,Material,Gated,0.0,13.12,Not assigned,13.12,0,
54,0,644,257071,AGT,4301188006,8,FCA,Free Carrier,1010510 (3) B,"BOLT,HEX,0.625-11 X 2.25 IN--1010510",Not Assigned,6015999,SOLAR TURBINES EUROPE SA,1010510,2020-04-24,8.0,EA,"USD 13,00",104.0,USD,20142501,WTR oil centrifuges,Ordered,Closed,#,Material,Gated,0.0,13.0,Not assigned,13.0,0,
58,0,578,211989,AGT,4301067939,2,FCA,Free Carrier,36024555 (190817 14),"SENSOR:PROXIMITR,TYPE 3300XL",SOLAR TURBINES,6015999,SOLAR TURBINES EUROPE SA,190817 14,2019-04-24,3.0,EA,"USD 781,46",2344.38,USD,41111900,Indicating/rec INSTR,Transaction Completed,Completed,#,Material,Gated,0.0,781.46,"SENSOR: PROXIMITOR,TYPE 3300XL",781.46,0,
59,0,622,257049,AGT,4301188006,29,FCA,Free Carrier,1010788 (4) B,"BOLT,HEX,0.625-11 X 1.75 IN--1010788",Not Assigned,6015999,SOLAR TURBINES EUROPE SA,1010788,2020-04-24,2.0,EA,"USD 23,06",46.12,USD,20142501,WTR oil centrifuges,Ordered,Closed,#,Material,Gated,0.0,23.06,Not assigned,23.06,0,
60,0,514,197095,AGT,4301027808,3,EXW,From plant,FT33049 (67) B,"HEATER,HUB,PT/GB",Not Assigned,6015999,SOLAR TURBINES EUROPE SA,FT33049,2019-01-09,1.0,EA,"USD 22.846,63",22846.63,USD,26101717,Engine heaters,Transaction Completed,Completed,#,Material,Fastrack,0.0,22846.63,"HEATER,HUB,PT/GB",22846.63,0,
61,0,643,257070,AGT,4301188006,7,FCA,Free Carrier,1005907 (1) B,"CLAMP,SPLIT FLANGE,PIPE--1005907",Not Assigned,6015999,SOLAR TURBINES EUROPE SA,1005907,2020-04-24,2.0,EA,"USD 420,10",840.2,USD,20142501,WTR oil centrifuges,Ordered,Closed,#,Material,Gated,0.0,420.1,Not assigned,420.1,0,
62,0,504,166373,AGT,4300933762,6,FCA,Free Carrier,D (27),"PIN,DOWEL,0.75 IN DIA X 2.0 IN",Not Assigned,6015999,SOLAR TURBINES EUROPE SA,#,2018-05-02,2.0,EA,"USD 2,74",5.48,USD,31163200,Retaining hardware ,Transaction Completed,Completed,#,Material,Gated,0.0,2.74,Not assigned,2.74,0,
63,0,544,203456,AGT,4301046191,33,FCA,Free Carrier,D (20),"950394C1, LOCKWASHER,SPLIT,0.50 IN,304",Not Assigned,6015999,SOLAR TURBINES EUROPE SA,#,2019-02-25,1.0,PH,"USD 9,00",9.0,USD,81141501,Materials testing,Ordered,Open,#,Material,Gated,0.0,9.0,Not assigned,9.0,0,
64,0,553,203465,AGT,4301046191,6,FCA,Free Carrier,D (62),"KIT,ELEMENT,FILTER,LUBE OIL, 1064728-6",Not Assigned,6015999,SOLAR TURBINES EUROPE SA,#,2019-02-25,8.0,EA,"USD 374,22",2993.76,USD,73152103,Egnr.Eqp.Maint.Serv,Ordered,Open,#,Material,Gated,0.0,374.22,Not assigned,374.22,0,
65,0,505,166374,AGT,4300933762,7,FCA,Free Carrier,D (91),KIT GASKETS GB 8009984R91,Not Assigned,6015999,SOLAR TURBINES EUROPE SA,#,2018-05-02,1.0,EA,"USD 1.777,58",1777.58,USD,31163200,Retaining hardware ,Transaction Completed,Completed,#,Material,Gated,0.0,1777.58,Not assigned,1777.58,0,
66,0,652,263245,AGT,4301205685,1,FCA,Free Carrier,D (50),SERVICE KIT FOR GAS TURBINE,Not Assigned,6015999,SOLAR TURBINES EUROPE SA,#,2020-07-14,5.0,EA,"USD 1,00",5.0,USD,23150000,Ind process EQPT,Ordered,Open,#,Material,Gated,0.0,1.0,Not assigned,1.0,0,
67,0,526,203438,AGT,4301046191,17,FCA,Free Carrier,D (97),"962159C1, PLUG,PIPE,0.25 NPT",Not Assigned,6015999,SOLAR TURBINES EUROPE SA,#,2019-02-25,2.0,PH,"USD 21,08",42.16,USD,73152103,Egnr.Eqp.Maint.Serv,Ordered,Open,#,Material,Gated,0.0,21.08,Not assigned,21.08,0,
68,0,588,234096,AGT,4301126251,1,FCA,Free Carrier,D (54),"LINE REACTOR, 1039135-6",Not Assigned,6015999,SOLAR TURBINES EUROPE SA,#,2019-10-02,1.0,EA,"USD 1.629,35",1629.35,USD,39120000,Electrical EQPT,Transaction Completed,Completed,#,Material,Gated,0.0,1629.35,Not assigned,1629.35,0,
69,0,521,203433,AGT,4301046191,12,FCA,Free Carrier,D (49),"FILTER,LIQUID FUEL,SIMPLEX, 186278-1",Not Assigned,6015999,SOLAR TURBINES EUROPE SA,#,2019-02-25,4.0,EA,"USD 587,62",2350.48,USD,73152103,Egnr.Eqp.Maint.Serv,Ordered,Open,#,Material,Gated,0.0,587.62,Not assigned,587.62,0,
70,0,508,190415,AGT,4301008936,1,FCA,Free Carrier,D (73),"OFFSHORE INSTRUMENTATION CABLE 1X3X1,5 S",Not Assigned,6015999,SOLAR TURBINES EUROPE SA,#,2018-11-13,180.0,M,"USD 4,13",743.4,USD,20142501,WTR oil centrifuges,Ordered,Open,#,Material,Gated,0.0,4.13,Not assigned,4.13,0,
71,0,500,166369,AGT,4300933762,2,FCA,Free Carrier,D (93),"RETAINER,OUTSIDE,O-RING",Not Assigned,6015999,SOLAR TURBINES EUROPE SA,#,2018-05-02,1.0,EA,"USD 200,28",200.28,USD,31163200,Retaining hardware ,Transaction Completed,Completed,#,Material,Gated,0.0,200.28,Not assigned,200.28,0,
72,0,530,203442,AGT,4301046191,20,FCA,Free Carrier,D (141),"1017891, GASKET,SPIRAL,1.25,CL150,RF",Not Assigned,6015999,SOLAR TURBINES EUROPE SA,#,2019-02-25,8.0,EA,"USD 6,86",54.88,USD,73152103,Egnr.Eqp.Maint.Serv,Ordered,Open,#,Material,Gated,0.0,6.86,Not assigned,6.86,0,
73,0,529,203441,AGT,4301046191,2,FCA,Free Carrier,D (64),"ELEMENT,AIR,SQUARE,FIBERGLASS, 1089827",Not Assigned,6015999,SOLAR TURBINES EUROPE SA,#,2019-02-25,140.0,EA,"USD 348,08",48731.2,USD,73152103,Egnr.Eqp.Maint.Serv,Ordered,Open,#,Material,Gated,0.0,348.08,Not assigned,348.08,0,
75,0,580,216117,AGT,4301079086,1,FCA,Free Carrier,11516949 (1034549-80),"MODULE:DUAL PROXIMITOR/ACCELEROMETER,INP",SOLAR TURBINES,6015999,SOLAR TURBINES EUROPE SA,1034549-80,2019-05-24,3.0,EA,"USD 548,10",1644.3,USD,32151802,Safety CTRL module,Transaction Completed,Completed,#,Material,Gated,0.0,548.1,"MODULE:DUAL PROXIMITOR/ACCELEROMETER,INPUT/OUTPUT",548.1,0,
76,0,587,229499,AGT,4301114128,8,FCA,Free Carrier,11059801 (1092762),"HOSE,FLEX MTL:1-1/2IN ID,31-1/2IN LG",SOLAR TURBINES,6015999,SOLAR TURBINES EUROPE SA,1092762,2019-08-28,1.0,EA,"USD 1.071,24",1071.24,USD,40142007,Special hoses,Transaction Completed,Completed,#,Material,Gated,0.0,1071.24,"HOSE,FLEXIBLE METAL: 1-1/2IN ID, 31-1/2IN LG",1071.24,0,
78,0,586,229498,AGT,4301114128,7,FCA,Free Carrier,11059799 (1061252),"HOSE,ASSY:1IN ID,25IN LG",SOLAR TURBINES,6015999,SOLAR TURBINES EUROPE SA,1061252,2019-08-28,1.0,EA,"USD 690,62",690.62,USD,40142000,Hoses,Transaction Completed,Completed,#,Material,Gated,0.0,690.62,"HOSE,ASSEMBLY: 1IN ID, 25IN LG",690.62,0,
83,0,561,206525,AGT,4301054298,3,EXW,From plant,36023976 (186269-1),"VALVE,SOLENOID:80PSIG",SOLAR TURBINES,6015999,SOLAR TURBINES EUROPE SA,186269-1,2019-03-19,1.0,EA,"USD 452,62",452.62,USD,40141605,Solenoid valves,Transaction Completed,Completed,#,Material,Fastrack,0.0,452.62,"VALVE,SOLENOID: 80PSIG",452.62,0,
85,0,511,194890,AGT,4301020946,1,FCA,Free Carrier,10008188 (103454980),"ACCELEROMETER:PROX,BN 1701,BN 1701,TITAN",SOLAR TURBINES,6015999,SOLAR TURBINES EUROPE SA,103454980,2018-12-18,1.0,EA,"USD 548,10",548.1,USD,41113639,Accelerometers,Transaction Completed,Completed,#,Material,Gated,0.0,548.1,"ACCELEROMETER:PROXIMITY,BN 1701,BN 1701,TITAN 130 GAS TURBINE:PACKAGE SE RIAL NUMBERS: KG02D66,KG02D67,KG02D68,ENGINE SERIAL NUMBER:  0083L,0084L,0085L,BN1701,GAS TURBINES MANUFACTURER: SOLAR GAS TURBINES",548.1,0,
87,0,627,257054,AGT,4301188006,33,FCA,Free Carrier,1033722 (14) B,"HOSE ASSY,1 IN X 62 IN--1033722",Not Assigned,6015999,SOLAR TURBINES EUROPE SA,1033722,2020-04-24,1.0,EA,"USD 620,86",620.86,USD,20142501,WTR oil centrifuges,Ordered,Closed,#,Material,Gated,0.0,620.86,Not assigned,620.86,0,
88,0,660,272080,AGT,4301230132,1,FCA,Free Carrier,D (120),SOLAR LAPTOP.,Not Assigned,6015999,SOLAR TURBINES EUROPE SA,#,2020-12-08,1.0,EA,"USD 17.231,31",17231.31,USD,43211503,Notebook computers,Ordered,Open,#,Material,Gated,1.0,17231.31,Not assigned,17231.31,0,
90,0,501,166370,AGT,4300933762,3,FCA,Free Carrier,D (94),"RETAINER,INSIDE,O-RING",Not Assigned,6015999,SOLAR TURBINES EUROPE SA,#,2018-05-02,1.0,EA,"USD 130,53",130.53,USD,31163200,Retaining hardware ,Transaction Completed,Completed,#,Material,Gated,0.0,130.53,Not assigned,130.53,0,
91,0,531,203443,AGT,4301046191,21,FCA,Free Carrier,D (78),"951907C1, PLUG,BORESCOPE",Not Assigned,6015999,SOLAR TURBINES EUROPE SA,#,2019-02-25,1.0,PH,"USD 345,28",345.28,USD,81141501,Materials testing,Ordered,Open,#,Material,Gated,0.0,345.28,Not assigned,345.28,0,
92,0,625,257052,AGT,4301188006,31,FCA,Free Carrier,1300391-0509 (33) B,"STUD,0.625-11 X 4.00 IN,CONT--1300391-05",Not Assigned,6015999,SOLAR TURBINES EUROPE SA,1300391-0509,2020-04-24,4.0,EA,"USD 2,73",10.92,USD,20142501,WTR oil centrifuges,Ordered,Closed,#,Material,Gated,0.0,2.73,Not assigned,2.73,0,
93,0,617,257044,AGT,4301188006,24,FCA,Free Carrier,D (115),"BOLT,HEX,0.50-13 X 1.50 IN--1010791",Not Assigned,6015999,SOLAR TURBINES EUROPE SA,#,2020-04-24,4.0,EA,"USD 16,16",64.64,USD,20142501,WTR oil centrifuges,Ordered,Closed,#,Material,Gated,0.0,16.16,Not assigned,16.16,0,
94,0,497,162707,AGT,4300922302,1,EXW,From plant,11047275 (1046415-17),"MODULE,NETWORK:ETHERNET CONTROLLER,COMMU",SOLAR TURBINES,6015999,SOLAR TURBINES EUROPE SA,1046415-17,2018-04-03,2.0,EA,"USD 2.395,35",4790.7,USD,43201500,System boards,Transaction Completed,Completed,#,Material,Gated,0.0,2395.35,"MODULE,NETWORK:ETHERNET CONTROLLER,COMMUNICATION,C-LOGIX",2395.35,0,
95,0,560,206378,AGT,4301053818,3,EXW,From plant,11047967 (FT61096),"KIT:1 TON,NYLON SLING 3",SOLAR TURBINES,6015999,SOLAR TURBINES EUROPE SA,FT61096,2019-03-18,1.0,EA,"USD 347,68",347.68,USD,24101611,Slings,Ordered,Open,#,Material,Fastrack,0.0,347.68,"KIT: 1 TON,NYLON SLING 3",347.68,0,
96,0,661,272296,AGT,4301230629,2,FCA,Free Carrier,11045516 (1077443-202),ACCLRMTR:25MV/G,SOLAR TURBINES,6015999,SOLAR TURBINES EUROPE SA,1077443-202,2020-12-10,1.0,EA,"USD 1.542,33",1542.33,USD,41113639,Accelerometers,Ordered,Open,#,Material,Fastrack,0.0,1542.33,ACCELEROMETER: 25MV/G,1542.33,0,
97,0,548,203460,AGT,4301046191,37,FCA,Free Carrier,D (142),"1025324-1, ELEMENT,GAS FUEL,CYLINDRICAL",Not Assigned,6015999,SOLAR TURBINES EUROPE SA,#,2019-02-25,16.0,EA,"USD 51,77",828.32,USD,73152103,Egnr.Eqp.Maint.Serv,Ordered,Open,#,Material,Gated,0.0,51.77,Not assigned,51.77,0,
98,0,528,203440,AGT,4301046191,19,FCA,Free Carrier,D (61),"304649-100, GASKET,2.82 ID,5.63 OD,0.078",Not Assigned,6015999,SOLAR TURBINES EUROPE SA,#,2019-02-25,8.0,EA,"USD 23,36",186.88,USD,73152103,Egnr.Eqp.Maint.Serv,Ordered,Open,#,Material,Gated,0.0,23.36,Not assigned,23.36,0,
99,0,584,228602,AGT,4301112168,2,FCA,Free Carrier,1104894-4 (28) B,"1104894-4 MODULE,VFD,INTERFACE",Not Assigned,6015999,SOLAR TURBINES EUROPE SA,1104894-4,2019-08-22,1.0,EA,"USD 413,64",413.64,USD,39121004,PWR supply unit,Transaction Completed,Completed,#,Material,Gated,0.0,413.64,Not assigned,413.64,0,
101,0,537,203449,AGT,4301046191,27,FCA,Free Carrier,D (39),"962094C1, SEAL,THREADED,0.759 ID,1.023",Not Assigned,6015999,SOLAR TURBINES EUROPE SA,#,2019-02-25,8.0,EA,"USD 7,43",59.44,USD,73152103,Egnr.Eqp.Maint.Serv,Ordered,Open,#,Material,Gated,0.0,7.43,Not assigned,7.43,0,
102,0,626,257053,AGT,4301188006,32,FCA,Free Carrier,1033723 (15) B,"HOSE ASSY,1 IN X 55.125 IN--1033723",Not Assigned,6015999,SOLAR TURBINES EUROPE SA,1033723,2020-04-24,1.0,EA,"USD 554,99",554.99,USD,40142000,Hoses,Ordered,Closed,#,Material,Gated,0.0,554.99,Not assigned,554.99,0,
103,0,539,203451,AGT,4301046191,29,FCA,Free Carrier,D (69),"908601C1, ORIFICE,0.02 IN",Not Assigned,6015999,SOLAR TURBINES EUROPE SA,#,2019-02-25,4.0,EA,"USD 732,58",2930.32,USD,73152103,Egnr.Eqp.Maint.Serv,Ordered,Open,#,Material,Gated,0.0,732.58,Not assigned,732.58,0,
105,0,600,250947,AGT,4301170300,5,FCA,Free Carrier,11139630 (8PP-37830-00),THRMOSTAT,SOLAR TURBINES,6015999,SOLAR TURBINES EUROPE SA,8PP-37830-00,2020-02-23,1.0,EA,"USD 98,94",98.94,USD,41112209,Thermostats,Ordered,Closed,#,Material,Gated,0.0,98.94,THERMOSTAT,98.94,0,
107,0,613,257040,AGT,4301188006,20,FCA,Free Carrier,1010790 (5) B,"BOLT,HEX,0.50-13 X 1.75 IN--1010790",Not Assigned,6015999,SOLAR TURBINES EUROPE SA,1010790,2020-04-24,4.0,EA,"USD 11,53",46.12,USD,20142501,WTR oil centrifuges,Ordered,Closed,#,Material,Gated,0.0,11.53,Not assigned,11.53,0,
110,0,496,162171,AGT,4300920541,1,EXW,From plant,304346 (330180-51-05),PROXIMITOR:5MM PROBE DIA PROBE DIA,BENTLY NEVADA,6015999,SOLAR TURBINES EUROPE SA,330180-51-05,2018-03-29,2.0,EA,"USD 550,00",1100.0,USD,41110000,Measuring instrument,Transaction Completed,Completed,#,Material,Fastrack,0.0,550.0,"PROXIMITOR:5MM PROBE DIA PROBE DIA,REVERSE MOUNT PROXIMITOR:5MM PROBE DIA,5M EXTENTION CABLE LG,REVERSE MOUNT",550.0,0,
111,0,542,203454,AGT,4301046191,31,FCA,Free Carrier,D (34),"195017-1, GASKET,5.18 ID,5.84 OD,0.032",Not Assigned,6015999,SOLAR TURBINES EUROPE SA,#,2019-02-25,4.0,PH,"USD 17,14",68.56,USD,81141501,Materials testing,Ordered,Open,#,Material,Gated,0.0,17.14,Not assigned,17.14,0,
113,0,618,257045,AGT,4301188006,25,FCA,Free Carrier,1025945 (11) B,"HOSE ASSY,3.0 IN X 46.60 IN-1025945",Not Assigned,6015999,SOLAR TURBINES EUROPE SA,1025945,2020-04-24,1.0,EA,"USD 1.684,55",1684.55,USD,20142501,WTR oil centrifuges,Ordered,Closed,#,Material,Gated,0.0,1684.55,Not assigned,1684.55,0,
115,0,557,204433,AGT,4301048388,1,FCA,Free Carrier,1053923-68 (21) B,ORDER SWITCH  FOR CA GEC,Not Assigned,6015999,SOLAR TURBINES EUROPE SA,1053923-68,2019-03-01,1.0,EA,"USD 349,84",349.84,USD,39121506,Pressure switches,Transaction Completed,Completed,#,Material,Gated,0.0,349.84,Not assigned,349.84,0,
116,0,657,267801,AGT,4301220290,3,FCA,Free Carrier,D (75),PRESSURE SAFETY VALVE,Not Assigned,6015999,SOLAR TURBINES EUROPE SA,#,2020-10-27,1.0,EA,"USD 2.244,21",2244.21,USD,40141606,Relief valves,Ordered,Open,#,Material,Gated,0.0,2244.21,Not assigned,2244.21,0,
117,0,512,197093,AGT,4301027808,1,EXW,From plant,FT33006-102 (65) B,"KIT,TOOL,ALIGNMENT,MEASUREMENT",Not Assigned,6015999,SOLAR TURBINES EUROPE SA,FT33006-102,2019-01-09,1.0,EA,"USD 10.679,61",10679.61,USD,27113200,Tool kits,Transaction Completed,Completed,#,Material,Fastrack,0.0,10679.61,"KIT,TOOL,ALIGNMENT,MEASUREMENT",10679.61,0,
118,0,598,250943,AGT,4301170300,1,FCA,Free Carrier,11139629 (8PP-37829-00),HEATER,SOLAR TURBINES,6015999,SOLAR TURBINES EUROPE SA,8PP-37829-00,2020-02-23,1.0,EA,"USD 32,77",32.77,USD,40101800,Heating equipment,Ordered,Closed,#,Material,Gated,0.0,32.77,HEATER,32.77,0,
120,0,585,228603,AGT,4301112168,3,FCA,Free Carrier,1104894-3 (27) B,"1104894-3 MODULE,VFD,INTERFACE",Not Assigned,6015999,SOLAR TURBINES EUROPE SA,1104894-3,2019-08-22,1.0,EA,"USD 441,22",441.22,USD,39121004,PWR supply unit,Transaction Completed,Completed,#,Material,Gated,0.0,441.22,Not assigned,441.22,0,
125,0,509,190416,AGT,4301008936,2,FCA,Free Carrier,D (106),"OFFSHORE INSTRUMENTATION CABLE 1X2X1,5 S",Not Assigned,6015999,SOLAR TURBINES EUROPE SA,#,2018-11-13,180.0,M,"USD 3,42",615.6,USD,20142501,WTR oil centrifuges,Ordered,Open,#,Material,Gated,0.0,3.42,Not assigned,3.42,0,
126,0,596,248344,AGT,4301162732,1,FCA,Free Carrier,D (25),SOLAR P/N 907549C91 SATURN 20 BELLOW REP,Not Assigned,6015999,SOLAR TURBINES EUROPE SA,#,2020-01-30,1.0,EA,"USD 3.138,96",3138.96,USD,73152100,Mf.Eqp.Maint&Rep.Ser,Transaction Completed,Completed,#,Material,Gated,0.0,3138.96,Not assigned,3138.96,0,
127,0,513,197094,AGT,4301027808,2,EXW,From plant,FT33046-102 (66) B,"PULLER,HUB, LOCKNUT TRQ, ADPTR",Not Assigned,6015999,SOLAR TURBINES EUROPE SA,FT33046-102,2019-01-09,1.0,EA,"USD 18.668,72",18668.72,USD,31161716,Locknuts,Transaction Completed,Completed,#,Material,Fastrack,0.0,18668.72,"PULLER,HUB, LOCKNUT TRQ, ADPTR",18668.72,0,
129,0,623,257050,AGT,4301188006,3,FCA,Free Carrier,1010791 (6) B,"CLAMP,SPLIT FLANGE,HOSE,PIPE--980656C1",Not Assigned,6015999,SOLAR TURBINES EUROPE SA,1010791,2020-04-24,2.0,EA,"USD 16,16",32.32,USD,20142501,WTR oil centrifuges,Ordered,Closed,#,Material,Gated,0.0,16.16,Not assigned,16.16,0,
131,0,629,257056,AGT,4301188006,35,FCA,Free Carrier,1046484 (17) B,"HOSE ASSY,0.50 IN X 13.0 IN--1046484",Not Assigned,6015999,SOLAR TURBINES EUROPE SA,1046484,2020-04-24,1.0,EA,"USD 187,69",187.69,USD,20142501,WTR oil centrifuges,Ordered,Closed,#,Material,Gated,0.0,187.69,Not assigned,187.69,0,
132,0,583,228601,AGT,4301112168,1,FCA,Free Carrier,1112342-11401 (30) B,"1112342-11401 DRIVE,VAR FREQ,350 HP,400",Not Assigned,6015999,SOLAR TURBINES EUROPE SA,1112342-11401,2019-08-22,1.0,EA,"USD 82.980,57",82980.57,USD,39121004,PWR supply unit,Transaction Completed,Completed,#,Material,Gated,0.0,82980.57,Not assigned,82980.57,0,
135,0,518,203430,AGT,4301046191,1,FCA,Free Carrier,D (77),"SPARK PLUG, 903316C1",Not Assigned,6015999,SOLAR TURBINES EUROPE SA,#,2019-02-25,8.0,PH,"USD 169,84",1358.72,USD,73152103,Egnr.Eqp.Maint.Serv,Ordered,Open,#,Material,Gated,0.0,169.84,Not assigned,169.84,0,
136,0,543,203455,AGT,4301046191,32,FCA,Free Carrier,D (92),"173101-2, BOLT,HEX,0.50-13 X 1.75 IN",Not Assigned,6015999,SOLAR TURBINES EUROPE SA,#,2019-02-25,8.0,PH,"USD 46,76",374.08,USD,81141501,Materials testing,Ordered,Open,#,Material,Gated,0.0,46.76,Not assigned,46.76,0,
137,0,494,155215,AGT,4300900280,1,FCA,Free Carrier,D (124),ENGINE EXCHANGE KIT - 136010-000,Not Assigned,6015999,SOLAR TURBINES EUROPE SA,#,2018-02-06,2.0,EA,"USD 527,56",1055.12,USD,20142501,WTR oil centrifuges,Transaction Completed,Completed,#,Material,Gated,0.0,527.56,Not assigned,527.56,0,
138,0,551,203463,AGT,4301046191,4,FCA,Free Carrier,D (127),"ELEMENT,AIR,SQUARE,FIBERGLASS, 1089836",Not Assigned,6015999,SOLAR TURBINES EUROPE SA,#,2019-02-25,140.0,EA,"USD 348,08",48731.2,USD,73152103,Egnr.Eqp.Maint.Serv,Ordered,Open,#,Material,Gated,0.0,348.08,Not assigned,348.08,0,
140,0,510,190508,AGT,4301008978,1,FCA,Free Carrier,11210667 (1068994-102),"DAMPER:FIRE ISOLATION,42 X 42IN,GALV STL",SOLAR TURBINES,6015999,SOLAR TURBINES EUROPE SA,1068994-102,2018-11-13,1.0,EA,"USD 1.761,96",1761.96,USD,40101500,Ventilation,Transaction Completed,Completed,#,Material,Gated,0.0,1761.96,"DAMPER:FIRE ISOLATION,42 X 42IN,GALV STL",1761.96,0,
141,0,554,203466,AGT,4301046191,7,FCA,Free Carrier,D (133),"SCREEN,STRAINER, 992878C1",Not Assigned,6015999,SOLAR TURBINES EUROPE SA,#,2019-02-25,4.0,EA,"USD 73,68",294.72,USD,73152103,Egnr.Eqp.Maint.Serv,Ordered,Open,#,Material,Gated,0.0,73.68,Not assigned,73.68,0,
142,0,563,211455,AGT,4301066781,1,FCA,Free Carrier,D (41),PUMP,Not Assigned,6015999,SOLAR TURBINES EUROPE SA,#,2019-04-22,1.0,EA,"USD 24.434,61",24434.61,USD,73152103,Egnr.Eqp.Maint.Serv,Transaction Completed,Completed,#,Material,Gated,0.0,24434.61,Not assigned,24434.61,0,
143,0,656,267800,AGT,4301220290,2,FCA,Free Carrier,D (139),PRESSURE RELIEF VALVE,Not Assigned,6015999,SOLAR TURBINES EUROPE SA,#,2020-10-07,1.0,EA,"USD 4.657,57",4657.57,USD,40141606,Relief valves,Ordered,Open,#,Material,Gated,0.0,4657.57,Not assigned,4657.57,0,
145,0,646,258019,AGT,4301189612,1,FCA,Free Carrier,11145693 (CP210-2-V-S8S-E-C-280),"VALVE,RLF:PRESSURE SAFETY,ALUM,2800PSI,E",COMATROL,6015999,SOLAR TURBINES EUROPE SA,CP210-2-V-S8S-E-C-280,2020-04-30,4.0,EA,"USD 202,45",809.8,USD,40141606,Relief valves,Ordered,Open,#,Material,Gated,0.0,202.45,"VALVE,RELIEF: PRESSURE SAFETY,ALUMINUM,2800PSI,EXTERNAL ADJUSTMENT,3/4IN 28-207BAR,SAE,PILOT SPOOL,HYDRAULIC OIL SERVICE,115L/MIN,VITON SEAL",202.45,0,
146,0,597,249276,AGT,4301165367,4,FCA,Free Carrier,10051319 (105303817),"ISOLTR:INTRINSICALLY SAFE,F/ CURRENT REP",SOLAR TURBINES,6015999,SOLAR TURBINES EUROPE SA,105303817,2020-02-07,1.0,EA,"USD 353,14",353.14,USD,32100000,Printed circuits,Ordered,Closed,#,Material,Gated,0.0,353.14,"ISOLATOR: INTRINSICALLY SAFE, F/ CURRENT REPEATER ON GT DRIVER",353.14,0,
147,0,565,211864,AGT,4301067374,10,FCA,Free Carrier,D (65),"994799C1 ( AGB GASKET, DRAINLINE)",Not Assigned,6015999,SOLAR TURBINES EUROPE SA,#,2019-04-23,1.0,EA,"USD 5,15",5.15,USD,73152103,Egnr.Eqp.Maint.Serv,Transaction Completed,Completed,#,Material,Gated,0.0,5.15,Not assigned,5.15,0,
150,0,628,257055,AGT,4301188006,34,FCA,Free Carrier,912642C1 (59) B,"O-RING,SAE 228,VITON--912642C1",Not Assigned,6015999,SOLAR TURBINES EUROPE SA,912642C1,2020-04-24,1.0,EA,"USD 6,70",6.7,USD,20142501,WTR oil centrifuges,Ordered,Closed,#,Material,Gated,0.0,6.7,Not assigned,6.7,0,
151,0,519,203431,AGT,4301046191,10,FCA,Free Carrier,D (118),"ELEMENT,AIR,CELLULOSE, 1089034-3",Not Assigned,6015999,SOLAR TURBINES EUROPE SA,#,2019-02-25,4.0,EA,"USD 73,83",295.32,USD,73152103,Egnr.Eqp.Maint.Serv,Ordered,Open,#,Material,Gated,0.0,73.83,Not assigned,73.83,0,
152,0,640,257067,AGT,4301188006,45,FCA,Free Carrier,1027105-25 (13) B,"HOSE ASSY,0.75 IN,100 PSI--1027105-25",Not Assigned,6015999,SOLAR TURBINES EUROPE SA,1027105-25,2020-04-24,1.0,EA,"USD 203,82",203.82,USD,20142501,WTR oil centrifuges,Ordered,Closed,#,Material,Gated,0.0,203.82,Not assigned,203.82,0,
153,0,645,257072,AGT,4301188006,9,FCA,Free Carrier,1057002 (22) B,"HOSE ASSY,3.0 IN X 33.0 IN,300--1057002",Not Assigned,6015999,SOLAR TURBINES EUROPE SA,1057002,2020-04-24,1.0,EA,"USD 1.035,87",1035.87,USD,20142501,WTR oil centrifuges,Ordered,Closed,#,Material,Gated,0.0,1035.87,Not assigned,1035.87,0,
154,0,532,203444,AGT,4301046191,22,FCA,Free Carrier,D (88),"918567C1, GASKET,0.777 ID,1.040 OD,0.096",Not Assigned,6015999,SOLAR TURBINES EUROPE SA,#,2019-02-25,8.0,EA,"USD 20,74",165.92,USD,73152103,Egnr.Eqp.Maint.Serv,Ordered,Open,#,Material,Gated,0.0,20.74,Not assigned,20.74,0,
157,0,516,197665,AGT,4301029666,4,FCA,Free Carrier,11046772 (FT30100-102),"KIT:REPAIR,MARS ENGINE",SOLAR TURBINES,6015999,SOLAR TURBINES EUROPE SA,FT30100-102,2019-01-14,1.0,EA,"USD 5.757,92",5757.92,USD,23150000,Ind process EQPT,Transaction Completed,Completed,#,Material,Fastrack,0.0,5757.92,"KIT:REPAIR,MARS ENGINE,THD,TAP SET",5757.92,0,
159,0,549,203461,AGT,4301046191,38,FCA,Free Carrier,D (43),"1025324-2, FILTER ELEMENT,FOR 3'' FILTER",Not Assigned,6015999,SOLAR TURBINES EUROPE SA,#,2019-02-25,16.0,EA,"USD 69,14",1106.24,USD,73152103,Egnr.Eqp.Maint.Serv,Ordered,Open,#,Material,Gated,0.0,69.14,Not assigned,69.14,0,
161,0,574,211873,AGT,4301067374,6,FCA,Free Carrier,D (114),907549C91- EXHAUST EXPANSION JOINT KIT,Not Assigned,6015999,SOLAR TURBINES EUROPE SA,#,2019-04-23,1.0,EA,"USD 3.060,95",3060.95,USD,73152103,Egnr.Eqp.Maint.Serv,Transaction Completed,Completed,#,Material,Gated,0.0,3060.95,Not assigned,3060.95,0,
163,0,571,211870,AGT,4301067374,3,FCA,Free Carrier,D (125),300538-1 SAFETY BLANKET ( COLLECTOR SEC),Not Assigned,6015999,SOLAR TURBINES EUROPE SA,#,2019-04-23,1.0,EA,"USD 366,74",366.74,USD,73152103,Egnr.Eqp.Maint.Serv,Transaction Completed,Completed,#,Material,Gated,0.0,366.74,Not assigned,366.74,0,
165,0,545,203457,AGT,4301046191,34,FCA,Free Carrier,D (119),"1028903, GASKET,0.995 ID,1.250 OD,0.062",Not Assigned,6015999,SOLAR TURBINES EUROPE SA,#,2019-02-25,1.0,PH,"USD 16,90",16.9,USD,81141501,Materials testing,Ordered,Open,#,Material,Gated,0.0,16.9,Not assigned,16.9,0,
166,0,615,257042,AGT,4301188006,22,FCA,Free Carrier,903737C1 (58) B,"O-RING,SAE 222,VITON--903737C1",Not Assigned,6015999,SOLAR TURBINES EUROPE SA,903737C1,2020-04-24,1.0,EA,"USD 17,00",17.0,USD,20142501,WTR oil centrifuges,Ordered,Closed,#,Material,Gated,0.0,17.0,Not assigned,17.0,0,
167,0,590,239554,AGT,4301140456,1,FCA,Free Carrier,36029132 (603781C1),"SLING:LIFT,45.72MM,YELLOW POLYESTER,11.3",LIFT-IT MANUFACTURING,6015999,SOLAR TURBINES EUROPE SA,603781C1,2019-11-17,3.0,EA,"USD 2.186,51",6559.53,USD,24101611,Slings,Transaction Completed,Completed,#,Material,Gated,0.0,2186.51,"SLING: LIFT,45.72MM,YELLOW POLYESTER,11.399 KG",2186.51,0,
168,0,655,267795,AGT,4301220262,1,FCA,Free Carrier,D (35),GUIDE PINS  / FT20003-2 SOLAR,Not Assigned,6015999,SOLAR TURBINES EUROPE SA,#,2020-10-07,1.0,EA,"USD 606,25",606.25,USD,26101500,Engines,Ordered,Open,#,Material,Gated,0.0,606.25,Not assigned,606.25,0,
171,0,573,211872,AGT,4301067374,5,FCA,Free Carrier,D (42),901483C1 SAFETY BLANKET ( COLLECTOR SEC),Not Assigned,6015999,SOLAR TURBINES EUROPE SA,#,2019-04-23,1.0,EA,"USD 265,66",265.66,USD,73152103,Egnr.Eqp.Maint.Serv,Transaction Completed,Completed,#,Material,Gated,0.0,265.66,Not assigned,265.66,0,
173,0,555,203467,AGT,4301046191,8,FCA,Free Carrier,D (132),"REPLACEMENT,GASKET,TEFLON, 600277C1",Not Assigned,6015999,SOLAR TURBINES EUROPE SA,#,2019-02-25,4.0,EA,"USD 25,70",102.8,USD,73152103,Egnr.Eqp.Maint.Serv,Ordered,Open,#,Material,Gated,0.0,25.7,Not assigned,25.7,0,
174,0,535,203447,AGT,4301046191,25,FCA,Free Carrier,D (96),"120022-7, BOLT,HEX,0.375-16 X 1.25 IN,B7",Not Assigned,6015999,SOLAR TURBINES EUROPE SA,#,2019-02-25,12.0,PH,"USD 20,28",243.36,USD,81141501,Materials testing,Ordered,Open,#,Material,Gated,0.0,20.28,Not assigned,20.28,0,
177,0,641,257068,AGT,4301188006,5,FCA,Free Carrier,1059582 (23) B,"HOSE ASSY,4.0 IN X 42.75 IN--1059582",Not Assigned,6015999,SOLAR TURBINES EUROPE SA,1059582,2020-04-24,1.0,EA,"USD 1.521,70",1521.7,USD,20142501,WTR oil centrifuges,Ordered,Closed,#,Material,Gated,0.0,1521.7,Not assigned,1521.7,0,
178,0,620,257047,AGT,4301188006,27,FCA,Free Carrier,903249C1 (54) B,"O-RING,SAE 237,VITON--903249C1",Not Assigned,6015999,SOLAR TURBINES EUROPE SA,903249C1,2020-04-24,1.0,EA,"USD 10,02",10.02,USD,20142501,WTR oil centrifuges,Ordered,Closed,#,Material,Gated,0.0,10.02,Not assigned,10.02,0,
182,0,604,257031,AGT,4301188006,12,FCA,Free Carrier,1300391-0522 (35) B,"STUD,0.625-11 X 7.25 IN,CONT--1300391-05",Not Assigned,6015999,SOLAR TURBINES EUROPE SA,1300391-0522,2020-04-24,4.0,EA,"USD 4,50",18.0,USD,31162800,MISC hardware,Ordered,Closed,#,Material,Gated,0.0,4.5,Not assigned,4.5,0,
183,0,550,203462,AGT,4301046191,39,FCA,Free Carrier,D (57),"1087491-3, ELEMENT,AIR,GAS FUEL",Not Assigned,6015999,SOLAR TURBINES EUROPE SA,#,2019-02-25,16.0,EA,"USD 34,62",553.92,USD,73152103,Egnr.Eqp.Maint.Serv,Ordered,Open,#,Material,Gated,0.0,34.62,Not assigned,34.62,0,
184,0,569,211868,AGT,4301067374,14,FCA,Free Carrier,D (24),120184-800 VALVE RELIEF 0.75 IN PSI,Not Assigned,6015999,SOLAR TURBINES EUROPE SA,#,2019-04-23,1.0,EA,"USD 656,01",656.01,USD,73152103,Egnr.Eqp.Maint.Serv,Transaction Completed,Completed,#,Material,Gated,0.0,656.01,Not assigned,656.01,0,
188,0,522,203434,AGT,4301046191,13,FCA,Free Carrier,D (60),"1064728-21, KIT,ELEMENT,FILTER,LF,3 MICR",Not Assigned,6015999,SOLAR TURBINES EUROPE SA,#,2019-02-25,8.0,EA,"USD 231,28",1850.24,USD,73152103,Egnr.Eqp.Maint.Serv,Ordered,Open,#,Material,Gated,0.0,231.28,Not assigned,231.28,0,
189,0,552,203464,AGT,4301046191,5,FCA,Free Carrier,D (110),"ELEMENT,AIR,RECTANGULAR, 1039742",Not Assigned,6015999,SOLAR TURBINES EUROPE SA,#,2019-02-25,24.0,EA,"USD 597,12",14330.88,USD,73152103,Egnr.Eqp.Maint.Serv,Ordered,Open,#,Material,Gated,0.0,597.12,Not assigned,597.12,0,
193,0,614,257041,AGT,4301188006,21,FCA,Free Carrier,1046490 (19) B,"HOSE ASSY,1.50 IN X 37 IN--1046490",Not Assigned,6015999,SOLAR TURBINES EUROPE SA,1046490,2020-04-24,1.0,EA,"USD 485,22",485.22,USD,20142501,WTR oil centrifuges,Ordered,Closed,#,Material,Gated,0.0,485.22,Not assigned,485.22,0,
194,0,647,258020,AGT,4301189612,2,FCA,Free Carrier,11139499 (1A30-01-V-S12S-E-B),"VLV,RLF:3/4IN,EXTERNAL ADJUSTMENT,PRESSU",DANFOSS,6015999,SOLAR TURBINES EUROPE SA,1A30-01-V-S12S-E-B,2020-04-30,2.0,EA,"USD 554,92",1109.84,USD,40141606,Relief valves,Ordered,Open,#,Material,Gated,0.0,554.92,"VALVE,RELIEF: 3/4IN, EXTERNAL ADJUSTMENT, PRESSURE PILOT OPERATED OPERATED, PORT CONNECTOR,VITON SEAL",554.92,0,
195,0,541,203453,AGT,4301046191,30,FCA,Free Carrier,D (56),"903315C1, GASKET,0.77 ID,METALLIC,SPARK",Not Assigned,6015999,SOLAR TURBINES EUROPE SA,#,2019-02-25,1.0,PH,"USD 18,50",18.5,USD,81141501,Materials testing,Ordered,Open,#,Material,Gated,0.0,18.5,Not assigned,18.5,0,
197,0,503,166372,AGT,4300933762,5,FCA,Free Carrier,D (117),"PIN,DIAMOND,0.75 IN DIA X",Not Assigned,6015999,SOLAR TURBINES EUROPE SA,#,2018-05-02,2.0,EA,"USD 15,94",31.88,USD,31163200,Retaining hardware ,Transaction Completed,Completed,#,Material,Gated,0.0,15.94,Not assigned,15.94,0,
198,0,579,212236,AGT,4301068400,10,FCA,Free Carrier,36024220 (SA 8288101),"GREASE:CPLG,KSG,14OZ TUBE",KOP-FLEX,6015999,SOLAR TURBINES EUROPE SA,SA 8288101,2019-04-25,2.0,EA,"USD 27,56",55.12,USD,15121902,Grease,Transaction Completed,Completed,#,Material,Fastrack,0.0,27.56,"GREASE: COUPLING,KSG,14OZ TUBE",27.56,0,
200,0,639,257066,AGT,4301188006,44,FCA,Free Carrier,1027105-23 (12) B,"HOSE ASSY,0.50 IN--1027105-23",Not Assigned,6015999,SOLAR TURBINES EUROPE SA,1027105-23,2020-04-24,1.0,EA,"USD 150,33",150.33,USD,20142501,WTR oil centrifuges,Ordered,Closed,#,Material,Gated,0.0,150.33,Not assigned,150.33,0,
201,0,546,203458,AGT,4301046191,35,FCA,Free Carrier,D (23),"173101-1, BOLT,HEX,0.312-24 X 1 IN",Not Assigned,6015999,SOLAR TURBINES EUROPE SA,#,2019-02-25,1.0,PH,"USD 65,60",65.6,USD,81141501,Materials testing,Ordered,Open,#,Material,Gated,0.0,65.6,Not assigned,65.6,0,
202,0,499,166368,AGT,4300933762,1,FCA,Free Carrier,D (130),"O-RING,5-092,27.62 ID,SILICONE",Not Assigned,6015999,SOLAR TURBINES EUROPE SA,#,2018-05-02,2.0,EA,"USD 147,47",294.94,USD,31181506,O ring gaskets,Transaction Completed,Completed,#,Material,Gated,0.0,147.47,Not assigned,147.47,0,
203,0,536,203448,AGT,4301046191,26,FCA,Free Carrier,D (21),"304223-100, GASKET,3.76 X 2.86IN,.062THK",Not Assigned,6015999,SOLAR TURBINES EUROPE SA,#,2019-02-25,48.0,EA,"USD 38,72",1858.56,USD,73152103,Egnr.Eqp.Maint.Serv,Ordered,Open,#,Material,Gated,0.0,38.72,Not assigned,38.72,0,
204,0,538,203450,AGT,4301046191,28,FCA,Free Carrier,D (37),"173942-1, GASKET,3.32 ID,3.68 OD,0.049",Not Assigned,6015999,SOLAR TURBINES EUROPE SA,#,2019-02-25,1.0,PH,"USD 21,75",21.75,USD,81141501,Materials testing,Ordered,Open,#,Material,Gated,0.0,21.75,Not assigned,21.75,0,
205,0,527,203439,AGT,4301046191,18,FCA,Free Carrier,D (66),"951906C1, PLUG,BORESCOPE",Not Assigned,6015999,SOLAR TURBINES EUROPE SA,#,2019-02-25,4.0,EA,"USD 53,61",214.44,USD,73152103,Egnr.Eqp.Maint.Serv,Ordered,Open,#,Material,Gated,0.0,53.61,Not assigned,53.61,0,
206,0,567,211866,AGT,4301067374,12,FCA,Free Carrier,D (87),1407762-100 PUMP/GEAR SEAL OIL,Not Assigned,6015999,SOLAR TURBINES EUROPE SA,#,2019-04-23,1.0,EA,"USD 18.635,38",18635.38,USD,73152103,Egnr.Eqp.Maint.Serv,Transaction Completed,Completed,#,Material,Gated,0.0,18635.38,Not assigned,18635.38,0,
208,0,524,203436,AGT,4301046191,15,FCA,Free Carrier,D (104),"1008726, GASKET,0.938 ID,1.25 OD,0.0485",Not Assigned,6015999,SOLAR TURBINES EUROPE SA,#,2019-02-25,8.0,EA,"USD 3,92",31.36,USD,73152103,Egnr.Eqp.Maint.Serv,Ordered,Open,#,Material,Gated,0.0,3.92,Not assigned,3.92,0,
211,0,653,264336,AGT,4301208760,1,FCA,Free Carrier,D (70),"CARD,VFD,POWERFLEX 755",Not Assigned,6015999,SOLAR TURBINES EUROPE SA,#,2020-07-29,1.0,EA,"USD 1.966,88",1966.88,USD,26111500,Kinetic power transm,Ordered,Open,#,Material,Gated,0.0,1966.88,Not assigned,1966.88,0,
212,0,558,204437,AGT,4301048477,1,FCA,Free Carrier,D (76),ORDER CCU CARD GEC CHARGER SOLAR,Not Assigned,6015999,SOLAR TURBINES EUROPE SA,#,2019-03-01,1.0,EA,"USD 4.921,13",4921.13,USD,32101617,SMART CARDS,Transaction Completed,Completed,#,Material,Gated,0.0,4921.13,Not assigned,4921.13,0,
214,0,564,211863,AGT,4301067374,1,FCA,Free Carrier,D (30),30516-0 HOSE ( ENGINE BLEED VALVE SECTIO,Not Assigned,6015999,SOLAR TURBINES EUROPE SA,#,2019-04-23,1.0,EA,"USD 430,26",430.26,USD,73152103,Egnr.Eqp.Maint.Serv,Transaction Completed,Completed,#,Material,Gated,0.0,430.26,Not assigned,430.26,0,
218,0,572,211871,AGT,4301067374,4,FCA,Free Carrier,D (55),901484C1 SAFETY BLANKET ( COLLECTOR SEC),Not Assigned,6015999,SOLAR TURBINES EUROPE SA,#,2019-04-23,1.0,EA,"USD 374,01",374.01,USD,73152103,Egnr.Eqp.Maint.Serv,Transaction Completed,Completed,#,Material,Gated,0.0,374.01,Not assigned,374.01,0,
220,0,502,166371,AGT,4300933762,4,FCA,Free Carrier,D (80),"O-RING,NON-STD,31.625 ID,VITON",Not Assigned,6015999,SOLAR TURBINES EUROPE SA,#,2018-05-02,1.0,EA,"USD 48,82",48.82,USD,31181506,O ring gaskets,Transaction Completed,Completed,#,Material,Gated,0.0,48.82,Not assigned,48.82,0,
221,0,523,203435,AGT,4301046191,14,FCA,Free Carrier,D (144),"186280-800, KIT,ELEMENT,FILTER, LUBE OIL",Not Assigned,6015999,SOLAR TURBINES EUROPE SA,#,2019-02-25,4.0,EA,"USD 285,00",1140.0,USD,73152103,Egnr.Eqp.Maint.Serv,Ordered,Open,#,Material,Gated,0.0,285.0,Not assigned,285.0,0,
222,0,599,250944,AGT,4301170300,2,FCA,Free Carrier,11136783 (8PP-37827-00),"COIL,ELEC:SOL,24VDC",SOLAR TURBINES,6015999,SOLAR TURBINES EUROPE SA,8PP-37827-00,2020-02-23,1.0,EA,"USD 57,81",57.81,USD,39121000,Power cond EQUIP,Ordered,Closed,#,Material,Gated,0.0,57.81,"COIL,ELECTRICAL: SOLENOID,24VDC",57.81,0,
224,0,520,203432,AGT,4301046191,11,FCA,Free Carrier,D (100),"KIT,ELEMENT,FUEL,LUBE OIL,8.2,186280-100",Not Assigned,6015999,SOLAR TURBINES EUROPE SA,#,2019-02-25,4.0,EA,"USD 128,83",515.32,USD,73152103,Egnr.Eqp.Maint.Serv,Ordered,Open,#,Material,Gated,0.0,128.83,Not assigned,128.83,0,
225,0,506,173788,AGT,4300957121,1,FCA,Free Carrier,11186256 (M120.D21072),"VALVE,SOL:1/4IN PIPE,24VDC,1/4IN OD MALE",WELDRITE,6015999,SOLAR TURBINES EUROPE SA,M120.D21072,2018-07-02,1.0,EA,"USD 2.859,14",2859.14,USD,40141605,Solenoid valves,Transaction Completed,Completed,#,Material,Gated,0.0,2859.14,"VALVE,SOLENOID:1/4IN PIPE,24VDC,1/4IN OD MALE TUBE,1/8IN THK,ISO PARALLE L THD,SS",2859.14,0,
227,0,498,166310,AGT,4300933627,1,EXW,From plant,11096418 (1119277-303),"KIT:INSTALLATION,COMPUTER",SOLAR TURBINES,6015999,SOLAR TURBINES EUROPE SA,1119277-303,2018-05-02,1.0,EA,"USD 9.247,59",9247.59,USD,23150000,Ind process EQPT,Transaction Completed,Completed,#,Material,Gated,0.0,9247.59,"KIT:INSTALLATION,COMPUTER",9247.59,0,
232,0,566,211865,AGT,4301067374,11,FCA,Free Carrier,D (137),"26321-1  ( 2/3- CONNECTOR , DRAINLINE)",Not Assigned,6015999,SOLAR TURBINES EUROPE SA,#,2019-04-23,1.0,EA,"USD 110,08",110.08,USD,73152103,Egnr.Eqp.Maint.Serv,Transaction Completed,Completed,#,Material,Gated,0.0,110.08,Not assigned,110.08,0,
233,0,533,203445,AGT,4301046191,23,FCA,Free Carrier,D (53),"1007799, GASKET,0.344 ID,0.625 OD",Not Assigned,6015999,SOLAR TURBINES EUROPE SA,#,2019-02-25,2.0,PH,"USD 40,50",81.0,USD,81141501,Materials testing,Ordered,Open,#,Material,Gated,0.0,40.5,Not assigned,40.5,0,
234,0,575,211874,AGT,4301067374,7,FCA,Free Carrier,D (122),"1568926-500 PUMP/GEAR, PACKAGE LUBE OIL",Not Assigned,6015999,SOLAR TURBINES EUROPE SA,#,2019-04-23,1.0,EA,"USD 9.137,24",9137.24,USD,73152103,Egnr.Eqp.Maint.Serv,Transaction Completed,Completed,#,Material,Gated,0.0,9137.24,Not assigned,9137.24,0,
236,0,576,211875,AGT,4301067374,8,FCA,Free Carrier,D (111),1112894 HOSE ASSY 1.0 IN XX 19.20 IN,Not Assigned,6015999,SOLAR TURBINES EUROPE SA,#,2019-04-23,2.0,EA,"USD 827,54",1655.08,USD,73152103,Egnr.Eqp.Maint.Serv,Transaction Completed,Completed,#,Material,Gated,0.0,827.54,Not assigned,827.54,0,
237,0,582,224214,AGT,4301096437,1,FCA,Free Carrier,11027729 (1046415-23),"MODULE,NETWORK:CONTROL",SOLAR TURBINES,6015999,SOLAR TURBINES EUROPE SA,1046415-23,2019-07-16,1.0,EA,"USD 7.267,08",7267.08,USD,43201500,System boards,Transaction Completed,Completed,#,Material,Gated,0.0,7267.08,"MODULE,NETWORK:CONTROL,MODBUS COMMUNICATION",7267.08,0,
238,0,525,203437,AGT,4301046191,16,FCA,Free Carrier,D (46),"SEAL,METALLIC, 967688C1",Not Assigned,6015999,SOLAR TURBINES EUROPE SA,#,2019-02-25,8.0,EA,"USD 29,62",236.96,USD,73152103,Egnr.Eqp.Maint.Serv,Ordered,Open,#,Material,Gated,0.0,29.62,Not assigned,29.62,0,
239,0,568,211867,AGT,4301067374,13,FCA,Free Carrier,D (32),"905259C1 , ADAPTER SHAFT ( MAIN PUMP)",Not Assigned,6015999,SOLAR TURBINES EUROPE SA,#,2019-04-23,1.0,EA,"USD 3.647,41",3647.41,USD,73152103,Egnr.Eqp.Maint.Serv,Transaction Completed,Completed,#,Material,Gated,0.0,3647.41,Not assigned,3647.41,0,
240,0,559,205722,AGT,4301051759,3,FCA,Free Carrier,11047234 (1042018-3300),"VLV:CNTRL,ELEC,FUEL GAS",SOLAR TURBINES,6015999,SOLAR TURBINES EUROPE SA,1042018-3300,2019-03-12,1.0,EA,"USD 24.292,87",24292.87,USD,40141600,Valves,Transaction Completed,Completed,#,Material,Gated,0.0,24292.87,"VALVE:CONTROL,ELECTRICAL,FUEL GAS",24292.87,0,
241,0,577,211876,AGT,4301067374,9,FCA,Free Carrier,D (31),"918861C1   AGB-ELBOW, FLEX( W/GASKET)",Not Assigned,6015999,SOLAR TURBINES EUROPE SA,#,2019-04-23,1.0,EA,"USD 299,51",299.51,USD,73152103,Egnr.Eqp.Maint.Serv,Transaction Completed,Completed,#,Material,Gated,0.0,299.51,Not assigned,299.51,0,
244,0,517,199245,AGT,4301035192,1,FCA,Free Carrier,FT61156-100 (68) B,ORDERING BIRISCOPE UNIT,Not Assigned,6015999,SOLAR TURBINES EUROPE SA,FT61156-100,2019-01-28,1.0,EA,"USD 38.372,85",38372.85,USD,11162108,Wire mesh fabric,Transaction Completed,Completed,#,Material,Gated,0.0,38372.85,Not assigned,38372.85,0,
246,0,593,241956,AGT,4301145291,1,FCA,Free Carrier,11149897 (1078695-23),"DETECTOR,FLAME:HYDROCARBON,4-20MA A",SOLAR TURBINES,6015999,SOLAR TURBINES EUROPE SA,1078695-23,2019-12-04,1.0,EA,"USD 3.886,80",3886.8,USD,46191504,Flame detectors,Transaction Completed,Completed,#,Material,Gated,0.0,3886.8,"DETECTOR,FLAME: HYDROCARBON, 4-20MA A",3886.8,0,
249,0,592,240424,AGT,4301142609,1,FCA,Free Carrier,11047899 (1008942-6),"VLV:HYD,OIL,PILOT,CONFIGURATION: 2-WAY,P",SOLAR TURBINES,6015999,SOLAR TURBINES EUROPE SA,1008942-6,2019-11-25,1.0,EA,"USD 186,91",186.91,USD,31162800,MISC hardware,Transaction Completed,Completed,#,Material,Gated,0.0,186.91,"VALVE: HYDRAULIC, OIL, PILOT, CONFIGURATION: 2-WAY, PRESSURE RATING : 300 PSIG",186.91,0,
251,0,507,174323,AGT,4300958350,1,FCA,Free Carrier,11047511 (186232-14),"VALVE,BALL:2IN,CLASS 300",SOLAR TURBINES,6015999,SOLAR TURBINES EUROPE SA,186232-14,2018-07-04,2.0,EA,"USD 1.163,85",2327.7,USD,40141607,Ball valves,Transaction Completed,Completed,#,Material,Gated,0.0,1163.85,"VALVE,BALL:2IN,CLASS 300",1163.85,0,
252,0,534,203446,AGT,4301046191,24,FCA,Free Carrier,D (113),"1010500, WASHER,FLAT,0.375 IN,0.813 OD",Not Assigned,6015999,SOLAR TURBINES EUROPE SA,#,2019-02-25,6.0,PH,"USD 10,75",64.5,USD,81141501,Materials testing,Ordered,Open,#,Material,Gated,0.0,10.75,Not assigned,10.75,0,
254,0,556,203468,AGT,4301046191,9,FCA,Free Carrier,D (86),"STRAINER,Y-TYPE, 120835-16",Not Assigned,6015999,SOLAR TURBINES EUROPE SA,#,2019-02-25,4.0,EA,"USD 1.487,00",5948.0,USD,73152103,Egnr.Eqp.Maint.Serv,Ordered,Open,#,Material,Gated,0.0,1487.0,Not assigned,1487.0,0,
256,0,642,257069,AGT,4301188006,6,FCA,Free Carrier,903253C1 (55) B,"O-RING,SAE 245,VITON--903253C1",Not Assigned,6015999,SOLAR TURBINES EUROPE SA,903253C1,2020-04-24,1.0,EA,"USD 12,12",12.12,USD,20142501,WTR oil centrifuges,Ordered,Closed,#,Material,Gated,0.0,12.12,Not assigned,12.12,0,
258,0,621,257048,AGT,4301188006,28,FCA,Free Carrier,1007115 (2) B,"CLAMP,SPLIT FLANGE,HOSE,PIPE--1007115",Not Assigned,6015999,SOLAR TURBINES EUROPE SA,1007115,2020-04-24,1.0,EA,"USD 96,86",96.86,USD,20142501,WTR oil centrifuges,Ordered,Closed,#,Material,Gated,0.0,96.86,Not assigned,96.86,0,
263,0,547,203459,AGT,4301046191,36,FCA,Free Carrier,D (81),"950007C1, LOCKWASHER,SPLIT,0.313 IN,304",Not Assigned,6015999,SOLAR TURBINES EUROPE SA,#,2019-02-25,1.0,PH,"USD 2,50",2.5,USD,81141501,Materials testing,Ordered,Open,#,Material,Gated,0.0,2.5,Not assigned,2.5,0,
264,0,570,211869,AGT,4301067374,2,FCA,Free Carrier,D (121),300538-2 SAFETY BLANKET (COLLECTOR SEC),Not Assigned,6015999,SOLAR TURBINES EUROPE SA,#,2019-04-23,1.0,EA,"USD 304,29",304.29,USD,73152103,Egnr.Eqp.Maint.Serv,Transaction Completed,Completed,#,Material,Gated,0.0,304.29,Not assigned,304.29,0,
267,0,607,257034,AGT,4301188006,15,FCA,Free Carrier,1072605 (25) B,"HOSE ASSY,2 IN X 48.125 IN--1072605",Not Assigned,6015999,SOLAR TURBINES EUROPE SA,1072605,2020-04-24,1.0,EA,"USD 1.793,19",1793.19,USD,20142501,WTR oil centrifuges,Ordered,Closed,#,Material,Gated,0.0,1793.19,Not assigned,1793.19,0,
