,Unnamed: 0,Region,PO No.,PO Item No.,Incoterms,Incoterms Name,Material/Service No.,PO Item Description,Manufacturer Name,Vendor,Vendor Name,Manufacturer Part No.,PO Item Creation Date,PO Item Quantity,PO Item Quantity Unit,PO Item Unit Price,PO Item Value (GC),PO Item Value (GC) Unit,Product Category,Product Category Description,PO Status Name,PO Closed Status Name,PO Item Deletion Flag,Item Type Name,PO Type Name,Remaining PO Quantity,Unit Price,Long Description
494,155215,AGT,4300900280,1,FCA,Free Carrier,D (124),ENGINE EXCHANGE KIT - 136010-000,Not Assigned,6015999,SOLAR TURBINES EUROPE SA,#,2018-02-06,2.0,EA,"USD 527,56",1055.12,USD,20142501,WTR oil centrifuges,Transaction Completed,Completed,#,Material,Gated,0.0,527.56,Not assigned
495,158523,AGT,4300907581,1,EXW,From plant,11059767 (1078325-7),"DETECTOR:GAS,METHANE",SOLAR TURBINES,6015999,SOLAR TURBINES EUROPE SA,1078325-7,2018-02-23,1.0,EA,"USD 2.419,34",2419.34,USD,41111900,Indicating/rec INSTR,Transaction Completed,Completed,#,Material,Gated,0.0,2419.34,"DETECTOR:GAS,METHANE,LON"
496,162171,AGT,4300920541,1,EXW,From plant,304346 (330180-51-05),PROXIMITOR:5MM PROBE DIA PROBE DIA,BENTLY NEVADA,6015999,SOLAR TURBINES EUROPE SA,330180-51-05,2018-03-29,2.0,EA,"USD 550,00",1100.0,USD,41110000,Measuring instrument,Transaction Completed,Completed,#,Material,Fastrack,0.0,550.0,"PROXIMITOR:5MM PROBE DIA PROBE DIA,REVERSE MOUNT PROXIMITOR:5MM PROBE DIA,5M EXTENTION CABLE LG,REVERSE MOUNT"
497,162707,AGT,4300922302,1,EXW,From plant,11047275 (1046415-17),"MODULE,NETWORK:ETHERNET CONTROLLER,COMMU",SOLAR TURBINES,6015999,SOLAR TURBINES EUROPE SA,1046415-17,2018-04-03,2.0,EA,"USD 2.395,35",4790.7,USD,43201500,System boards,Transaction Completed,Completed,#,Material,Gated,0.0,2395.35,"MODULE,NETWORK:ETHERNET CONTROLLER,COMMUNICATION,C-LOGIX"
498,166310,AGT,4300933627,1,EXW,From plant,11096418 (1119277-303),"KIT:INSTALLATION,COMPUTER",SOLAR TURBINES,6015999,SOLAR TURBINES EUROPE SA,1119277-303,2018-05-02,1.0,EA,"USD 9.247,59",9247.59,USD,23150000,Ind process EQPT,Transaction Completed,Completed,#,Material,Gated,0.0,9247.59,"KIT:INSTALLATION,COMPUTER"
499,166368,AGT,4300933762,1,FCA,Free Carrier,D (130),"O-RING,5-092,27.62 ID,SILICONE",Not Assigned,6015999,SOLAR TURBINES EUROPE SA,#,2018-05-02,2.0,EA,"USD 147,47",294.94,USD,31181506,O ring gaskets,Transaction Completed,Completed,#,Material,Gated,0.0,147.47,Not assigned
500,166369,AGT,4300933762,2,FCA,Free Carrier,D (93),"RETAINER,OUTSIDE,O-RING",Not Assigned,6015999,SOLAR TURBINES EUROPE SA,#,2018-05-02,1.0,EA,"USD 200,28",200.28,USD,31163200,Retaining hardware ,Transaction Completed,Completed,#,Material,Gated,0.0,200.28,Not assigned
501,166370,AGT,4300933762,3,FCA,Free Carrier,D (94),"RETAINER,INSIDE,O-RING",Not Assigned,6015999,SOLAR TURBINES EUROPE SA,#,2018-05-02,1.0,EA,"USD 130,53",130.53,USD,31163200,Retaining hardware ,Transaction Completed,Completed,#,Material,Gated,0.0,130.53,Not assigned
502,166371,AGT,4300933762,4,FCA,Free Carrier,D (80),"O-RING,NON-STD,31.625 ID,VITON",Not Assigned,6015999,SOLAR TURBINES EUROPE SA,#,2018-05-02,1.0,EA,"USD 48,82",48.82,USD,31181506,O ring gaskets,Transaction Completed,Completed,#,Material,Gated,0.0,48.82,Not assigned
503,166372,AGT,4300933762,5,FCA,Free Carrier,D (117),"PIN,DIAMOND,0.75 IN DIA X",Not Assigned,6015999,SOLAR TURBINES EUROPE SA,#,2018-05-02,2.0,EA,"USD 15,94",31.88,USD,31163200,Retaining hardware ,Transaction Completed,Completed,#,Material,Gated,0.0,15.94,Not assigned
504,166373,AGT,4300933762,6,FCA,Free Carrier,D (27),"PIN,DOWEL,0.75 IN DIA X 2.0 IN",Not Assigned,6015999,SOLAR TURBINES EUROPE SA,#,2018-05-02,2.0,EA,"USD 2,74",5.48,USD,31163200,Retaining hardware ,Transaction Completed,Completed,#,Material,Gated,0.0,2.74,Not assigned
505,166374,AGT,4300933762,7,FCA,Free Carrier,D (91),KIT GASKETS GB 8009984R91,Not Assigned,6015999,SOLAR TURBINES EUROPE SA,#,2018-05-02,1.0,EA,"USD 1.777,58",1777.58,USD,31163200,Retaining hardware ,Transaction Completed,Completed,#,Material,Gated,0.0,1777.58,Not assigned
506,173788,AGT,4300957121,1,FCA,Free Carrier,11186256 (M120.D21072),"VALVE,SOL:1/4IN PIPE,24VDC,1/4IN OD MALE",WELDRITE,6015999,SOLAR TURBINES EUROPE SA,M120.D21072,2018-07-02,1.0,EA,"USD 2.859,14",2859.14,USD,40141605,Solenoid valves,Transaction Completed,Completed,#,Material,Gated,0.0,2859.14,"VALVE,SOLENOID:1/4IN PIPE,24VDC,1/4IN OD MALE TUBE,1/8IN THK,ISO PARALLE L THD,SS"
507,174323,AGT,4300958350,1,FCA,Free Carrier,11047511 (186232-14),"VALVE,BALL:2IN,CLASS 300",SOLAR TURBINES,6015999,SOLAR TURBINES EUROPE SA,186232-14,2018-07-04,2.0,EA,"USD 1.163,85",2327.7,USD,40141607,Ball valves,Transaction Completed,Completed,#,Material,Gated,0.0,1163.85,"VALVE,BALL:2IN,CLASS 300"
508,190415,AGT,4301008936,1,FCA,Free Carrier,D (73),"OFFSHORE INSTRUMENTATION CABLE 1X3X1,5 S",Not Assigned,6015999,SOLAR TURBINES EUROPE SA,#,2018-11-13,180.0,M,"USD 4,13",743.4,USD,20142501,WTR oil centrifuges,Ordered,Open,#,Material,Gated,0.0,4.13,Not assigned
509,190416,AGT,4301008936,2,FCA,Free Carrier,D (106),"OFFSHORE INSTRUMENTATION CABLE 1X2X1,5 S",Not Assigned,6015999,SOLAR TURBINES EUROPE SA,#,2018-11-13,180.0,M,"USD 3,42",615.6,USD,20142501,WTR oil centrifuges,Ordered,Open,#,Material,Gated,0.0,3.42,Not assigned
510,190508,AGT,4301008978,1,FCA,Free Carrier,11210667 (1068994-102),"DAMPER:FIRE ISOLATION,42 X 42IN,GALV STL",SOLAR TURBINES,6015999,SOLAR TURBINES EUROPE SA,1068994-102,2018-11-13,1.0,EA,"USD 1.761,96",1761.96,USD,40101500,Ventilation,Transaction Completed,Completed,#,Material,Gated,0.0,1761.96,"DAMPER:FIRE ISOLATION,42 X 42IN,GALV STL"
511,194890,AGT,4301020946,1,FCA,Free Carrier,10008188 (103454980),"ACCELEROMETER:PROX,BN 1701,BN 1701,TITAN",SOLAR TURBINES,6015999,SOLAR TURBINES EUROPE SA,103454980,2018-12-18,1.0,EA,"USD 548,10",548.1,USD,41113639,Accelerometers,Transaction Completed,Completed,#,Material,Gated,0.0,548.1,"ACCELEROMETER:PROXIMITY,BN 1701,BN 1701,TITAN 130 GAS TURBINE:PACKAGE SE RIAL NUMBERS: KG02D66,KG02D67,KG02D68,ENGINE SERIAL NUMBER:  0083L,0084L,0085L,BN1701,GAS TURBINES MANUFACTURER: SOLAR GAS TURBINES"
512,197093,AGT,4301027808,1,EXW,From plant,FT33006-102 (65) B,"KIT,TOOL,ALIGNMENT,MEASUREMENT",Not Assigned,6015999,SOLAR TURBINES EUROPE SA,FT33006-102,2019-01-09,1.0,EA,"USD 10.679,61",10679.61,USD,27113200,Tool kits,Transaction Completed,Completed,#,Material,Fastrack,0.0,10679.61,"KIT,TOOL,ALIGNMENT,MEASUREMENT"
513,197094,AGT,4301027808,2,EXW,From plant,FT33046-102 (66) B,"PULLER,HUB, LOCKNUT TRQ, ADPTR",Not Assigned,6015999,SOLAR TURBINES EUROPE SA,FT33046-102,2019-01-09,1.0,EA,"USD 18.668,72",18668.72,USD,31161716,Locknuts,Transaction Completed,Completed,#,Material,Fastrack,0.0,18668.72,"PULLER,HUB, LOCKNUT TRQ, ADPTR"
514,197095,AGT,4301027808,3,EXW,From plant,FT33049 (67) B,"HEATER,HUB,PT/GB",Not Assigned,6015999,SOLAR TURBINES EUROPE SA,FT33049,2019-01-09,1.0,EA,"USD 22.846,63",22846.63,USD,26101717,Engine heaters,Transaction Completed,Completed,#,Material,Fastrack,0.0,22846.63,"HEATER,HUB,PT/GB"
515,197664,AGT,4301029666,3,FCA,Free Carrier,11042191 (FT67006-100),"TOOL:MEASUREMENT,UNVRSL",SOLAR TURBINES,6015999,SOLAR TURBINES EUROPE SA,FT67006-100,2019-01-14,1.0,EA,"USD 1.197,80",1197.8,USD,23153100,Industrial equipment,Transaction Completed,Completed,#,Material,Fastrack,0.0,1197.8,"TOOL: MEASUREMENT,UNIVERSAL"
516,197665,AGT,4301029666,4,FCA,Free Carrier,11046772 (FT30100-102),"KIT:REPAIR,MARS ENGINE",SOLAR TURBINES,6015999,SOLAR TURBINES EUROPE SA,FT30100-102,2019-01-14,1.0,EA,"USD 5.757,92",5757.92,USD,23150000,Ind process EQPT,Transaction Completed,Completed,#,Material,Fastrack,0.0,5757.92,"KIT:REPAIR,MARS ENGINE,THD,TAP SET"
517,199245,AGT,4301035192,1,FCA,Free Carrier,FT61156-100 (68) B,ORDERING BIRISCOPE UNIT,Not Assigned,6015999,SOLAR TURBINES EUROPE SA,FT61156-100,2019-01-28,1.0,EA,"USD 38.372,85",38372.85,USD,11162108,Wire mesh fabric,Transaction Completed,Completed,#,Material,Gated,0.0,38372.85,Not assigned
518,203430,AGT,4301046191,1,FCA,Free Carrier,D (77),"SPARK PLUG, 903316C1",Not Assigned,6015999,SOLAR TURBINES EUROPE SA,#,2019-02-25,8.0,PH,"USD 169,84",1358.72,USD,73152103,Egnr.Eqp.Maint.Serv,Ordered,Open,#,Material,Gated,0.0,169.84,Not assigned
519,203431,AGT,4301046191,10,FCA,Free Carrier,D (118),"ELEMENT,AIR,CELLULOSE, 1089034-3",Not Assigned,6015999,SOLAR TURBINES EUROPE SA,#,2019-02-25,4.0,EA,"USD 73,83",295.32,USD,73152103,Egnr.Eqp.Maint.Serv,Ordered,Open,#,Material,Gated,0.0,73.83,Not assigned
520,203432,AGT,4301046191,11,FCA,Free Carrier,D (100),"KIT,ELEMENT,FUEL,LUBE OIL,8.2,186280-100",Not Assigned,6015999,SOLAR TURBINES EUROPE SA,#,2019-02-25,4.0,EA,"USD 128,83",515.32,USD,73152103,Egnr.Eqp.Maint.Serv,Ordered,Open,#,Material,Gated,0.0,128.83,Not assigned
521,203433,AGT,4301046191,12,FCA,Free Carrier,D (49),"FILTER,LIQUID FUEL,SIMPLEX, 186278-1",Not Assigned,6015999,SOLAR TURBINES EUROPE SA,#,2019-02-25,4.0,EA,"USD 587,62",2350.48,USD,73152103,Egnr.Eqp.Maint.Serv,Ordered,Open,#,Material,Gated,0.0,587.62,Not assigned
522,203434,AGT,4301046191,13,FCA,Free Carrier,D (60),"1064728-21, KIT,ELEMENT,FILTER,LF,3 MICR",Not Assigned,6015999,SOLAR TURBINES EUROPE SA,#,2019-02-25,8.0,EA,"USD 231,28",1850.24,USD,73152103,Egnr.Eqp.Maint.Serv,Ordered,Open,#,Material,Gated,0.0,231.28,Not assigned
523,203435,AGT,4301046191,14,FCA,Free Carrier,D (144),"186280-800, KIT,ELEMENT,FILTER, LUBE OIL",Not Assigned,6015999,SOLAR TURBINES EUROPE SA,#,2019-02-25,4.0,EA,"USD 285,00",1140.0,USD,73152103,Egnr.Eqp.Maint.Serv,Ordered,Open,#,Material,Gated,0.0,285.0,Not assigned
524,203436,AGT,4301046191,15,FCA,Free Carrier,D (104),"1008726, GASKET,0.938 ID,1.25 OD,0.0485",Not Assigned,6015999,SOLAR TURBINES EUROPE SA,#,2019-02-25,8.0,EA,"USD 3,92",31.36,USD,73152103,Egnr.Eqp.Maint.Serv,Ordered,Open,#,Material,Gated,0.0,3.92,Not assigned
525,203437,AGT,4301046191,16,FCA,Free Carrier,D (46),"SEAL,METALLIC, 967688C1",Not Assigned,6015999,SOLAR TURBINES EUROPE SA,#,2019-02-25,8.0,EA,"USD 29,62",236.96,USD,73152103,Egnr.Eqp.Maint.Serv,Ordered,Open,#,Material,Gated,0.0,29.62,Not assigned
526,203438,AGT,4301046191,17,FCA,Free Carrier,D (97),"962159C1, PLUG,PIPE,0.25 NPT",Not Assigned,6015999,SOLAR TURBINES EUROPE SA,#,2019-02-25,2.0,PH,"USD 21,08",42.16,USD,73152103,Egnr.Eqp.Maint.Serv,Ordered,Open,#,Material,Gated,0.0,21.08,Not assigned
527,203439,AGT,4301046191,18,FCA,Free Carrier,D (66),"951906C1, PLUG,BORESCOPE",Not Assigned,6015999,SOLAR TURBINES EUROPE SA,#,2019-02-25,4.0,EA,"USD 53,61",214.44,USD,73152103,Egnr.Eqp.Maint.Serv,Ordered,Open,#,Material,Gated,0.0,53.61,Not assigned
528,203440,AGT,4301046191,19,FCA,Free Carrier,D (61),"304649-100, GASKET,2.82 ID,5.63 OD,0.078",Not Assigned,6015999,SOLAR TURBINES EUROPE SA,#,2019-02-25,8.0,EA,"USD 23,36",186.88,USD,73152103,Egnr.Eqp.Maint.Serv,Ordered,Open,#,Material,Gated,0.0,23.36,Not assigned
529,203441,AGT,4301046191,2,FCA,Free Carrier,D (64),"ELEMENT,AIR,SQUARE,FIBERGLASS, 1089827",Not Assigned,6015999,SOLAR TURBINES EUROPE SA,#,2019-02-25,140.0,EA,"USD 348,08",48731.2,USD,73152103,Egnr.Eqp.Maint.Serv,Ordered,Open,#,Material,Gated,0.0,348.08,Not assigned
530,203442,AGT,4301046191,20,FCA,Free Carrier,D (141),"1017891, GASKET,SPIRAL,1.25,CL150,RF",Not Assigned,6015999,SOLAR TURBINES EUROPE SA,#,2019-02-25,8.0,EA,"USD 6,86",54.88,USD,73152103,Egnr.Eqp.Maint.Serv,Ordered,Open,#,Material,Gated,0.0,6.86,Not assigned
531,203443,AGT,4301046191,21,FCA,Free Carrier,D (78),"951907C1, PLUG,BORESCOPE",Not Assigned,6015999,SOLAR TURBINES EUROPE SA,#,2019-02-25,1.0,PH,"USD 345,28",345.28,USD,81141501,Materials testing,Ordered,Open,#,Material,Gated,0.0,345.28,Not assigned
532,203444,AGT,4301046191,22,FCA,Free Carrier,D (88),"918567C1, GASKET,0.777 ID,1.040 OD,0.096",Not Assigned,6015999,SOLAR TURBINES EUROPE SA,#,2019-02-25,8.0,EA,"USD 20,74",165.92,USD,73152103,Egnr.Eqp.Maint.Serv,Ordered,Open,#,Material,Gated,0.0,20.74,Not assigned
533,203445,AGT,4301046191,23,FCA,Free Carrier,D (53),"1007799, GASKET,0.344 ID,0.625 OD",Not Assigned,6015999,SOLAR TURBINES EUROPE SA,#,2019-02-25,2.0,PH,"USD 40,50",81.0,USD,81141501,Materials testing,Ordered,Open,#,Material,Gated,0.0,40.5,Not assigned
534,203446,AGT,4301046191,24,FCA,Free Carrier,D (113),"1010500, WASHER,FLAT,0.375 IN,0.813 OD",Not Assigned,6015999,SOLAR TURBINES EUROPE SA,#,2019-02-25,6.0,PH,"USD 10,75",64.5,USD,81141501,Materials testing,Ordered,Open,#,Material,Gated,0.0,10.75,Not assigned
535,203447,AGT,4301046191,25,FCA,Free Carrier,D (96),"120022-7, BOLT,HEX,0.375-16 X 1.25 IN,B7",Not Assigned,6015999,SOLAR TURBINES EUROPE SA,#,2019-02-25,12.0,PH,"USD 20,28",243.36,USD,81141501,Materials testing,Ordered,Open,#,Material,Gated,0.0,20.28,Not assigned
536,203448,AGT,4301046191,26,FCA,Free Carrier,D (21),"304223-100, GASKET,3.76 X 2.86IN,.062THK",Not Assigned,6015999,SOLAR TURBINES EUROPE SA,#,2019-02-25,48.0,EA,"USD 38,72",1858.56,USD,73152103,Egnr.Eqp.Maint.Serv,Ordered,Open,#,Material,Gated,0.0,38.72,Not assigned
537,203449,AGT,4301046191,27,FCA,Free Carrier,D (39),"962094C1, SEAL,THREADED,0.759 ID,1.023",Not Assigned,6015999,SOLAR TURBINES EUROPE SA,#,2019-02-25,8.0,EA,"USD 7,43",59.44,USD,73152103,Egnr.Eqp.Maint.Serv,Ordered,Open,#,Material,Gated,0.0,7.43,Not assigned
538,203450,AGT,4301046191,28,FCA,Free Carrier,D (37),"173942-1, GASKET,3.32 ID,3.68 OD,0.049",Not Assigned,6015999,SOLAR TURBINES EUROPE SA,#,2019-02-25,1.0,PH,"USD 21,75",21.75,USD,81141501,Materials testing,Ordered,Open,#,Material,Gated,0.0,21.75,Not assigned
539,203451,AGT,4301046191,29,FCA,Free Carrier,D (69),"908601C1, ORIFICE,0.02 IN",Not Assigned,6015999,SOLAR TURBINES EUROPE SA,#,2019-02-25,4.0,EA,"USD 732,58",2930.32,USD,73152103,Egnr.Eqp.Maint.Serv,Ordered,Open,#,Material,Gated,0.0,732.58,Not assigned
540,203452,AGT,4301046191,3,FCA,Free Carrier,D (129),"ELEMENT,AIR,SQUARE,SYNTHETIC, 1106873",Not Assigned,6015999,SOLAR TURBINES EUROPE SA,#,2019-02-25,140.0,EA,"USD 120,45",16863.0,USD,73152103,Egnr.Eqp.Maint.Serv,Ordered,Open,#,Material,Gated,0.0,120.45,Not assigned
541,203453,AGT,4301046191,30,FCA,Free Carrier,D (56),"903315C1, GASKET,0.77 ID,METALLIC,SPARK",Not Assigned,6015999,SOLAR TURBINES EUROPE SA,#,2019-02-25,1.0,PH,"USD 18,50",18.5,USD,81141501,Materials testing,Ordered,Open,#,Material,Gated,0.0,18.5,Not assigned
542,203454,AGT,4301046191,31,FCA,Free Carrier,D (34),"195017-1, GASKET,5.18 ID,5.84 OD,0.032",Not Assigned,6015999,SOLAR TURBINES EUROPE SA,#,2019-02-25,4.0,PH,"USD 17,14",68.56,USD,81141501,Materials testing,Ordered,Open,#,Material,Gated,0.0,17.14,Not assigned
543,203455,AGT,4301046191,32,FCA,Free Carrier,D (92),"173101-2, BOLT,HEX,0.50-13 X 1.75 IN",Not Assigned,6015999,SOLAR TURBINES EUROPE SA,#,2019-02-25,8.0,PH,"USD 46,76",374.08,USD,81141501,Materials testing,Ordered,Open,#,Material,Gated,0.0,46.76,Not assigned
544,203456,AGT,4301046191,33,FCA,Free Carrier,D (20),"950394C1, LOCKWASHER,SPLIT,0.50 IN,304",Not Assigned,6015999,SOLAR TURBINES EUROPE SA,#,2019-02-25,1.0,PH,"USD 9,00",9.0,USD,81141501,Materials testing,Ordered,Open,#,Material,Gated,0.0,9.0,Not assigned
545,203457,AGT,4301046191,34,FCA,Free Carrier,D (119),"1028903, GASKET,0.995 ID,1.250 OD,0.062",Not Assigned,6015999,SOLAR TURBINES EUROPE SA,#,2019-02-25,1.0,PH,"USD 16,90",16.9,USD,81141501,Materials testing,Ordered,Open,#,Material,Gated,0.0,16.9,Not assigned
546,203458,AGT,4301046191,35,FCA,Free Carrier,D (23),"173101-1, BOLT,HEX,0.312-24 X 1 IN",Not Assigned,6015999,SOLAR TURBINES EUROPE SA,#,2019-02-25,1.0,PH,"USD 65,60",65.6,USD,81141501,Materials testing,Ordered,Open,#,Material,Gated,0.0,65.6,Not assigned
547,203459,AGT,4301046191,36,FCA,Free Carrier,D (81),"950007C1, LOCKWASHER,SPLIT,0.313 IN,304",Not Assigned,6015999,SOLAR TURBINES EUROPE SA,#,2019-02-25,1.0,PH,"USD 2,50",2.5,USD,81141501,Materials testing,Ordered,Open,#,Material,Gated,0.0,2.5,Not assigned
548,203460,AGT,4301046191,37,FCA,Free Carrier,D (142),"1025324-1, ELEMENT,GAS FUEL,CYLINDRICAL",Not Assigned,6015999,SOLAR TURBINES EUROPE SA,#,2019-02-25,16.0,EA,"USD 51,77",828.32,USD,73152103,Egnr.Eqp.Maint.Serv,Ordered,Open,#,Material,Gated,0.0,51.77,Not assigned
549,203461,AGT,4301046191,38,FCA,Free Carrier,D (43),"1025324-2, FILTER ELEMENT,FOR 3'' FILTER",Not Assigned,6015999,SOLAR TURBINES EUROPE SA,#,2019-02-25,16.0,EA,"USD 69,14",1106.24,USD,73152103,Egnr.Eqp.Maint.Serv,Ordered,Open,#,Material,Gated,0.0,69.14,Not assigned
550,203462,AGT,4301046191,39,FCA,Free Carrier,D (57),"1087491-3, ELEMENT,AIR,GAS FUEL",Not Assigned,6015999,SOLAR TURBINES EUROPE SA,#,2019-02-25,16.0,EA,"USD 34,62",553.92,USD,73152103,Egnr.Eqp.Maint.Serv,Ordered,Open,#,Material,Gated,0.0,34.62,Not assigned
551,203463,AGT,4301046191,4,FCA,Free Carrier,D (127),"ELEMENT,AIR,SQUARE,FIBERGLASS, 1089836",Not Assigned,6015999,SOLAR TURBINES EUROPE SA,#,2019-02-25,140.0,EA,"USD 348,08",48731.2,USD,73152103,Egnr.Eqp.Maint.Serv,Ordered,Open,#,Material,Gated,0.0,348.08,Not assigned
552,203464,AGT,4301046191,5,FCA,Free Carrier,D (110),"ELEMENT,AIR,RECTANGULAR, 1039742",Not Assigned,6015999,SOLAR TURBINES EUROPE SA,#,2019-02-25,24.0,EA,"USD 597,12",14330.88,USD,73152103,Egnr.Eqp.Maint.Serv,Ordered,Open,#,Material,Gated,0.0,597.12,Not assigned
553,203465,AGT,4301046191,6,FCA,Free Carrier,D (62),"KIT,ELEMENT,FILTER,LUBE OIL, 1064728-6",Not Assigned,6015999,SOLAR TURBINES EUROPE SA,#,2019-02-25,8.0,EA,"USD 374,22",2993.76,USD,73152103,Egnr.Eqp.Maint.Serv,Ordered,Open,#,Material,Gated,0.0,374.22,Not assigned
554,203466,AGT,4301046191,7,FCA,Free Carrier,D (133),"SCREEN,STRAINER, 992878C1",Not Assigned,6015999,SOLAR TURBINES EUROPE SA,#,2019-02-25,4.0,EA,"USD 73,68",294.72,USD,73152103,Egnr.Eqp.Maint.Serv,Ordered,Open,#,Material,Gated,0.0,73.68,Not assigned
555,203467,AGT,4301046191,8,FCA,Free Carrier,D (132),"REPLACEMENT,GASKET,TEFLON, 600277C1",Not Assigned,6015999,SOLAR TURBINES EUROPE SA,#,2019-02-25,4.0,EA,"USD 25,70",102.8,USD,73152103,Egnr.Eqp.Maint.Serv,Ordered,Open,#,Material,Gated,0.0,25.7,Not assigned
556,203468,AGT,4301046191,9,FCA,Free Carrier,D (86),"STRAINER,Y-TYPE, 120835-16",Not Assigned,6015999,SOLAR TURBINES EUROPE SA,#,2019-02-25,4.0,EA,"USD 1.487,00",5948.0,USD,73152103,Egnr.Eqp.Maint.Serv,Ordered,Open,#,Material,Gated,0.0,1487.0,Not assigned
557,204433,AGT,4301048388,1,FCA,Free Carrier,1053923-68 (21) B,ORDER SWITCH  FOR CA GEC,Not Assigned,6015999,SOLAR TURBINES EUROPE SA,1053923-68,2019-03-01,1.0,EA,"USD 349,84",349.84,USD,39121506,Pressure switches,Transaction Completed,Completed,#,Material,Gated,0.0,349.84,Not assigned
558,204437,AGT,4301048477,1,FCA,Free Carrier,D (76),ORDER CCU CARD GEC CHARGER SOLAR,Not Assigned,6015999,SOLAR TURBINES EUROPE SA,#,2019-03-01,1.0,EA,"USD 4.921,13",4921.13,USD,32101617,SMART CARDS,Transaction Completed,Completed,#,Material,Gated,0.0,4921.13,Not assigned
559,205722,AGT,4301051759,3,FCA,Free Carrier,11047234 (1042018-3300),"VLV:CNTRL,ELEC,FUEL GAS",SOLAR TURBINES,6015999,SOLAR TURBINES EUROPE SA,1042018-3300,2019-03-12,1.0,EA,"USD 24.292,87",24292.87,USD,40141600,Valves,Transaction Completed,Completed,#,Material,Gated,0.0,24292.87,"VALVE:CONTROL,ELECTRICAL,FUEL GAS"
560,206378,AGT,4301053818,3,EXW,From plant,11047967 (FT61096),"KIT:1 TON,NYLON SLING 3",SOLAR TURBINES,6015999,SOLAR TURBINES EUROPE SA,FT61096,2019-03-18,1.0,EA,"USD 347,68",347.68,USD,24101611,Slings,Ordered,Open,#,Material,Fastrack,0.0,347.68,"KIT: 1 TON,NYLON SLING 3"
561,206525,AGT,4301054298,3,EXW,From plant,36023976 (186269-1),"VALVE,SOLENOID:80PSIG",SOLAR TURBINES,6015999,SOLAR TURBINES EUROPE SA,186269-1,2019-03-19,1.0,EA,"USD 452,62",452.62,USD,40141605,Solenoid valves,Transaction Completed,Completed,#,Material,Fastrack,0.0,452.62,"VALVE,SOLENOID: 80PSIG"
562,208092,AGT,4301059091,2,FCA,Free Carrier,11042191 (FT67006-100),"TOOL:MEASUREMENT,UNVRSL",SOLAR TURBINES,6015999,SOLAR TURBINES EUROPE SA,FT67006-100,2019-04-01,1.0,EA,"USD 1.197,80",1197.8,USD,23153100,Industrial equipment,Transaction Completed,Completed,#,Material,Fastrack,0.0,1197.8,"TOOL: MEASUREMENT,UNIVERSAL"
563,211455,AGT,4301066781,1,FCA,Free Carrier,D (41),PUMP,Not Assigned,6015999,SOLAR TURBINES EUROPE SA,#,2019-04-22,1.0,EA,"USD 24.434,61",24434.61,USD,73152103,Egnr.Eqp.Maint.Serv,Transaction Completed,Completed,#,Material,Gated,0.0,24434.61,Not assigned
564,211863,AGT,4301067374,1,FCA,Free Carrier,D (30),30516-0 HOSE ( ENGINE BLEED VALVE SECTIO,Not Assigned,6015999,SOLAR TURBINES EUROPE SA,#,2019-04-23,1.0,EA,"USD 430,26",430.26,USD,73152103,Egnr.Eqp.Maint.Serv,Transaction Completed,Completed,#,Material,Gated,0.0,430.26,Not assigned
565,211864,AGT,4301067374,10,FCA,Free Carrier,D (65),"994799C1 ( AGB GASKET, DRAINLINE)",Not Assigned,6015999,SOLAR TURBINES EUROPE SA,#,2019-04-23,1.0,EA,"USD 5,15",5.15,USD,73152103,Egnr.Eqp.Maint.Serv,Transaction Completed,Completed,#,Material,Gated,0.0,5.15,Not assigned
566,211865,AGT,4301067374,11,FCA,Free Carrier,D (137),"26321-1  ( 2/3- CONNECTOR , DRAINLINE)",Not Assigned,6015999,SOLAR TURBINES EUROPE SA,#,2019-04-23,1.0,EA,"USD 110,08",110.08,USD,73152103,Egnr.Eqp.Maint.Serv,Transaction Completed,Completed,#,Material,Gated,0.0,110.08,Not assigned
567,211866,AGT,4301067374,12,FCA,Free Carrier,D (87),1407762-100 PUMP/GEAR SEAL OIL,Not Assigned,6015999,SOLAR TURBINES EUROPE SA,#,2019-04-23,1.0,EA,"USD 18.635,38",18635.38,USD,73152103,Egnr.Eqp.Maint.Serv,Transaction Completed,Completed,#,Material,Gated,0.0,18635.38,Not assigned
568,211867,AGT,4301067374,13,FCA,Free Carrier,D (32),"905259C1 , ADAPTER SHAFT ( MAIN PUMP)",Not Assigned,6015999,SOLAR TURBINES EUROPE SA,#,2019-04-23,1.0,EA,"USD 3.647,41",3647.41,USD,73152103,Egnr.Eqp.Maint.Serv,Transaction Completed,Completed,#,Material,Gated,0.0,3647.41,Not assigned
569,211868,AGT,4301067374,14,FCA,Free Carrier,D (24),120184-800 VALVE RELIEF 0.75 IN PSI,Not Assigned,6015999,SOLAR TURBINES EUROPE SA,#,2019-04-23,1.0,EA,"USD 656,01",656.01,USD,73152103,Egnr.Eqp.Maint.Serv,Transaction Completed,Completed,#,Material,Gated,0.0,656.01,Not assigned
570,211869,AGT,4301067374,2,FCA,Free Carrier,D (121),300538-2 SAFETY BLANKET (COLLECTOR SEC),Not Assigned,6015999,SOLAR TURBINES EUROPE SA,#,2019-04-23,1.0,EA,"USD 304,29",304.29,USD,73152103,Egnr.Eqp.Maint.Serv,Transaction Completed,Completed,#,Material,Gated,0.0,304.29,Not assigned
571,211870,AGT,4301067374,3,FCA,Free Carrier,D (125),300538-1 SAFETY BLANKET ( COLLECTOR SEC),Not Assigned,6015999,SOLAR TURBINES EUROPE SA,#,2019-04-23,1.0,EA,"USD 366,74",366.74,USD,73152103,Egnr.Eqp.Maint.Serv,Transaction Completed,Completed,#,Material,Gated,0.0,366.74,Not assigned
572,211871,AGT,4301067374,4,FCA,Free Carrier,D (55),901484C1 SAFETY BLANKET ( COLLECTOR SEC),Not Assigned,6015999,SOLAR TURBINES EUROPE SA,#,2019-04-23,1.0,EA,"USD 374,01",374.01,USD,73152103,Egnr.Eqp.Maint.Serv,Transaction Completed,Completed,#,Material,Gated,0.0,374.01,Not assigned
573,211872,AGT,4301067374,5,FCA,Free Carrier,D (42),901483C1 SAFETY BLANKET ( COLLECTOR SEC),Not Assigned,6015999,SOLAR TURBINES EUROPE SA,#,2019-04-23,1.0,EA,"USD 265,66",265.66,USD,73152103,Egnr.Eqp.Maint.Serv,Transaction Completed,Completed,#,Material,Gated,0.0,265.66,Not assigned
574,211873,AGT,4301067374,6,FCA,Free Carrier,D (114),907549C91- EXHAUST EXPANSION JOINT KIT,Not Assigned,6015999,SOLAR TURBINES EUROPE SA,#,2019-04-23,1.0,EA,"USD 3.060,95",3060.95,USD,73152103,Egnr.Eqp.Maint.Serv,Transaction Completed,Completed,#,Material,Gated,0.0,3060.95,Not assigned
575,211874,AGT,4301067374,7,FCA,Free Carrier,D (122),"1568926-500 PUMP/GEAR, PACKAGE LUBE OIL",Not Assigned,6015999,SOLAR TURBINES EUROPE SA,#,2019-04-23,1.0,EA,"USD 9.137,24",9137.24,USD,73152103,Egnr.Eqp.Maint.Serv,Transaction Completed,Completed,#,Material,Gated,0.0,9137.24,Not assigned
576,211875,AGT,4301067374,8,FCA,Free Carrier,D (111),1112894 HOSE ASSY 1.0 IN XX 19.20 IN,Not Assigned,6015999,SOLAR TURBINES EUROPE SA,#,2019-04-23,2.0,EA,"USD 827,54",1655.08,USD,73152103,Egnr.Eqp.Maint.Serv,Transaction Completed,Completed,#,Material,Gated,0.0,827.54,Not assigned
577,211876,AGT,4301067374,9,FCA,Free Carrier,D (31),"918861C1   AGB-ELBOW, FLEX( W/GASKET)",Not Assigned,6015999,SOLAR TURBINES EUROPE SA,#,2019-04-23,1.0,EA,"USD 299,51",299.51,USD,73152103,Egnr.Eqp.Maint.Serv,Transaction Completed,Completed,#,Material,Gated,0.0,299.51,Not assigned
578,211989,AGT,4301067939,2,FCA,Free Carrier,36024555 (190817 14),"SENSOR:PROXIMITR,TYPE 3300XL",SOLAR TURBINES,6015999,SOLAR TURBINES EUROPE SA,190817 14,2019-04-24,3.0,EA,"USD 781,46",2344.38,USD,41111900,Indicating/rec INSTR,Transaction Completed,Completed,#,Material,Gated,0.0,781.46,"SENSOR: PROXIMITOR,TYPE 3300XL"
579,212236,AGT,4301068400,10,FCA,Free Carrier,36024220 (SA 8288101),"GREASE:CPLG,KSG,14OZ TUBE",KOP-FLEX,6015999,SOLAR TURBINES EUROPE SA,SA 8288101,2019-04-25,2.0,EA,"USD 27,56",55.12,USD,15121902,Grease,Transaction Completed,Completed,#,Material,Fastrack,0.0,27.56,"GREASE: COUPLING,KSG,14OZ TUBE"
580,216117,AGT,4301079086,1,FCA,Free Carrier,11516949 (1034549-80),"MODULE:DUAL PROXIMITOR/ACCELEROMETER,INP",SOLAR TURBINES,6015999,SOLAR TURBINES EUROPE SA,1034549-80,2019-05-24,3.0,EA,"USD 548,10",1644.3,USD,32151802,Safety CTRL module,Transaction Completed,Completed,#,Material,Gated,0.0,548.1,"MODULE:DUAL PROXIMITOR/ACCELEROMETER,INPUT/OUTPUT"
581,217188,AGT,4301082195,2,FCA,Free Carrier,11059767 (1078325-7),"DETECTOR:GAS,METHANE",SOLAR TURBINES,6015999,SOLAR TURBINES EUROPE SA,1078325-7,2019-06-04,1.0,EA,"USD 2.366,21",2366.21,USD,41111900,Indicating/rec INSTR,Transaction Completed,Completed,#,Material,Gated,0.0,2366.21,"DETECTOR:GAS,METHANE"
582,224214,AGT,4301096437,1,FCA,Free Carrier,11027729 (1046415-23),"MODULE,NETWORK:CONTROL",SOLAR TURBINES,6015999,SOLAR TURBINES EUROPE SA,1046415-23,2019-07-16,1.0,EA,"USD 7.267,08",7267.08,USD,43201500,System boards,Transaction Completed,Completed,#,Material,Gated,0.0,7267.08,"MODULE,NETWORK:CONTROL,MODBUS COMMUNICATION"
583,228601,AGT,4301112168,1,FCA,Free Carrier,1112342-11401 (30) B,"1112342-11401 DRIVE,VAR FREQ,350 HP,400",Not Assigned,6015999,SOLAR TURBINES EUROPE SA,1112342-11401,2019-08-22,1.0,EA,"USD 82.980,57",82980.57,USD,39121004,PWR supply unit,Transaction Completed,Completed,#,Material,Gated,0.0,82980.57,Not assigned
584,228602,AGT,4301112168,2,FCA,Free Carrier,1104894-4 (28) B,"1104894-4 MODULE,VFD,INTERFACE",Not Assigned,6015999,SOLAR TURBINES EUROPE SA,1104894-4,2019-08-22,1.0,EA,"USD 413,64",413.64,USD,39121004,PWR supply unit,Transaction Completed,Completed,#,Material,Gated,0.0,413.64,Not assigned
585,228603,AGT,4301112168,3,FCA,Free Carrier,1104894-3 (27) B,"1104894-3 MODULE,VFD,INTERFACE",Not Assigned,6015999,SOLAR TURBINES EUROPE SA,1104894-3,2019-08-22,1.0,EA,"USD 441,22",441.22,USD,39121004,PWR supply unit,Transaction Completed,Completed,#,Material,Gated,0.0,441.22,Not assigned
586,229498,AGT,4301114128,7,FCA,Free Carrier,11059799 (1061252),"HOSE,ASSY:1IN ID,25IN LG",SOLAR TURBINES,6015999,SOLAR TURBINES EUROPE SA,1061252,2019-08-28,1.0,EA,"USD 690,62",690.62,USD,40142000,Hoses,Transaction Completed,Completed,#,Material,Gated,0.0,690.62,"HOSE,ASSEMBLY: 1IN ID, 25IN LG"
587,229499,AGT,4301114128,8,FCA,Free Carrier,11059801 (1092762),"HOSE,FLEX MTL:1-1/2IN ID,31-1/2IN LG",SOLAR TURBINES,6015999,SOLAR TURBINES EUROPE SA,1092762,2019-08-28,1.0,EA,"USD 1.071,24",1071.24,USD,40142007,Special hoses,Transaction Completed,Completed,#,Material,Gated,0.0,1071.24,"HOSE,FLEXIBLE METAL: 1-1/2IN ID, 31-1/2IN LG"
588,234096,AGT,4301126251,1,FCA,Free Carrier,D (54),"LINE REACTOR, 1039135-6",Not Assigned,6015999,SOLAR TURBINES EUROPE SA,#,2019-10-02,1.0,EA,"USD 1.629,35",1629.35,USD,39120000,Electrical EQPT,Transaction Completed,Completed,#,Material,Gated,0.0,1629.35,Not assigned
589,236351,AGT,4301132706,1,FCA,Free Carrier,11042191 (FT67006-100),"TOOL:UNVRSL,MEASUREMENT",SOLAR TURBINES,6015999,SOLAR TURBINES EUROPE SA,FT67006-100,2019-10-23,4.0,EA,"USD 543,34",2173.36,USD,23153100,Industrial equipment,Transaction Completed,Completed,#,Material,Gated,0.0,543.34,"TOOL: UNIVERSAL, MEASUREMENT"
590,239554,AGT,4301140456,1,FCA,Free Carrier,36029132 (603781C1),"SLING:LIFT,45.72MM,YELLOW POLYESTER,11.3",LIFT-IT MANUFACTURING,6015999,SOLAR TURBINES EUROPE SA,603781C1,2019-11-17,3.0,EA,"USD 2.186,51",6559.53,USD,24101611,Slings,Transaction Completed,Completed,#,Material,Gated,0.0,2186.5099999999998,"SLING: LIFT,45.72MM,YELLOW POLYESTER,11.399 KG"
591,240319,AGT,4301141954,1,FCA,Free Carrier,11059767 (1078325-7),"DETECTOR:GAS,METHANE,LON",SOLAR TURBINES,6015999,SOLAR TURBINES EUROPE SA,1078325-7,2019-11-21,1.0,EA,"USD 2.366,21",2366.21,USD,41111900,Indicating/rec INSTR,Ordered,Open,#,Material,Fastrack,0.0,2366.21,"DETECTOR: GAS, METHANE, LON"
592,240424,AGT,4301142609,1,FCA,Free Carrier,11047899 (1008942-6),"VLV:HYD,OIL,PILOT,CONFIGURATION: 2-WAY,P",SOLAR TURBINES,6015999,SOLAR TURBINES EUROPE SA,1008942-6,2019-11-25,1.0,EA,"USD 186,91",186.91,USD,31162800,MISC hardware,Transaction Completed,Completed,#,Material,Gated,0.0,186.91,"VALVE: HYDRAULIC, OIL, PILOT, CONFIGURATION: 2-WAY, PRESSURE RATING : 300 PSIG"
593,241956,AGT,4301145291,1,FCA,Free Carrier,11149897 (1078695-23),"DETECTOR,FLAME:HYDROCARBON,4-20MA A",SOLAR TURBINES,6015999,SOLAR TURBINES EUROPE SA,1078695-23,2019-12-04,1.0,EA,"USD 3.886,80",3886.8,USD,46191504,Flame detectors,Transaction Completed,Completed,#,Material,Gated,0.0,3886.8,"DETECTOR,FLAME: HYDROCARBON, 4-20MA A"
594,244986,AGT,4301152413,2,FCA,Free Carrier,36024348 (1055272-8),"LGT FIXTURE,FLUOR:220/240V V,2 X 36 W,50",SOLAR TURBINES,6015999,SOLAR TURBINES EUROPE SA,1055272-8,2019-12-26,1.0,EA,"USD 1.863,18",1863.18,USD,39111500,General lighting,Transaction Completed,Completed,#,Material,Gated,0.0,1863.18,"LIGHT FIXTURE,FLUORESCENT: 220/240V V, 2 X 36 W, 50/6HZ, TYPE LFE,0.3A,CLASS 1"
595,247531,AGT,4301160683,2,FCA,Free Carrier,36024348 (1055272-8),"LGT FIXTURE,FLUOR:220/240V V,2 X 36 W,50",SOLAR TURBINES,6015999,SOLAR TURBINES EUROPE SA,1055272-8,2020-01-24,1.0,EA,"USD 1.863,18",1863.18,USD,39111500,General lighting,Transaction Completed,Completed,#,Material,Gated,0.0,1863.18,"LIGHT FIXTURE,FLUORESCENT: 220/240V V, 2 X 36 W, 50/6HZ, TYPE LFE,0.3A,CLASS 1"
596,248344,AGT,4301162732,1,FCA,Free Carrier,D (25),SOLAR P/N 907549C91 SATURN 20 BELLOW REP,Not Assigned,6015999,SOLAR TURBINES EUROPE SA,#,2020-01-30,1.0,EA,"USD 3.138,96",3138.96,USD,73152100,Mf.Eqp.Maint&Rep.Ser,Transaction Completed,Completed,#,Material,Gated,0.0,3138.96,Not assigned
597,249276,AGT,4301165367,4,FCA,Free Carrier,10051319 (105303817),"ISOLTR:INTRINSICALLY SAFE,F/ CURRENT REP",SOLAR TURBINES,6015999,SOLAR TURBINES EUROPE SA,105303817,2020-02-07,1.0,EA,"USD 353,14",353.14,USD,32100000,Printed circuits,Ordered,Closed,#,Material,Gated,0.0,353.14,"ISOLATOR: INTRINSICALLY SAFE, F/ CURRENT REPEATER ON GT DRIVER"
598,250943,AGT,4301170300,1,FCA,Free Carrier,11139629 (8PP-37829-00),HEATER,SOLAR TURBINES,6015999,SOLAR TURBINES EUROPE SA,8PP-37829-00,2020-02-23,1.0,EA,"USD 32,77",32.77,USD,40101800,Heating equipment,Ordered,Closed,#,Material,Gated,0.0,32.77,HEATER
599,250944,AGT,4301170300,2,FCA,Free Carrier,11136783 (8PP-37827-00),"COIL,ELEC:SOL,24VDC",SOLAR TURBINES,6015999,SOLAR TURBINES EUROPE SA,8PP-37827-00,2020-02-23,1.0,EA,"USD 57,81",57.81,USD,39121000,Power cond EQUIP,Ordered,Closed,#,Material,Gated,0.0,57.81,"COIL,ELECTRICAL: SOLENOID,24VDC"
600,250947,AGT,4301170300,5,FCA,Free Carrier,11139630 (8PP-37830-00),THRMOSTAT,SOLAR TURBINES,6015999,SOLAR TURBINES EUROPE SA,8PP-37830-00,2020-02-23,1.0,EA,"USD 98,94",98.94,USD,41112209,Thermostats,Ordered,Closed,#,Material,Gated,0.0,98.94,THERMOSTAT
601,257028,AGT,4301188006,1,FCA,Free Carrier,1065112 (24) B,"HOSE ASSY,2 IN X 20.5 IN---1065112",SOLAR,6015999,SOLAR TURBINES EUROPE SA,1065112,2020-04-24,1.0,EA,"USD 737,14",737.14,USD,20142501,WTR oil centrifuges,Ordered,Closed,#,Material,Gated,0.0,737.14,Not assigned
602,257029,AGT,4301188006,10,FCA,Free Carrier,1017895 (9) B,"GASKET,SPIRAL,3.0,CL150,RF,304--1017895",Not Assigned,6015999,SOLAR TURBINES EUROPE SA,1017895,2020-04-24,1.0,EA,"USD 13,12",13.12,USD,20142501,WTR oil centrifuges,Ordered,Closed,#,Material,Gated,0.0,13.12,Not assigned
603,257030,AGT,4301188006,11,FCA,Free Carrier,1021504 (10) B,"NUT,HEAVY HEX,0.625-11UNC-2B--1021504",Not Assigned,6015999,SOLAR TURBINES EUROPE SA,1021504,2020-04-24,8.0,EA,"USD 0,93",7.44,USD,20142501,WTR oil centrifuges,Ordered,Closed,#,Material,Gated,0.0,0.93,Not assigned
604,257031,AGT,4301188006,12,FCA,Free Carrier,1300391-0522 (35) B,"STUD,0.625-11 X 7.25 IN,CONT--1300391-05",Not Assigned,6015999,SOLAR TURBINES EUROPE SA,1300391-0522,2020-04-24,4.0,EA,"USD 4,50",18.0,USD,31162800,MISC hardware,Ordered,Closed,#,Material,Gated,0.0,4.5,Not assigned
605,257032,AGT,4301188006,13,FCA,Free Carrier,1021504 (10) B,"NUT,HEAVY HEX,0.625-11UNC-2B--1021504",Not Assigned,6015999,SOLAR TURBINES EUROPE SA,1021504,2020-04-24,8.0,EA,"USD 0,93",7.44,USD,20142501,WTR oil centrifuges,Ordered,Closed,#,Material,Gated,0.0,0.93,Not assigned
606,257033,AGT,4301188006,14,FCA,Free Carrier,1300391-0511 (34) B,"STUD,0.625-11 X 4.50 IN,CONT--1300391-05",Not Assigned,6015999,SOLAR TURBINES EUROPE SA,1300391-0511,2020-04-24,4.0,EA,"USD 3,08",12.32,USD,20142501,WTR oil centrifuges,Ordered,Closed,#,Material,Gated,0.0,3.08,Not assigned
607,257034,AGT,4301188006,15,FCA,Free Carrier,1072605 (25) B,"HOSE ASSY,2 IN X 48.125 IN--1072605",Not Assigned,6015999,SOLAR TURBINES EUROPE SA,1072605,2020-04-24,1.0,EA,"USD 1.793,19",1793.19,USD,20142501,WTR oil centrifuges,Ordered,Closed,#,Material,Gated,0.0,1793.19,Not assigned
608,257035,AGT,4301188006,16,FCA,Free Carrier,1017893 (8) B,"GASKET,SPIRAL,2.0,CL150,RF,304--1017893",Not Assigned,6015999,SOLAR TURBINES EUROPE SA,1017893,2020-04-24,1.0,EA,"USD 12,36",12.36,USD,20142501,WTR oil centrifuges,Ordered,Closed,#,Material,Gated,0.0,12.36,Not assigned
609,257036,AGT,4301188006,17,FCA,Free Carrier,980656C1 (63) B,"CLAMP,SPLIT FLANGE,HOSE,PIPE--980656C1",Not Assigned,6015999,SOLAR TURBINES EUROPE SA,980656C1,2020-04-24,2.0,EA,"USD 37,22",74.44,USD,20142501,WTR oil centrifuges,Ordered,Closed,#,Material,Gated,0.0,37.22,Not assigned
610,257037,AGT,4301188006,18,FCA,Free Carrier,1021504 (10) B,"NUT,HEAVY HEX,0.625-11UNC-2B--1021504",Not Assigned,6015999,SOLAR TURBINES EUROPE SA,1021504,2020-04-24,8.0,EA,"USD 0,93",7.44,USD,20142501,WTR oil centrifuges,Ordered,Closed,#,Material,Gated,0.0,0.93,Not assigned
611,257038,AGT,4301188006,19,FCA,Free Carrier,1300391-0511 (34) B,"STUD,0.625-11 X 4.50 IN,CONT--1300391-05",Not Assigned,6015999,SOLAR TURBINES EUROPE SA,1300391-0511,2020-04-24,4.0,EA,"USD 3,08",12.32,USD,20142501,WTR oil centrifuges,Ordered,Closed,#,Material,Gated,0.0,3.08,Not assigned
612,257039,AGT,4301188006,2,FCA,Free Carrier,903732C1 (56) B,"O-RING,SAE 225,VITON--903732C1",Not Assigned,6015999,SOLAR TURBINES EUROPE SA,903732C1,2020-04-24,1.0,EA,"USD 13,35",13.35,USD,20142501,WTR oil centrifuges,Ordered,Closed,#,Material,Gated,0.0,13.35,Not assigned
613,257040,AGT,4301188006,20,FCA,Free Carrier,1010790 (5) B,"BOLT,HEX,0.50-13 X 1.75 IN--1010790",Not Assigned,6015999,SOLAR TURBINES EUROPE SA,1010790,2020-04-24,4.0,EA,"USD 11,53",46.12,USD,20142501,WTR oil centrifuges,Ordered,Closed,#,Material,Gated,0.0,11.53,Not assigned
614,257041,AGT,4301188006,21,FCA,Free Carrier,1046490 (19) B,"HOSE ASSY,1.50 IN X 37 IN--1046490",Not Assigned,6015999,SOLAR TURBINES EUROPE SA,1046490,2020-04-24,1.0,EA,"USD 485,22",485.22,USD,20142501,WTR oil centrifuges,Ordered,Closed,#,Material,Gated,0.0,485.22,Not assigned
615,257042,AGT,4301188006,22,FCA,Free Carrier,903737C1 (58) B,"O-RING,SAE 222,VITON--903737C1",Not Assigned,6015999,SOLAR TURBINES EUROPE SA,903737C1,2020-04-24,1.0,EA,"USD 17,00",17.0,USD,20142501,WTR oil centrifuges,Ordered,Closed,#,Material,Gated,0.0,17.0,Not assigned
616,257043,AGT,4301188006,23,FCA,Free Carrier,700616C1 (51) B,"CLAMP,SPLIT FLANGE,HOSE,PIPE--700616C1",Not Assigned,6015999,SOLAR TURBINES EUROPE SA,700616C1,2020-04-24,2.0,EA,"USD 30,08",60.16,USD,20142501,WTR oil centrifuges,Ordered,Closed,#,Material,Gated,0.0,30.08,Not assigned
617,257044,AGT,4301188006,24,FCA,Free Carrier,D (115),"BOLT,HEX,0.50-13 X 1.50 IN--1010791",Not Assigned,6015999,SOLAR TURBINES EUROPE SA,#,2020-04-24,4.0,EA,"USD 16,16",64.64,USD,20142501,WTR oil centrifuges,Ordered,Closed,#,Material,Gated,0.0,16.16,Not assigned
618,257045,AGT,4301188006,25,FCA,Free Carrier,1025945 (11) B,"HOSE ASSY,3.0 IN X 46.60 IN-1025945",Not Assigned,6015999,SOLAR TURBINES EUROPE SA,1025945,2020-04-24,1.0,EA,"USD 1.684,55",1684.55,USD,20142501,WTR oil centrifuges,Ordered,Closed,#,Material,Gated,0.0,1684.55,Not assigned
619,257046,AGT,4301188006,26,FCA,Free Carrier,1017893 (8) B,"GASKET,SPIRAL,2.0,CL150,RF,304--1017893",Not Assigned,6015999,SOLAR TURBINES EUROPE SA,1017893,2020-04-24,1.0,EA,"USD 12,36",12.36,USD,20142501,WTR oil centrifuges,Ordered,Closed,#,Material,Gated,0.0,12.36,Not assigned
620,257047,AGT,4301188006,27,FCA,Free Carrier,903249C1 (54) B,"O-RING,SAE 237,VITON--903249C1",Not Assigned,6015999,SOLAR TURBINES EUROPE SA,903249C1,2020-04-24,1.0,EA,"USD 10,02",10.02,USD,20142501,WTR oil centrifuges,Ordered,Closed,#,Material,Gated,0.0,10.02,Not assigned
621,257048,AGT,4301188006,28,FCA,Free Carrier,1007115 (2) B,"CLAMP,SPLIT FLANGE,HOSE,PIPE--1007115",Not Assigned,6015999,SOLAR TURBINES EUROPE SA,1007115,2020-04-24,1.0,EA,"USD 96,86",96.86,USD,20142501,WTR oil centrifuges,Ordered,Closed,#,Material,Gated,0.0,96.86,Not assigned
622,257049,AGT,4301188006,29,FCA,Free Carrier,1010788 (4) B,"BOLT,HEX,0.625-11 X 1.75 IN--1010788",Not Assigned,6015999,SOLAR TURBINES EUROPE SA,1010788,2020-04-24,2.0,EA,"USD 23,06",46.12,USD,20142501,WTR oil centrifuges,Ordered,Closed,#,Material,Gated,0.0,23.06,Not assigned
623,257050,AGT,4301188006,3,FCA,Free Carrier,1010791 (6) B,"CLAMP,SPLIT FLANGE,HOSE,PIPE--980656C1",Not Assigned,6015999,SOLAR TURBINES EUROPE SA,1010791,2020-04-24,2.0,EA,"USD 16,16",32.32,USD,20142501,WTR oil centrifuges,Ordered,Closed,#,Material,Gated,0.0,16.16,Not assigned
624,257051,AGT,4301188006,30,FCA,Free Carrier,1021504 (10) B,"NUT,HEAVY HEX,0.625-11UNC-2B--1021504",Not Assigned,6015999,SOLAR TURBINES EUROPE SA,1021504,2020-04-24,8.0,EA,"USD 0,93",7.44,USD,20142501,WTR oil centrifuges,Ordered,Closed,#,Material,Gated,0.0,0.93,Not assigned
625,257052,AGT,4301188006,31,FCA,Free Carrier,1300391-0509 (33) B,"STUD,0.625-11 X 4.00 IN,CONT--1300391-05",Not Assigned,6015999,SOLAR TURBINES EUROPE SA,1300391-0509,2020-04-24,4.0,EA,"USD 2,73",10.92,USD,20142501,WTR oil centrifuges,Ordered,Closed,#,Material,Gated,0.0,2.73,Not assigned
626,257053,AGT,4301188006,32,FCA,Free Carrier,1033723 (15) B,"HOSE ASSY,1 IN X 55.125 IN--1033723",Not Assigned,6015999,SOLAR TURBINES EUROPE SA,1033723,2020-04-24,1.0,EA,"USD 554,99",554.99,USD,40142000,Hoses,Ordered,Closed,#,Material,Gated,0.0,554.99,Not assigned
627,257054,AGT,4301188006,33,FCA,Free Carrier,1033722 (14) B,"HOSE ASSY,1 IN X 62 IN--1033722",Not Assigned,6015999,SOLAR TURBINES EUROPE SA,1033722,2020-04-24,1.0,EA,"USD 620,86",620.86,USD,20142501,WTR oil centrifuges,Ordered,Closed,#,Material,Gated,0.0,620.86,Not assigned
628,257055,AGT,4301188006,34,FCA,Free Carrier,912642C1 (59) B,"O-RING,SAE 228,VITON--912642C1",Not Assigned,6015999,SOLAR TURBINES EUROPE SA,912642C1,2020-04-24,1.0,EA,"USD 6,70",6.7,USD,20142501,WTR oil centrifuges,Ordered,Closed,#,Material,Gated,0.0,6.7,Not assigned
629,257056,AGT,4301188006,35,FCA,Free Carrier,1046484 (17) B,"HOSE ASSY,0.50 IN X 13.0 IN--1046484",Not Assigned,6015999,SOLAR TURBINES EUROPE SA,1046484,2020-04-24,1.0,EA,"USD 187,69",187.69,USD,20142501,WTR oil centrifuges,Ordered,Closed,#,Material,Gated,0.0,187.69,Not assigned
630,257057,AGT,4301188006,36,FCA,Free Carrier,1065112 (24) B,"HOSE ASSY,2 IN X 20.5 IN--1065112",Not Assigned,6015999,SOLAR TURBINES EUROPE SA,1065112,2020-04-24,1.0,EA,"USD 737,14",737.14,USD,20142501,WTR oil centrifuges,Ordered,Closed,#,Material,Gated,0.0,737.14,Not assigned
631,257058,AGT,4301188006,37,FCA,Free Carrier,903732C1 (56) B,"O-RING,SAE 225,VITON--903732C1",Not Assigned,6015999,SOLAR TURBINES EUROPE SA,903732C1,2020-04-24,1.0,EA,"USD 13,35",13.35,USD,20142501,WTR oil centrifuges,Ordered,Closed,#,Material,Gated,0.0,13.35,Not assigned
632,257059,AGT,4301188006,38,FCA,Free Carrier,980656C1 (63) B,"CLAMP,SPLIT FLANGE,HOSE,PIPE--980656C1",Not Assigned,6015999,SOLAR TURBINES EUROPE SA,980656C1,2020-04-24,2.0,EA,"USD 37,22",74.44,USD,20142501,WTR oil centrifuges,Ordered,Closed,#,Material,Gated,0.0,37.22,Not assigned
633,257060,AGT,4301188006,39,FCA,Free Carrier,1010791 (7) B,"BOLT,HEX,0.50-13 X 1.50 IN--1010791",Not Assigned,6015999,SOLAR TURBINES EUROPE SA,1010791,2020-04-24,4.0,EA,"USD 16,16",64.64,USD,20142501,WTR oil centrifuges,Ordered,Closed,#,Material,Gated,0.0,16.16,Not assigned
634,257061,AGT,4301188006,4,FCA,Free Carrier,1010791 (7) B,"BOLT,HEX,0.50-13 X 1.50 IN--1010791",Not Assigned,6015999,SOLAR TURBINES EUROPE SA,1010791,2020-04-24,4.0,EA,"USD 16,16",64.64,USD,20142501,WTR oil centrifuges,Ordered,Closed,#,Material,Gated,0.0,16.16,Not assigned
635,257062,AGT,4301188006,40,FCA,Free Carrier,1010791 (7) B,"BOLT,HEX,0.50-13 X 1.50 IN--1010791",Not Assigned,6015999,SOLAR TURBINES EUROPE SA,1010791,2020-04-24,1.0,EA,"USD 16,16",16.16,USD,20142501,WTR oil centrifuges,Ordered,Closed,#,Material,Gated,0.0,16.16,Not assigned
636,257063,AGT,4301188006,41,FCA,Free Carrier,1046485 (18) B,"HOSE ASSY,0.75 IN X 15 IN--1046485",Not Assigned,6015999,SOLAR TURBINES EUROPE SA,1046485,2020-04-24,1.0,EA,"USD 256,56",256.56,USD,20142501,WTR oil centrifuges,Ordered,Closed,#,Material,Gated,0.0,256.56,Not assigned
637,257064,AGT,4301188006,42,FCA,Free Carrier,1046485 (18) B,"HOSE ASSY,0.75 IN X 15 IN--1046485",Not Assigned,6015999,SOLAR TURBINES EUROPE SA,1046485,2020-04-24,1.0,EA,"USD 256,56",256.56,USD,20142501,WTR oil centrifuges,Ordered,Closed,#,Material,Gated,0.0,256.56,Not assigned
638,257065,AGT,4301188006,43,FCA,Free Carrier,1046485 (18) B,"HOSE ASSY,0.75 IN X 15 IN--1046485",Not Assigned,6015999,SOLAR TURBINES EUROPE SA,1046485,2020-04-24,2.0,EA,"USD 256,56",513.12,USD,20142501,WTR oil centrifuges,Ordered,Closed,#,Material,Gated,0.0,256.56,Not assigned
639,257066,AGT,4301188006,44,FCA,Free Carrier,1027105-23 (12) B,"HOSE ASSY,0.50 IN--1027105-23",Not Assigned,6015999,SOLAR TURBINES EUROPE SA,1027105-23,2020-04-24,1.0,EA,"USD 150,33",150.33,USD,20142501,WTR oil centrifuges,Ordered,Closed,#,Material,Gated,0.0,150.33,Not assigned
640,257067,AGT,4301188006,45,FCA,Free Carrier,1027105-25 (13) B,"HOSE ASSY,0.75 IN,100 PSI--1027105-25",Not Assigned,6015999,SOLAR TURBINES EUROPE SA,1027105-25,2020-04-24,1.0,EA,"USD 203,82",203.82,USD,20142501,WTR oil centrifuges,Ordered,Closed,#,Material,Gated,0.0,203.82,Not assigned
641,257068,AGT,4301188006,5,FCA,Free Carrier,1059582 (23) B,"HOSE ASSY,4.0 IN X 42.75 IN--1059582",Not Assigned,6015999,SOLAR TURBINES EUROPE SA,1059582,2020-04-24,1.0,EA,"USD 1.521,70",1521.7,USD,20142501,WTR oil centrifuges,Ordered,Closed,#,Material,Gated,0.0,1521.7,Not assigned
642,257069,AGT,4301188006,6,FCA,Free Carrier,903253C1 (55) B,"O-RING,SAE 245,VITON--903253C1",Not Assigned,6015999,SOLAR TURBINES EUROPE SA,903253C1,2020-04-24,1.0,EA,"USD 12,12",12.12,USD,20142501,WTR oil centrifuges,Ordered,Closed,#,Material,Gated,0.0,12.12,Not assigned
643,257070,AGT,4301188006,7,FCA,Free Carrier,1005907 (1) B,"CLAMP,SPLIT FLANGE,PIPE--1005907",Not Assigned,6015999,SOLAR TURBINES EUROPE SA,1005907,2020-04-24,2.0,EA,"USD 420,10",840.2,USD,20142501,WTR oil centrifuges,Ordered,Closed,#,Material,Gated,0.0,420.1,Not assigned
644,257071,AGT,4301188006,8,FCA,Free Carrier,1010510 (3) B,"BOLT,HEX,0.625-11 X 2.25 IN--1010510",Not Assigned,6015999,SOLAR TURBINES EUROPE SA,1010510,2020-04-24,8.0,EA,"USD 13,00",104.0,USD,20142501,WTR oil centrifuges,Ordered,Closed,#,Material,Gated,0.0,13.0,Not assigned
645,257072,AGT,4301188006,9,FCA,Free Carrier,1057002 (22) B,"HOSE ASSY,3.0 IN X 33.0 IN,300--1057002",Not Assigned,6015999,SOLAR TURBINES EUROPE SA,1057002,2020-04-24,1.0,EA,"USD 1.035,87",1035.87,USD,20142501,WTR oil centrifuges,Ordered,Closed,#,Material,Gated,0.0,1035.87,Not assigned
646,258019,AGT,4301189612,1,FCA,Free Carrier,11145693 (CP210-2-V-S8S-E-C-280),"VALVE,RLF:PRESSURE SAFETY,ALUM,2800PSI,E",COMATROL,6015999,SOLAR TURBINES EUROPE SA,CP210-2-V-S8S-E-C-280,2020-04-30,4.0,EA,"USD 202,45",809.8,USD,40141606,Relief valves,Ordered,Open,#,Material,Gated,0.0,202.45,"VALVE,RELIEF: PRESSURE SAFETY,ALUMINUM,2800PSI,EXTERNAL ADJUSTMENT,3/4IN 28-207BAR,SAE,PILOT SPOOL,HYDRAULIC OIL SERVICE,115L/MIN,VITON SEAL"
647,258020,AGT,4301189612,2,FCA,Free Carrier,11139499 (1A30-01-V-S12S-E-B),"VLV,RLF:3/4IN,EXTERNAL ADJUSTMENT,PRESSU",DANFOSS,6015999,SOLAR TURBINES EUROPE SA,1A30-01-V-S12S-E-B,2020-04-30,2.0,EA,"USD 554,92",1109.84,USD,40141606,Relief valves,Ordered,Open,#,Material,Gated,0.0,554.92,"VALVE,RELIEF: 3/4IN, EXTERNAL ADJUSTMENT, PRESSURE PILOT OPERATED OPERATED, PORT CONNECTOR,VITON SEAL"
648,260107,AGT,4301195587,1,FCA,Free Carrier,11205314 (1077347-3T021),"FILTER,FUEL:COLSNG",SOLAR TURBINES,6015999,SOLAR TURBINES EUROPE SA,1077347-3T021,2020-05-27,1.0,EA,"USD 36.951,94",36951.94,USD,40161513,Fuel filters,Ordered,Open,#,Material,Gated,1.0,36951.94,"FILTER,FUEL:COALESCING"
649,260240,AGT,4301196603,1,FCA,Free Carrier,11205314 (1077347-3T021),"COALESCER:SEPARATOR,LIQUID FUEL",SOLAR TURBINES,6015999,SOLAR TURBINES EUROPE SA,1077347-3T021,2020-05-31,4.0,EA,"USD 36.951,94",147807.76,USD,40161513,Fuel filters,Ordered,Open,#,Material,Gated,4.0,36951.94,"COALESCER: SEPARATOR, LIQUID FUEL"
650,262207,AGT,4301203324,10,FCA,Free Carrier,11103459 (700616C1),"CLAMP,FLANGE:SPLT,MATERIAL: 316 STAINLES",SOLAR TURBINES,6015999,SOLAR TURBINES EUROPE SA,700616C1,2020-07-01,62.0,EA,"USD 30,08",1864.96,USD,31162900,Clamps ,Ordered,Open,#,Material,Gated,0.0,30.080000000000002,"CLAMP,FLANGE: SPLIT, MATERIAL: 316 STAINLESS STEEL, SIZE: 1.5IN"
651,262229,AGT,4301203333,1,FCA,Free Carrier,10007861 (903249C1),"O-RNG:2-237,3-5/8IN,1/8IN,3.359IN,0.139I",SOLAR TURBINES,6015999,SOLAR TURBINES EUROPE SA,903249C1,2020-07-01,10.0,EA,"USD 10,02",100.2,USD,31181506,O ring gaskets,Ordered,Open,#,Material,Gated,0.0,10.02,"O-RING: 2-237, 3-5/8IN, 1/8IN, 3.359IN, 0.139IN, VITON, -20 TO 400 DEG F"
652,263245,AGT,4301205685,1,FCA,Free Carrier,D (50),SERVICE KIT FOR GAS TURBINE,Not Assigned,6015999,SOLAR TURBINES EUROPE SA,#,2020-07-14,5.0,EA,"USD 1,00",5.0,USD,23150000,Ind process EQPT,Ordered,Open,#,Material,Gated,0.0,1.0,Not assigned
653,264336,AGT,4301208760,1,FCA,Free Carrier,D (70),"CARD,VFD,POWERFLEX 755",Not Assigned,6015999,SOLAR TURBINES EUROPE SA,#,2020-07-29,1.0,EA,"USD 1.966,88",1966.88,USD,26111500,Kinetic power transm,Ordered,Open,#,Material,Gated,0.0,1966.88,Not assigned
654,264971,AGT,4301210281,4,FCA,Free Carrier,11103459 (700616C1),"CLAMP,FLANGE:SPLT,MATERIAL: 316 STAINLES",SOLAR TURBINES,6015999,SOLAR TURBINES EUROPE SA,700616C1,2020-08-06,4.0,EA,"USD 15,04",60.16,USD,31162900,Clamps ,Ordered,Open,#,Material,Gated,0.0,15.04,"CLAMP,FLANGE: SPLIT, MATERIAL: 316 STAINLESS STEEL, SIZE: 1.5IN"
655,267795,AGT,4301220262,1,FCA,Free Carrier,D (35),GUIDE PINS  / FT20003-2 SOLAR,Not Assigned,6015999,SOLAR TURBINES EUROPE SA,#,2020-10-07,1.0,EA,"USD 606,25",606.25,USD,26101500,Engines,Ordered,Open,#,Material,Gated,0.0,606.25,Not assigned
656,267800,AGT,4301220290,2,FCA,Free Carrier,D (139),PRESSURE RELIEF VALVE,Not Assigned,6015999,SOLAR TURBINES EUROPE SA,#,2020-10-07,1.0,EA,"USD 4.657,57",4657.57,USD,40141606,Relief valves,Ordered,Open,#,Material,Gated,0.0,4657.57,Not assigned
657,267801,AGT,4301220290,3,FCA,Free Carrier,D (75),PRESSURE SAFETY VALVE,Not Assigned,6015999,SOLAR TURBINES EUROPE SA,#,2020-10-27,1.0,EA,"USD 2.244,21",2244.21,USD,40141606,Relief valves,Ordered,Open,#,Material,Gated,0.0,2244.21,Not assigned
658,270521,AGT,4301227320,1,FCA,Free Carrier,10007939 (903316C1),"PLUG,SPARK:23.8MM DIA,MATERIAL: CARBON S",Not Assigned,6015999,SOLAR TURBINES EUROPE SA,903316C1,2020-11-18,2.0,PH,"USD 171,66",343.32,USD,26101732,Spark plugs,Ordered,Open,#,Material,Gated,0.0,171.66,"PLUG,SPARK: 23.8MM DIA, MATERIAL: CARBON STEEL, SUPPLY MEASURE: 2/PACK"
659,270522,AGT,4301227320,2,FCA,Free Carrier,10007939 (903316C1),"PLUG,SPARK:23.8MM DIA,MATERIAL: CARBON S",Not Assigned,6015999,SOLAR TURBINES EUROPE SA,903316C1,2020-11-18,8.0,PH,"USD 171,66",1373.28,USD,26101732,Spark plugs,Ordered,Open,#,Material,Gated,0.0,171.66,"PLUG,SPARK: 23.8MM DIA, MATERIAL: CARBON STEEL, SUPPLY MEASURE: 2/PACK"
660,272080,AGT,4301230132,1,FCA,Free Carrier,D (120),SOLAR LAPTOP.,Not Assigned,6015999,SOLAR TURBINES EUROPE SA,#,2020-12-08,1.0,EA,"USD 17.231,31",17231.31,USD,43211503,Notebook computers,Ordered,Open,#,Material,Gated,1.0,17231.31,Not assigned
661,272296,AGT,4301230629,2,FCA,Free Carrier,11045516 (1077443-202),ACCLRMTR:25MV/G,SOLAR TURBINES,6015999,SOLAR TURBINES EUROPE SA,1077443-202,2020-12-10,1.0,EA,"USD 1.542,33",1542.33,USD,41113639,Accelerometers,Ordered,Open,#,Material,Fastrack,0.0,1542.33,ACCELEROMETER: 25MV/G
662,274551,AGT,4301235400,1,FCA,Free Carrier,36024190 (1053923-160),"SWTCH,PRESSURE/VACUUM:AIR,WTR,5000 PSIG",SOLAR TURBINES,6015999,SOLAR TURBINES EUROPE SA,1053923-160,2021-01-12,1.0,EA,"USD 355,09",355.09,USD,39121506,Pressure switches,Ordered,Open,#,Material,Gated,0.0,355.09,"SWITCH,PRESSURE/VACUUM: AIR, WATER, 5000 PSIG RANGE, 125V, DPDT, 2 POLE"
663,275798,AGT,4301238344,1,FCA,Free Carrier,10878279 (903243C1),"O-RNG:214,VITON,3.53MM THK,24.99MM,SAE",SOLAR TURBINES,6015999,SOLAR TURBINES EUROPE SA,903243C1,2021-01-28,1.0,EA,"USD 11,25",11.25,USD,31181506,O ring gaskets,Ordered,Open,#,Material,Gated,1.0,11.25,"O-RING: 214,VITON,3.53MM THK,24.99MM,SAE"
664,276596,AGT,4301239190,2,FCA,Free Carrier,11183676 (1056862-1),PLATE,SOLAR TURBINES,6015999,SOLAR TURBINES EUROPE SA,1056862-1,2021-02-02,1.0,EA,"USD 34,59",34.59,USD,30102200,Plate,Ordered,Open,#,Material,Gated,0.0,34.59,PLATE
665,278040,AGT,4301242002,1,FCA,Free Carrier,11522473 (981800C1),"BOLT:HX HD,1/4IN DIA,20 UNC,3/4IN LG,316",SOLAR TURBINES,6015999,SOLAR TURBINES EUROPE SA,981800C1,2021-02-19,1.0,PH,"USD 6,80",6.8,USD,31161600,Bolts,Ordered,Open,#,Material,Gated,1.0,6.8,"BOLT: HEX HD, 1/4IN DIA, 20 UNC, 3/4IN LG, 316 SS, GR B8M"
666,278883,AGT,4301243576,1,FCA,Free Carrier,11599279 (1941973-1),"SWTCH,LIMIT:PROX,MAG",SOLAR TURBINES,6015999,SOLAR TURBINES EUROPE SA,1941973-1,2021-03-02,1.0,EA,"USD 18,97",18.97,USD,39121509,Limit switches,Ordered,Open,#,Material,Gated,1.0,18.97,"SWITCH,LIMIT: PROXIMITY, MAGNETIC"
667,278973,AGT,4301243867,1,FCA,Free Carrier,D (33),HEAT BLANKET FOR SDB MPG A,Not Assigned,6015999,SOLAR TURBINES EUROPE SA,#,2021-03-03,1.0,EA,"USD 2.472,35",2472.35,USD,26101506,Turbine engines,Ordered,Open,#,Material,Gated,1.0,2472.35,Not assigned
668,279507,AGT,4301244732,11,FCA,Free Carrier,11603600 (1620356-34),"METER:V,ANALOG,RANGE: 0 TO 15KV",SOLAR TURBINES,6015999,SOLAR TURBINES EUROPE SA,1620356-34,2021-03-09,1.0,EA,"USD 239,08",239.08,USD,41112500,LIQ/gas flow meas in,Ordered,Open,#,Material,Gated,1.0,239.08,"METER: VOLT, ANALOG, RANGE: 0 TO 15KV"
669,279508,AGT,4301244732,12,FCA,Free Carrier,11603590 (1060045-92),"CPLG,SHFT:CUSHION",SOLAR TURBINES,6015999,SOLAR TURBINES EUROPE SA,1060045-92,2021-03-09,1.0,EA,"USD 612,66",612.66,USD,31163000,Couplings,Ordered,Open,#,Material,Gated,1.0,612.66,"COUPLING,SHAFT: CUSHION"
670,279510,AGT,4301244732,14,FCA,Free Carrier,11603580 (1110429-1801),"STARTER,ELEC MTR",SOLAR TURBINES,6015999,SOLAR TURBINES EUROPE SA,1110429-1801,2021-03-09,1.0,EA,"USD 23.724,70",23724.7,USD,39121500,Switches/CTRL/Relay,Ordered,Open,#,Material,Gated,1.0,23724.7,"STARTER,ELECTRIC MOTOR"
671,279511,AGT,4301244732,16,FCA,Free Carrier,11524139 (1616418-1),"METER:FREQ,FREQUENCY: 45-55HZ",SOLAR TURBINES,6015999,SOLAR TURBINES EUROPE SA,1616418-1,2021-07-06,1.0,EA,"USD 491,45",491.45,USD,41112500,LIQ/gas flow meas in,Ordered,Open,#,Material,Gated,1.0,491.45,"METER: FREQUENCY, FREQUENCY: 45-55HZ"
672,279512,AGT,4301244732,2,FCA,Free Carrier,11603617 (603348C1),"KIT:REP,SEAL SEAT,BALL",SOLAR TURBINES,6015999,SOLAR TURBINES EUROPE SA,603348C1,2021-03-09,1.0,EA,"USD 114,45",114.45,USD,23150000,Ind process EQPT,Ordered,Open,#,Material,Gated,1.0,114.45,"KIT: REPAIR, SEAL SEAT, BALL"
673,279513,AGT,4301244732,3,FCA,Free Carrier,36500881175 (1018121),"CPLG,PIPE:FLEX,STRGT,2IN",SOLAR TURBINES,6015999,SOLAR TURBINES EUROPE SA,1018121,2021-03-09,1.0,EA,"USD 170,76",170.76,USD,40142300,Pipe fittings,Ordered,Open,#,Material,Gated,1.0,170.76,"COUPLING,PIPE: FLEXIBLE, STRAIGHT, 2IN"
674,279514,AGT,4301244732,4,FCA,Free Carrier,11603620 (998591C1),"PUMP:HYD,BACKUP",SOLAR TURBINES,6015999,SOLAR TURBINES EUROPE SA,998591C1,2021-03-09,1.0,EA,"USD 2.876,13",2876.13,USD,40151500,Pumps,Ordered,Open,#,Material,Gated,1.0,2876.13,"PUMP: HYDRAULIC, BACKUP"
675,279515,AGT,4301244732,5,FCA,Free Carrier,11603599 (1614318-1),SNCHROSCP:50HZ,SOLAR TURBINES,6015999,SOLAR TURBINES EUROPE SA,1614318-1,2021-03-09,1.0,EA,"USD 1.201,97",1201.97,USD,41110000,Measuring instrument,Ordered,Open,#,Material,Gated,1.0,1201.97,SYNCHROSCOPE: 50HZ
676,279516,AGT,4301244732,6,FCA,Free Carrier,1184177 (1015168-1),"VLV,BALL:1/2IN,HND OPERATED",SOLAR TURBINES,6015999,SOLAR TURBINES EUROPE SA,1015168-1,2021-03-09,4.0,EA,"USD 71,56",286.24,USD,40141607,Ball valves,Ordered,Open,#,Material,Gated,4.0,71.56,"VALVE,BALL: 1/2IN, HAND OPERATED"
677,279517,AGT,4301244732,7,FCA,Free Carrier,11603608 (1078325-17),"FLTR:HYDROPHOBIC,DETECTOR",SOLAR TURBINES,6015999,SOLAR TURBINES EUROPE SA,1078325-17,2021-03-09,1.0,EA,"USD 148,86",148.86,USD,40161500,Filters,Ordered,Open,#,Material,Gated,1.0,148.86,"FILTER: HYDROPHOBIC, DETECTOR"
678,279519,AGT,4301244732,9,FCA,Free Carrier,11603585 (1013121-39),"TRANSMITTER,DIFF PRES:25IN WC",SOLAR TURBINES,6015999,SOLAR TURBINES EUROPE SA,1013121-39,2021-03-09,1.0,EA,"USD 2.282,74",2282.74,USD,41112410,Pressure transmitter,Ordered,Open,#,Material,Gated,1.0,2282.74,"TRANSMITTER,DIFFERENTIAL PRESSURE: 25IN WC"
679,279529,AGT,4301244751,5,FCA,Free Carrier,11069188 (1121023-3),SWTCH:INTERLOCK,SOLAR TURBINES,6015999,SOLAR TURBINES EUROPE SA,1121023-3,2021-03-09,1.0,EA,"USD 4.162,22",4162.22,USD,39121500,Switches/CTRL/Relay,Ordered,Open,#,Material,Gated,1.0,4162.22,"MATERIAL COMMODITY, AGT O&M OEM SPARES & AFTERMARKET SVCS SWITCH: INTERLOCK"
680,280699,AGT,4301247657,1,FCA,Free Carrier,11603609 (2027331-13),"MOTOR,AC:ELEC,7.5HP OUTPUT,380 TO 480V",SOLAR TURBINES,6015999,SOLAR TURBINES EUROPE SA,2027331-13,2021-03-29,1.0,EA,"USD 8.349,94",8349.94,USD,26101100,Electrical AC motors,Ordered,Open,#,Material,Gated,1.0,8349.94,"MOTOR,AC: ELECTRIC, 7.5HP OUTPUT, 380 TO 480V"
681,281218,AGT,4301248413,1,FCA,Free Carrier,11103459 (700616C1),"CLAMP,FLANGE:SPLT,MATERIAL: 316 STAINLES",SOLAR TURBINES,6015999,SOLAR TURBINES EUROPE SA,700616C1,2021-04-01,16.0,EA,"USD 31,60",505.6,USD,31162900,Clamps ,Ordered,Open,#,Material,Gated,0.0,31.6,"CLAMP,FLANGE: SPLIT, MATERIAL: 316 STAINLESS STEEL, SIZE: 1.5IN"
682,281219,AGT,4301248413,2,FCA,Free Carrier,10007861 (903249C1),"O-RNG:2-237,3-5/8IN,1/8IN,3.359IN,0.139I",SOLAR TURBINES,6015999,SOLAR TURBINES EUROPE SA,903249C1,2021-04-01,1.0,EA,"USD 10,02",10.02,USD,31181506,O ring gaskets,Ordered,Open,#,Material,Gated,0.0,10.02,"O-RING: 2-237, 3-5/8IN, 1/8IN, 3.359IN, 0.139IN, VITON, -20 TO 400 DEG F"
683,281591,AGT,4301249232,1,FCA,Free Carrier,11103459 (700616C1),"CLAMP,FLANGE:SPLT,MATERIAL: 316 STAINLES",SOLAR TURBINES,6015999,SOLAR TURBINES EUROPE SA,700616C1,2021-04-08,8.0,EA,"USD 31,60",252.8,USD,31162900,Clamps ,Ordered,Open,#,Material,Gated,0.0,31.6,"CLAMP,FLANGE: SPLIT, MATERIAL: 316 STAINLESS STEEL, SIZE: 1.5IN"
684,281592,AGT,4301249232,2,FCA,Free Carrier,10007861 (903249C1),"O-RNG:2-237,3-5/8IN,1/8IN,3.359IN,0.139I",SOLAR TURBINES,6015999,SOLAR TURBINES EUROPE SA,903249C1,2021-04-08,1.0,EA,"USD 10,02",10.02,USD,31181506,O ring gaskets,Ordered,Open,#,Material,Gated,0.0,10.02,"O-RING: 2-237, 3-5/8IN, 1/8IN, 3.359IN, 0.139IN, VITON, -20 TO 400 DEG F"
685,281940,AGT,4301249738,1,FCA,Free Carrier,11045710 (1332282-1),"JOINT,EXPNSN:EXHAUST,60 WD X 37IN HT,94I",SOLAR TURBINES,6015999,SOLAR TURBINES EUROPE SA,1332282-1,2021-04-12,1.0,EA,"USD 7.666,38",7666.38,USD,20121409,Completion EXP JTs,Ordered,Open,#,Material,Gated,1.0,7666.38,"JOINT,EXPANSION: EXHAUST, 60 WD X 37IN HT, 94IN LG LG"
686,282991,AGT,4301251508,1,FCA,Free Carrier,10007861 (903249C1),"O-RNG:2-237,3-5/8IN,1/8IN,3.359IN,0.139I",SOLAR TURBINES,6015999,SOLAR TURBINES EUROPE SA,903249C1,2021-04-22,1.0,EA,"USD 10,02",10.02,USD,31181506,O ring gaskets,Ordered,Open,#,Material,Gated,1.0,10.02,"O-RING: 2-237, 3-5/8IN, 1/8IN, 3.359IN, 0.139IN, VITON, -20 TO 400 DEG F"
687,282992,AGT,4301251508,2,FCA,Free Carrier,11103459 (700616C1),"CLAMP,FLANGE:SPLT,MATERIAL: 316 STAINLES",SOLAR TURBINES,6015999,SOLAR TURBINES EUROPE SA,700616C1,2021-04-22,4.0,EA,"USD 31,60",126.4,USD,31162900,Clamps ,Ordered,Open,#,Material,Gated,4.0,31.6,"CLAMP,FLANGE: SPLIT, MATERIAL: 316 STAINLESS STEEL, SIZE: 1.5IN"
688,283437,AGT,4301252122,10,FCA,Free Carrier,11603581 (1110429-1901),"STARTER,ELEC MTR",SOLAR TURBINES,6015999,SOLAR TURBINES EUROPE SA,1110429-1901,2021-04-27,1.0,EA,"USD 22.076,19",22076.19,USD,39121500,Switches/CTRL/Relay,Ordered,Open,#,Material,Gated,1.0,22076.19,"STARTER,ELECTRIC MOTOR"
689,283438,AGT,4301252122,11,FCA,Free Carrier,11069187 (1121023-2),SWTCH:INTERLOCK,SOLAR TURBINES,6015999,SOLAR TURBINES EUROPE SA,1121023-2,2021-04-27,1.0,EA,"USD 4.162,22",4162.22,USD,39121500,Switches/CTRL/Relay,Ordered,Open,#,Material,Gated,1.0,4162.22,SWITCH: INTERLOCK
690,283439,AGT,4301252122,13,FCA,Free Carrier,11603615 (602994C1),"KIT:REP,REGLTR",SOLAR TURBINES,6015999,SOLAR TURBINES EUROPE SA,602994C1,2021-07-06,1.0,EA,"USD 675,39",675.39,USD,23150000,Ind process EQPT,Ordered,Open,#,Material,Gated,1.0,675.39,"KIT: REPAIR, REGULATOR"
691,283440,AGT,4301252122,2,FCA,Free Carrier,11603575 (602844C1),"SEAL,OIL:LIP",SOLAR TURBINES,6015999,SOLAR TURBINES EUROPE SA,602844C1,2021-04-27,1.0,EA,"USD 64,55",64.55,USD,31181600,Seals,Ordered,Open,#,Material,Gated,1.0,64.55,"SEAL,OIL: LIP"
692,283441,AGT,4301252122,3,FCA,Free Carrier,11603619 (603350C1),"VLV,CHK:1/4IN,BALL",SOLAR TURBINES,6015999,SOLAR TURBINES EUROPE SA,603350C1,2021-04-27,1.0,EA,"USD 112,46",112.46,USD,40141600,Valves,Ordered,Open,#,Material,Gated,1.0,112.46,"VALVE,CHECK: 1/4IN, BALL"
693,283443,AGT,4301252122,5,FCA,Free Carrier,11603576 (603006C1),"GSKT:SS,GRADE: 316,CONNECTION: FULL FACE",SOLAR TURBINES,6015999,SOLAR TURBINES EUROPE SA,603006C1,2021-04-27,2.0,EA,"USD 16,32",32.64,USD,31181500,Gaskets,Ordered,Open,#,Material,Gated,2.0,16.32,"GASKET: STAINLESS STEEL, GRADE: 316, CONNECTION: FULL FACE"
694,283444,AGT,4301252122,6,FCA,Free Carrier,11603613 (601965C1),BUSHING:INNER,SOLAR TURBINES,6015999,SOLAR TURBINES EUROPE SA,601965C1,2021-04-27,1.0,EA,"USD 312,78",312.78,USD,31171600,Bushings,Ordered,Open,#,Material,Gated,1.0,312.78,BUSHING: INNER
695,283445,AGT,4301252122,7,FCA,Free Carrier,11603616 (603080C1),"FLTR,ELMNT:WIRE MESH",SOLAR TURBINES,6015999,SOLAR TURBINES EUROPE SA,603080C1,2021-04-27,1.0,EA,"USD 1.043,29",1043.29,USD,40161500,Filters,Ordered,Open,#,Material,Gated,1.0,1043.29,"FILTER,ELEMENT: WIRE MESH"
696,283446,AGT,4301252122,8,FCA,Free Carrier,11603607 (602767C1),"VLV,RLF:1IN",SOLAR TURBINES,6015999,SOLAR TURBINES EUROPE SA,602767C1,2021-04-27,1.0,EA,"USD 2.277,87",2277.87,USD,40141606,Relief valves,Ordered,Open,#,Material,Gated,1.0,2277.87,"VALVE,RELIEF: 1IN"
697,283447,AGT,4301252122,9,FCA,Free Carrier,11603589 (1059700-13),"VLV,CHK:3IN",SOLAR TURBINES,6015999,SOLAR TURBINES EUROPE SA,1059700-13,2021-04-27,1.0,EA,"USD 1.008,60",1008.6,USD,40141600,Valves,Ordered,Open,#,Material,Gated,1.0,1008.6,"VALVE,CHECK: 3IN"
698,284522,AGT,4301254053,1,FCA,Free Carrier,11183676 (1056862-1),PLATE,SOLAR TURBINES,6015999,SOLAR TURBINES EUROPE SA,1056862-1,2021-05-08,53.0,EA,"USD 34,59",1833.27,USD,30102200,Plate,Ordered,Open,#,Material,Gated,53.0,34.589999999999996,PLATE
699,284523,AGT,4301254053,2,FCA,Free Carrier,11532079 (1077347-1),"FLTR,CRTDG:COALESCER,CYLDCL,LIQUID FUEL",SOLAR TURBINES,6015999,SOLAR TURBINES EUROPE SA,1077347-1,2021-05-08,1.0,EA,"USD 1.251,96",1251.96,USD,40161500,Filters,Ordered,Open,#,Material,Gated,1.0,1251.96,"FILTER,CARTRIDGE: COALESCER, CYLINDRICAL, LIQUID FUEL, 3U, ZINC PLATED FIBERGLASS ELEMENT, 10PPMW OUTLET AND 500PPMW MAX INLET, SIZE: 126 X 580MM"
700,285520,AGT,4301255849,1,FCA,Free Carrier,10007861 (903249C1),"O-RNG:2-237,3-5/8IN,1/8IN,3.359IN,0.139I",SOLAR TURBINES,6015999,SOLAR TURBINES EUROPE SA,903249C1,2021-05-24,1.0,EA,"USD 10,02",10.02,USD,31181506,O ring gaskets,Ordered,Open,#,Material,Gated,1.0,10.02,"O-RING: 2-237, 3-5/8IN, 1/8IN, 3.359IN, 0.139IN, VITON, -20 TO 400 DEG F"
701,285521,AGT,4301255849,2,FCA,Free Carrier,11103459 (700616C1),"CLAMP,FLANGE:SPLT,MATERIAL: 316 STAINLES",SOLAR TURBINES,6015999,SOLAR TURBINES EUROPE SA,700616C1,2021-05-24,1.0,EA,"USD 31,60",31.6,USD,31162900,Clamps ,Ordered,Open,#,Material,Gated,1.0,31.6,"CLAMP,FLANGE: SPLIT, MATERIAL: 316 STAINLESS STEEL, SIZE: 1.5IN"
702,286205,AGT,4301256824,1,FCA,Free Carrier,204761-100 (47) B,BLEED VALVE FLEXIBLE HOSE,Not Assigned,6015999,SOLAR TURBINES EUROPE SA,204761-100,2021-05-27,1.0,EA,"USD 24.638,98",24638.98,USD,40141600,Valves,Ordered,Open,#,Material,Gated,1.0,24638.98,"VALVE,CONTROL,GAS FUEL"
703,286467,AGT,4301257565,1,FCA,Free Carrier,36500879041 (997427C1),"VALVE,SOLENOID:1/32 ORIFICE,24VDC,22W,30",PARKER-HANNIFIN,6015999,SOLAR TURBINES EUROPE SA,997427C1,2021-06-03,1.0,EA,"USD 2.000,23",2000.23,USD,40141605,Solenoid valves,Ordered,Open,#,Material,Gated,1.0,2000.23,"VALVE,SOLENOID: 1/32 ORIFICE,24VDC,22W,3000PSI,NITROGEN,W/ GAUGE,ATEX"
704,286477,AGT,4301257583,1,FCA,Free Carrier,10007861 (903249C1),"O-RNG:2-237,3-5/8IN,1/8IN,3.359IN,0.139I",SOLAR TURBINES,6015999,SOLAR TURBINES EUROPE SA,903249C1,2021-06-03,1.0,EA,"USD 10,02",10.02,USD,31181506,O ring gaskets,Ordered,Open,#,Material,Gated,1.0,10.02,"O-RING: 2-237, 3-5/8IN, 1/8IN, 3.359IN, 0.139IN, VITON, -20 TO 400 DEG F"
705,286867,AGT,4301258277,1,FCA,Free Carrier,36500878730 (1064728-6),"KIT:ACCY,SRVC,LUBE OIL FILTER,3 X FILTER",SOLAR TURBINES,6015999,SOLAR TURBINES EUROPE SA,1064728-6,2021-06-08,2.0,EA,"USD 379,82",759.64,USD,23150000,Ind process EQPT,Ordered,Open,#,Material,Gated,2.0,379.82,"KIT: ACCESSORY, SERVICE, LUBE OIL FILTER, 3 X FILTER ELEMENT, LID O-RING 6034980"
706,286868,AGT,4301258277,2,FCA,Free Carrier,36500878730 (1064728-6),"KIT:ACCY,SRVC,LUBE OIL FILTER,3 X FILTER",SOLAR TURBINES,6015999,SOLAR TURBINES EUROPE SA,1064728-6,2021-06-08,2.0,EA,"USD 379,82",759.64,USD,23150000,Ind process EQPT,Ordered,Open,#,Material,Gated,2.0,379.82,"KIT: ACCESSORY, SERVICE, LUBE OIL FILTER, 3 X FILTER ELEMENT, LID O-RING 6034980"
707,287969,AGT,4301260250,1,FCA,Free Carrier,11603618 (603349C1),"KIT:REP,SEAT,SEAL STEM,BALL",SOLAR TURBINES,6015999,SOLAR TURBINES EUROPE SA,603349C1,2021-06-22,1.0,EA,"USD 145,25",145.25,USD,23150000,Ind process EQPT,Ordered,Open,#,Material,Gated,1.0,145.25,"KIT: REPAIR, SEAT, SEAL STEM, BALL"
708,287970,AGT,4301260250,2,FCA,Free Carrier,11603588 (1052168-16),"TRANSMITTER,PRES:4000PSI",SOLAR TURBINES,6015999,SOLAR TURBINES EUROPE SA,1052168-16,2021-06-22,1.0,EA,"USD 1.849,06",1849.06,USD,41112410,Pressure transmitter,Ordered,Open,#,Material,Gated,1.0,1849.06,"TRANSMITTER,PRESSURE: 4000PSI"
709,287971,AGT,4301260250,3,FCA,Free Carrier,11603577 (603857C1),FUSE:5A,SOLAR TURBINES,6015999,SOLAR TURBINES EUROPE SA,603857C1,2021-06-22,3.0,EA,"USD 0,81",2.43,USD,39121600,Circuit protection,Ordered,Open,#,Material,Gated,3.0,0.81,FUSE: 5A
710,287972,AGT,4301260250,4,FCA,Free Carrier,11069186 (1121023-1),SWTCH:INTERLOCK,SOLAR TURBINES,6015999,SOLAR TURBINES EUROPE SA,1121023-1,2021-06-22,1.0,EA,"USD 3.375,32",3375.32,USD,39121500,Switches/CTRL/Relay,Ordered,Open,#,Material,Gated,1.0,3375.32,SWITCH: INTERLOCK
711,287974,AGT,4301260250,8,FCA,Free Carrier,11603611 (186479-14),"MOTOR,AC:ELEC,1.2HP OUTPUT,110DCV",SOLAR TURBINES,6015999,SOLAR TURBINES EUROPE SA,186479-14,2021-06-22,1.0,EA,"USD 25.605,86",25605.86,USD,26101100,Electrical AC motors,Ordered,Open,#,Material,Gated,1.0,25605.86,"MOTOR,AC: ELECTRIC, 1.2HP OUTPUT, 110DCV"
712,287975,AGT,4301260250,9,FCA,Free Carrier,11603598 (1565287-36),"AMMETER:ANALOG,0 TO 1250A",SOLAR TURBINES,6015999,SOLAR TURBINES EUROPE SA,1565287-36,2021-06-22,1.0,EA,"USD 225,14",225.14,USD,41113601,Ammeters,Ordered,Open,#,Material,Gated,1.0,225.14,"AMMETER: ANALOG, 0 TO 1250A"
713,288512,AGT,4301260867,1,FCA,Free Carrier,11603612 (601492C1),"PUMP,SUB:MEDIA: LUBE OIL",SOLAR TURBINES,6015999,SOLAR TURBINES EUROPE SA,601492C1,2021-06-25,1.0,EA,"USD 3.596,98",3596.98,USD,40151513,Submersible pumps,Ordered,Open,#,Material,Gated,1.0,3596.98,"PUMP,SUBMERSIBLE: MEDIA: LUBE OIL"
714,288513,AGT,4301260867,2,FCA,Free Carrier,11603591 (1060045-96),"CPLG,SHFT:CUSHION",SOLAR TURBINES,6015999,SOLAR TURBINES EUROPE SA,1060045-96,2021-06-25,1.0,EA,"USD 756,38",756.38,USD,31163000,Couplings,Ordered,Open,#,Material,Gated,1.0,756.38,"COUPLING,SHAFT: CUSHION"
715,288514,AGT,4301260867,3,FCA,Free Carrier,11603593 (1063401-5),"VLV,RLF:3/4IN,3000PSI",SOLAR TURBINES,6015999,SOLAR TURBINES EUROPE SA,1063401-5,2021-06-25,1.0,EA,"USD 604,34",604.34,USD,40141606,Relief valves,Ordered,Open,#,Material,Gated,1.0,604.34,"VALVE,RELIEF: 3/4IN, 3000PSI"
716,288515,AGT,4301260867,4,FCA,Free Carrier,11603614 (602431C1),"SWTCH:SELCTR,230V,10A,NUMBER OF POSITION",SOLAR TURBINES,6015999,SOLAR TURBINES EUROPE SA,602431C1,2021-06-25,1.0,EA,"USD 2.012,93",2012.93,USD,39121500,Switches/CTRL/Relay,Ordered,Open,#,Material,Gated,1.0,2012.93,"SWITCH: SELECTOR, 230V, 10A, NUMBER OF POSITIONS: 2"
717,288516,AGT,4301260867,5,FCA,Free Carrier,11603601 (1620357-316),"METER:W,ANALOG,21000KW/KVAR",SOLAR TURBINES,6015999,SOLAR TURBINES EUROPE SA,1620357-316,2021-07-01,1.0,EA,"USD 551,41",551.41,USD,41112500,LIQ/gas flow meas in,Ordered,Open,#,Material,Gated,1.0,551.41,"METER: WATT, ANALOG, 21000KW/KVAR"
718,288523,AGT,4301261062,1,FCA,Free Carrier,11025616 (186560-1600),"KIT:FLTR,FILTER ELEMENT",SOLAR TURBINES,6015999,SOLAR TURBINES EUROPE SA,186560-1600,2021-06-28,1.0,EA,"USD 733,19",733.19,USD,23150000,Ind process EQPT,Ordered,Open,#,Material,Gated,1.0,733.19,"KIT: FILTER, FILTER ELEMENT"
719,290022,AGT,4301263333,1,FCA,Free Carrier,D (74),"DUCT ASSY, P/N:30516-0",Not Assigned,6015999,SOLAR TURBINES EUROPE SA,#,2021-07-13,1.0,EA,"USD 406,40",406.4,USD,26101506,Turbine engines,Ordered,Open,#,Material,Gated,1.0,406.4,"MATERIAL COMMODITY, AGT O&M OEM SPARES & AFTERMARKET SVCS"
720,290023,AGT,4301263333,2,FCA,Free Carrier,D (84),"HOSE, P/N: 915843C1 - 1""",Not Assigned,6015999,SOLAR TURBINES EUROPE SA,#,2021-07-13,1.0,EA,"USD 471,73",471.73,USD,26101506,Turbine engines,Ordered,Open,#,Material,Gated,1.0,471.73,"MATERIAL COMMODITY, AGT O&M OEM SPARES & AFTERMARKET SVCS"
721,290024,AGT,4301263333,3,FCA,Free Carrier,D (22),"O-RING, P/N: 903732C1 - 2""",Not Assigned,6015999,SOLAR TURBINES EUROPE SA,#,2021-07-13,1.0,EA,"USD 13,80",13.8,USD,26101506,Turbine engines,Ordered,Open,#,Material,Gated,1.0,13.8,"MATERIAL COMMODITY, AGT O&M OEM SPARES & AFTERMARKET SVCS"
722,290025,AGT,4301263333,4,FCA,Free Carrier,D (85),"HOSE  ASSY, P/N: 1801265",Not Assigned,6015999,SOLAR TURBINES EUROPE SA,#,2021-07-13,1.0,EA,"USD 1.110,27",1110.27,USD,26101506,Turbine engines,Ordered,Open,#,Material,Gated,1.0,1110.27,"MATERIAL COMMODITY, AGT O&M OEM SPARES & AFTERMARKET SVCS"
723,290026,AGT,4301263333,5,FCA,Free Carrier,D (143),"HOSE ASSY,P/N: 11112894",Not Assigned,6015999,SOLAR TURBINES EUROPE SA,#,2021-07-13,2.0,EA,"USD 817,25",1634.5,USD,26101506,Turbine engines,Ordered,Open,#,Material,Gated,2.0,817.25,"MATERIAL COMMODITY, AGT O&M OEM SPARES & AFTERMARKET SVCS"
724,290027,AGT,4301263333,6,FCA,Free Carrier,D (126),"CLAMP, SPLIT FLANGE, P/N: 903157C1",Not Assigned,6015999,SOLAR TURBINES EUROPE SA,#,2021-07-13,1.0,EA,"USD 7,28",7.28,USD,26101506,Turbine engines,Ordered,Open,#,Material,Gated,1.0,7.28,"MATERIAL COMMODITY, AGT O&M OEM SPARES & AFTERMARKET SVCS"
725,290028,AGT,4301263333,7,FCA,Free Carrier,D (36),"HOSE, P/N: 909196C91",Not Assigned,6015999,SOLAR TURBINES EUROPE SA,#,2021-07-13,2.0,EA,"USD 312,08",624.16,USD,26101506,Turbine engines,Ordered,Open,#,Material,Gated,2.0,312.08,"MATERIAL COMMODITY, AGT O&M OEM SPARES & AFTERMARKET SVCS"
726,290029,AGT,4301263333,8,FCA,Free Carrier,D (140),"HOSE, P/N: 918506C1",Not Assigned,6015999,SOLAR TURBINES EUROPE SA,#,2021-07-13,1.0,EA,"USD 943,22",943.22,USD,26101506,Turbine engines,Ordered,Open,#,Material,Gated,1.0,943.22,"MATERIAL COMMODITY, AGT O&M OEM SPARES & AFTERMARKET SVCS"
727,290030,AGT,4301263333,9,FCA,Free Carrier,D (29),"HOSE ASSY, P/N:70-45061-48",Not Assigned,6015999,SOLAR TURBINES EUROPE SA,#,2021-07-13,2.0,EA,"USD 147,59",295.18,USD,26101506,Turbine engines,Ordered,Open,#,Material,Gated,2.0,147.59,"MATERIAL COMMODITY, AGT O&M OEM SPARES & AFTERMARKET SVCS"
728,290085,AGT,4301263530,1,FCA,Free Carrier,11591044 (1104894-3),"BOARD,PC:CARD,CONTROLNET INTERFACE",SOLAR TURBINES,6015999,SOLAR TURBINES EUROPE SA,1104894-3,2021-07-14,1.0,EA,"USD 510,87",510.87,USD,32101502,PCAs,Ordered,Open,#,Material,Gated,1.0,510.87,"BOARD,PRINTED CIRCUIT: CARD, CONTROLNET INTERFACE"
729,290087,AGT,4301263530,3,FCA,Free Carrier,11591042 (1104894-1),"BOARD,PC:CARD,INPUT AND OUTPUT",SOLAR TURBINES,6015999,SOLAR TURBINES EUROPE SA,1104894-1,2021-07-14,1.0,EA,"USD 235,97",235.97,USD,32101502,PCAs,Ordered,Open,#,Material,Gated,1.0,235.97,"BOARD,PRINTED CIRCUIT: CARD, INPUT AND OUTPUT"
730,290089,AGT,4301263530,5,FCA,Free Carrier,11591043 (1104894-2),"BOARD,PC:CARD,STANDARD: ATEX",SOLAR TURBINES,6015999,SOLAR TURBINES EUROPE SA,1104894-2,2021-07-14,1.0,EA,"USD 198,68",198.68,USD,32101502,PCAs,Ordered,Open,#,Material,Gated,1.0,198.68,"BOARD,PRINTED CIRCUIT: CARD, STANDARD: ATEX"
731,290281,AGT,4301264077,1,FCA,Free Carrier,962820C1 (61) B,"O-RING, 962820C1",SOLAR TURBINES,6015999,SOLAR TURBINES EUROPE SA,962820C1,2021-07-16,22.0,EA,"USD 1,13",24.86,USD,26111600,Power generators,Held,Open,#,Material,Gated,22.0,1.13,"MATERIAL COMMODITY, AGT O&M OEM SPARES & AFTERMARKET SVCS"
732,290282,AGT,4301264077,10,FCA,Free Carrier,70-45061-48 (50) B,"HOSE ASSY, P/N:70-45061-48",SOLAR TURBINES,6015999,SOLAR TURBINES EUROPE SA,70-45061-48,2021-07-16,4.0,EA,"USD 147,59",590.36,USD,26111600,Power generators,Held,Open,#,Material,Gated,4.0,147.59,"MATERIAL COMMODITY, AGT O&M OEM SPARES & AFTERMARKET SVCS"
733,290283,AGT,4301264077,11,FCA,Free Carrier,1095764 (26) B,"HOSE, (OLD P/N 1010035) 1095764",SOLAR TURBINES,6015999,SOLAR TURBINES EUROPE SA,1095764,2021-07-16,2.0,EA,"USD 785,21",1570.42,USD,26111600,Power generators,Held,Open,#,Material,Gated,2.0,785.21,"MATERIAL COMMODITY, AGT O&M OEM SPARES & AFTERMARKET SVCS"
734,290284,AGT,4301264077,12,FCA,Free Carrier,903157C1 (53) B,"CLAMP, SPLIT FLANGE, P/N:903157C1",SOLAR TURBINES,6015999,SOLAR TURBINES EUROPE SA,903157C1,2021-07-16,12.0,EA,"USD 1,00",12.0,USD,26111600,Power generators,Held,Open,#,Material,Gated,12.0,1.0,"MATERIAL COMMODITY, AGT O&M OEM SPARES & AFTERMARKET SVCS"
735,290285,AGT,4301264077,13,FCA,Free Carrier,T24C1025F090 (69) B,"HOSE ASSY, P/N:T24C1025F090",SOLAR TURBINES,6015999,SOLAR TURBINES EUROPE SA,T24C1025F090,2021-07-16,4.0,EA,"USD 1.209,05",4836.2,USD,26111600,Power generators,Held,Open,#,Material,Gated,4.0,1209.05,"MATERIAL COMMODITY, AGT O&M OEM SPARES & AFTERMARKET SVCS"
736,290286,AGT,4301264077,14,FCA,Free Carrier,903735C1 (57) B,"CLAMP.SPLIT FLANGE, P/N: 903735C1",SOLAR TURBINES,6015999,SOLAR TURBINES EUROPE SA,903735C1,2021-07-16,8.0,EA,"USD 1,00",8.0,USD,26111600,Power generators,Held,Open,#,Material,Gated,8.0,1.0,"MATERIAL COMMODITY, AGT O&M OEM SPARES & AFTERMARKET SVCS"
737,290287,AGT,4301264077,15,FCA,Free Carrier,1485080 (39) B,"HOSE ASSY,(OLD P/N T24C0945C00) 1485080",SOLAR TURBINES,6015999,SOLAR TURBINES EUROPE SA,1485080,2021-07-16,4.0,EA,"USD 1.252,82",5011.28,USD,26111600,Power generators,Held,Open,#,Material,Gated,4.0,1252.82,"MATERIAL COMMODITY, AGT O&M OEM SPARES & AFTERMARKET SVCS"
738,290288,AGT,4301264077,16,FCA,Free Carrier,700616C1 (51) B,"CLAMP, SPLIT FLANGE, 700616C1",SOLAR TURBINES,6015999,SOLAR TURBINES EUROPE SA,700616C1,2021-07-16,20.0,EA,"USD 1,00",20.0,USD,26111600,Power generators,Held,Open,#,Material,Gated,20.0,1.0,"MATERIAL COMMODITY, AGT O&M OEM SPARES & AFTERMARKET SVCS"
739,290289,AGT,4301264077,17,FCA,Free Carrier,1623130 (41) B,"HOSE ASSY,(OLD P/N T32C0975A00) 1623130",SOLAR TURBINES,6015999,SOLAR TURBINES EUROPE SA,1623130,2021-07-16,2.0,EA,"USD 1.359,89",2719.78,USD,26111600,Power generators,Held,Open,#,Material,Gated,2.0,1359.89,"MATERIAL COMMODITY, AGT O&M OEM SPARES & AFTERMARKET SVCS"
740,290290,AGT,4301264077,18,FCA,Free Carrier,1812369 (43) B,"HOSE ASSY,(OLD P/N N24C0818B180) 1812369",SOLAR TURBINES,6015999,SOLAR TURBINES EUROPE SA,1812369,2021-07-16,2.0,EA,"USD 1.588,03",3176.06,USD,26111600,Power generators,Held,Open,#,Material,Gated,2.0,1588.03,"MATERIAL COMMODITY, AGT O&M OEM SPARES & AFTERMARKET SVCS"
741,290291,AGT,4301264077,19,FCA,Free Carrier,1994076 (45) B,"HOSE ASSY,(OLD P/N T24B0605A000) 1994076",SOLAR TURBINES,6015999,SOLAR TURBINES EUROPE SA,1994076,2021-07-16,2.0,EA,"USD 1.069,43",2138.86,USD,26111600,Power generators,Held,Open,#,Material,Gated,2.0,1069.43,"MATERIAL COMMODITY, AGT O&M OEM SPARES & AFTERMARKET SVCS"
742,290292,AGT,4301264077,2,FCA,Free Carrier,1994075 (44) B,"HOSE ASSY,(OLD P/N T24A0525D000) 1994075",SOLAR TURBINES,6015999,SOLAR TURBINES EUROPE SA,1994075,2021-07-16,2.0,EA,"USD 1.265,00",2530.0,USD,26111600,Power generators,Held,Open,#,Material,Gated,2.0,1265.0,"MATERIAL COMMODITY, AGT O&M OEM SPARES & AFTERMARKET SVCS"
743,290293,AGT,4301264077,20,FCA,Free Carrier,950540C1 (60) B,"CLAMP, SPLIT FLANGE, 950540C1",SOLAR TURBINES,6015999,SOLAR TURBINES EUROPE SA,950540C1,2021-07-16,4.0,EA,"USD 1,00",4.0,USD,26111600,Power generators,Held,Open,#,Material,Gated,4.0,1.0,"MATERIAL COMMODITY, AGT O&M OEM SPARES & AFTERMARKET SVCS"
744,290294,AGT,4301264077,21,FCA,Free Carrier,1012219 (7) B,"HOSE ASSY, 1012219",SOLAR TURBINES,6015999,SOLAR TURBINES EUROPE SA,1012219,2021-07-16,4.0,EA,"USD 1.117,85",4471.4,USD,26111600,Power generators,Held,Open,#,Material,Gated,4.0,1117.85,"MATERIAL COMMODITY, AGT O&M OEM SPARES & AFTERMARKET SVCS"
745,290295,AGT,4301264077,22,FCA,Free Carrier,701643C1 (52) B,"WASHER, 5/8, 701643C1",SOLAR TURBINES,6015999,SOLAR TURBINES EUROPE SA,701643C1,2021-07-16,64.0,EA,"USD 1,00",64.0,USD,26111600,Power generators,Held,Open,#,Material,Gated,64.0,1.0,"MATERIAL COMMODITY, AGT O&M OEM SPARES & AFTERMARKET SVCS"
746,290296,AGT,4301264077,23,FCA,Free Carrier,980663C1 (64) B,"CLAMP, SPLIT FLANGE, 980663C1",SOLAR TURBINES,6015999,SOLAR TURBINES EUROPE SA,980663C1,2021-07-16,8.0,EA,"USD 1,00",8.0,USD,26111600,Power generators,Held,Open,#,Material,Gated,8.0,1.0,"MATERIAL COMMODITY, AGT O&M OEM SPARES & AFTERMARKET SVCS"
747,290297,AGT,4301264077,24,FCA,Free Carrier,1577034 (40) B,"HOSE,(OLD P/N 981950C1) 1577034",SOLAR TURBINES,6015999,SOLAR TURBINES EUROPE SA,1577034,2021-07-16,4.0,EA,"USD 1.961,42",7845.68,USD,26111600,Power generators,Held,Open,#,Material,Gated,4.0,1961.42,"MATERIAL COMMODITY, AGT O&M OEM SPARES & AFTERMARKET SVCS"
748,290298,AGT,4301264077,25,FCA,Free Carrier,1994077 (46) B,"HOSE ASSY,(OLD P/N T16B1000D000) 1994077",SOLAR TURBINES,6015999,SOLAR TURBINES EUROPE SA,1994077,2021-07-16,2.0,EA,"USD 933,01",1866.02,USD,26111600,Power generators,Held,Open,#,Material,Gated,2.0,933.01,"MATERIAL COMMODITY, AGT O&M OEM SPARES & AFTERMARKET SVCS"
749,290299,AGT,4301264077,26,FCA,Free Carrier,241671-1 (49) B,"DUCT ASSY, 241671-1",SOLAR TURBINES,6015999,SOLAR TURBINES EUROPE SA,241671-1,2021-07-16,2.0,EA,"USD 350,31",700.62,USD,26111600,Power generators,Held,Open,#,Material,Gated,2.0,350.31,"MATERIAL COMMODITY, AGT O&M OEM SPARES & AFTERMARKET SVCS"
750,290300,AGT,4301264077,27,FCA,Free Carrier,903732C1 (56) B,"O-RING, 903732C1",SOLAR TURBINES,6015999,SOLAR TURBINES EUROPE SA,903732C1,2021-07-16,38.0,EA,"USD 1,00",38.0,USD,26111600,Power generators,Held,Open,#,Material,Gated,38.0,1.0,"MATERIAL COMMODITY, AGT O&M OEM SPARES & AFTERMARKET SVCS"
751,290301,AGT,4301264077,28,FCA,Free Carrier,1107521 (29) B,"HOSE ASSY,(OLD P/N 970861C1-900) 1107521",SOLAR TURBINES,6015999,SOLAR TURBINES EUROPE SA,1107521,2021-07-16,2.0,EA,"USD 1.339,29",2678.58,USD,26111600,Power generators,Held,Open,#,Material,Gated,2.0,1339.29,"MATERIAL COMMODITY, AGT O&M OEM SPARES & AFTERMARKET SVCS"
752,290302,AGT,4301264077,29,FCA,Free Carrier,1151958 (32) B,"HOSE ASSY,(OLD P/N T16C0750D00) 1151958",SOLAR TURBINES,6015999,SOLAR TURBINES EUROPE SA,1151958,2021-07-16,4.0,EA,"USD 716,16",2864.64,USD,26111600,Power generators,Held,Open,#,Material,Gated,4.0,716.16,"MATERIAL COMMODITY, AGT O&M OEM SPARES & AFTERMARKET SVCS"
753,290303,AGT,4301264077,3,FCA,Free Carrier,1337723 (36) B,"HOSE, (OLD P/N 970859C1-900) 1337723",SOLAR TURBINES,6015999,SOLAR TURBINES EUROPE SA,1337723,2021-07-16,2.0,EA,"USD 1.268,64",2537.28,USD,26111600,Power generators,Held,Open,#,Material,Gated,2.0,1268.64,"MATERIAL COMMODITY, AGT O&M OEM SPARES & AFTERMARKET SVCS"
754,290304,AGT,4301264077,30,FCA,Free Carrier,1042405 (16) B,"HOSE ASSY,(OLD P/N T32C1025A00) 1042405",SOLAR TURBINES,6015999,SOLAR TURBINES EUROPE SA,1042405,2021-07-16,2.0,EA,"USD 823,19",1646.38,USD,26111600,Power generators,Held,Open,#,Material,Gated,2.0,823.19,"MATERIAL COMMODITY, AGT O&M OEM SPARES & AFTERMARKET SVCS"
755,290305,AGT,4301264077,31,FCA,Free Carrier,980556C1 (62) B,"CLAMP, SPLIT FLANGE, 980556C1",SOLAR TURBINES,6015999,SOLAR TURBINES EUROPE SA,980556C1,2021-07-16,40.0,EA,"USD 26,33",1053.2,USD,26111600,Power generators,Held,Open,#,Material,Gated,40.0,26.330000000000002,"MATERIAL COMMODITY, AGT O&M OEM SPARES & AFTERMARKET SVCS"
756,290306,AGT,4301264077,4,FCA,Free Carrier,1429105 (38) B,"HOSE ASSY,(OLD P/N T32C1225A00) 1429105",SOLAR TURBINES,6015999,SOLAR TURBINES EUROPE SA,1429105,2021-07-16,2.0,EA,"USD 1.439,13",2878.26,USD,26111600,Power generators,Held,Open,#,Material,Gated,2.0,1439.13,"MATERIAL COMMODITY, AGT O&M OEM SPARES & AFTERMARKET SVCS"
757,290307,AGT,4301264077,5,FCA,Free Carrier,1123010 (31) B,"HOSE ASSY, (OLD P/N T16C0875A00) 1123010",SOLAR TURBINES,6015999,SOLAR TURBINES EUROPE SA,1123010,2021-07-16,2.0,EA,"USD 971,76",1943.52,USD,26111600,Power generators,Held,Open,#,Material,Gated,2.0,971.76,"MATERIAL COMMODITY, AGT O&M OEM SPARES & AFTERMARKET SVCS"
758,290308,AGT,4301264077,6,FCA,Free Carrier,1377939 (37) B,"HOSE ASSY,(OLD P/N T32C1400A00) 1377939",SOLAR TURBINES,6015999,SOLAR TURBINES EUROPE SA,1377939,2021-07-16,2.0,EA,"USD 1.615,76",3231.52,USD,26111600,Power generators,Held,Open,#,Material,Gated,2.0,1615.76,"MATERIAL COMMODITY, AGT O&M OEM SPARES & AFTERMARKET SVCS"
759,290309,AGT,4301264077,7,FCA,Free Carrier,1050915 (20) B,"HOSE ASSY,(OLD P/N T32C0665A000) 1050915",SOLAR TURBINES,6015999,SOLAR TURBINES EUROPE SA,1050915,2021-07-16,2.0,EA,"USD 1.082,68",2165.36,USD,26111600,Power generators,Held,Open,#,Material,Gated,2.0,1082.68,"MATERIAL COMMODITY, AGT O&M OEM SPARES & AFTERMARKET SVCS"
760,290310,AGT,4301264077,8,FCA,Free Carrier,22558R1 (48) B,"BOLT, 5/8-11 X 2.25, 22558R1",SOLAR TURBINES,6015999,SOLAR TURBINES EUROPE SA,22558R1,2021-07-16,64.0,EA,"USD 1,00",64.0,USD,26111600,Power generators,Held,Open,#,Material,Gated,64.0,1.0,"MATERIAL COMMODITY, AGT O&M OEM SPARES & AFTERMARKET SVCS"
761,290311,AGT,4301264077,9,FCA,Free Carrier,1812368 (42) B,"HOSE ASSY,(OLD P/N N24C0558B180) 1812368",SOLAR TURBINES,6015999,SOLAR TURBINES EUROPE SA,1812368,2021-07-16,2.0,EA,"USD 1.536,71",3073.42,USD,26111600,Power generators,Held,Open,#,Material,Gated,2.0,1536.71,"MATERIAL COMMODITY, AGT O&M OEM SPARES & AFTERMARKET SVCS"
